season,competition_scope,player_name,nationality,position,squad,age,born,appearances,starts,minutes,nineties,goals,assists,penalty_goals,penalty_attempts,own_goals,yellow_cards,red_cards,xg,npxg,xag,progressive_carries,progressive_passes,progressive_receives,shots,shots_on_target,passes_completed,passes_attempted,pass_accuracy,key_passes,crosses,tackles,tackles_won,interceptions,clearances,errors,touches,touches_att_pen,dribbles_attempted,dribbles_completed,carries,passes_into_final_third,carries_into_final_third,shot_creating_actions,goal_creating_actions,recoveries,fouls_committed,fouls_drawn,aerial_duels_won,aerial_duels_lost,clean_sheets,goals_conceded,saves,penalties_saved,source_dataset
2023-24,serie_a_league,Tammy Abraham,eng ENG,FW,Roma,25.0,1997.0,8,2,242,2.7,1,0,0,0,,1,0,0.6,0.6,0.1,6.0,4.0,15.0,,,,,,,,,,,,,,,,,,,,,,,,,,,,,,,All Football Players Stats Top 5 Leagues 2023-24
2023-24,serie_a_league,Francesco Acerbi,it ITA,DF,Inter,35.0,1988.0,29,26,2388,26.5,3,1,0,0,,1,0,1.6,1.6,1.8,21.0,87.0,24.0,,,,,,,,,,,,,,,,,,,,,,,,,,,,,,,All Football Players Stats Top 5 Leagues 2023-24
2023-24,serie_a_league,Yacine Adli,fr FRA,MF,Milan,23.0,2000.0,24,17,1407,15.6,1,2,0,0,,3,0,0.3,0.3,2.2,30.0,125.0,26.0,,,,,,,,,,,,,,,,,,,,,,,,,,,,,,,All Football Players Stats Top 5 Leagues 2023-24
2023-24,serie_a_league,Michel Aebischer,ch SUI,MF,Bologna,26.0,1997.0,36,26,2230,24.8,0,1,0,0,,8,0,1.1,1.1,1.5,26.0,125.0,55.0,,,,,,,,,,,,,,,,,,,,,,,,,,,,,,,All Football Players Stats Top 5 Leagues 2023-24
2023-24,serie_a_league,Lucien Agoume,fr FRA,MF,Inter,21.0,2002.0,1,0,5,0.1,0,0,0,0,,0,0,0.0,0.0,0.0,0.0,0.0,0.0,,,,,,,,,,,,,,,,,,,,,,,,,,,,,,,All Football Players Stats Top 5 Leagues 2023-24
2023-24,serie_a_league,Marley Aké,fr FRA,FW,Udinese,22.0,2001.0,1,0,10,0.1,0,0,0,0,,0,0,0.0,0.0,0.0,0.0,0.0,0.0,,,,,,,,,,,,,,,,,,,,,,,,,,,,,,,All Football Players Stats Top 5 Leagues 2023-24
2023-24,serie_a_league,Ebenezer Akinsanmiro,ng NGA,MF,Inter,18.0,2004.0,1,0,15,0.2,0,0,0,0,,0,0,0.0,0.0,0.0,0.0,2.0,0.0,,,,,,,,,,,,,,,,,,,,,,,,,,,,,,,All Football Players Stats Top 5 Leagues 2023-24
2023-24,serie_a_league,Jean-Daniel Akpa-Akpro,ci CIV,MF,Monza,30.0,1992.0,19,8,705,7.8,0,0,0,0,,5,0,0.5,0.5,0.1,11.0,10.0,12.0,,,,,,,,,,,,,,,,,,,,,,,,,,,,,,,All Football Players Stats Top 5 Leagues 2023-24
2023-24,serie_a_league,David Akpan Ankeye,ng NGA,FW,Genoa,21.0,2002.0,6,0,57,0.6,0,0,0,0,,0,0,0.0,0.0,0.0,3.0,1.0,2.0,,,,,,,,,,,,,,,,,,,,,,,,,,,,,,,All Football Players Stats Top 5 Leagues 2023-24
2023-24,serie_a_league,Luis Alberto,es ESP,MF,Lazio,30.0,1992.0,33,29,2311,25.7,5,7,0,0,,7,0,4.7,4.7,4.7,83.0,212.0,124.0,,,,,,,,,,,,,,,,,,,,,,,,,,,,,,,All Football Players Stats Top 5 Leagues 2023-24
2023-24,serie_a_league,Carlos Alcaraz,ar ARG,MF,Juventus,20.0,2002.0,10,3,380,4.2,0,1,0,0,,0,0,0.4,0.4,0.1,6.0,27.0,9.0,,,,,,,,,,,,,,,,,,,,,,,,,,,,,,,All Football Players Stats Top 5 Leagues 2023-24
2023-24,serie_a_league,Pontus Almqvist,se SWE,"FW,MF",Lecce,24.0,1999.0,30,25,2107,23.4,2,1,0,0,,5,0,2.3,2.3,2.7,72.0,32.0,137.0,,,,,,,,,,,,,,,,,,,,,,,,,,,,,,,All Football Players Stats Top 5 Leagues 2023-24
2023-24,serie_a_league,Lorenzo Amatucci,it ITA,MF,Fiorentina,19.0,2004.0,2,0,22,0.2,0,0,0,0,,0,0,0.0,0.0,0.0,1.0,2.0,1.0,,,,,,,,,,,,,,,,,,,,,,,,,,,,,,,All Football Players Stats Top 5 Leagues 2023-24
2023-24,serie_a_league,Bruno Amione,ar ARG,DF,Hellas Verona,21.0,2002.0,10,7,579,6.4,0,0,0,0,,2,0,0.3,0.3,0.0,2.0,17.0,2.0,,,,,,,,,,,,,,,,,,,,,,,,,,,,,,,All Football Players Stats Top 5 Leagues 2023-24
2023-24,serie_a_league,Felipe Anderson,br BRA,"FW,MF",Lazio,30.0,1993.0,38,33,2770,30.8,5,6,0,0,,3,0,4.4,4.4,6.3,108.0,126.0,226.0,,,,,,,,,,,,,,,,,,,,,,,,,,,,,,,All Football Players Stats Top 5 Leagues 2023-24
2023-24,serie_a_league,Angeliño,es ESP,DF,Roma,26.0,1997.0,16,14,1141,12.7,0,1,0,0,,2,0,0.2,0.2,1.6,12.0,40.0,55.0,,,,,,,,,,,,,,,,,,,,,,,,,,,,,,,All Football Players Stats Top 5 Leagues 2023-24
2023-24,serie_a_league,Houssem Aouar,dz ALG,"MF,FW",Roma,25.0,1998.0,16,9,756,8.4,4,0,0,0,,3,0,2.3,2.3,0.5,17.0,26.0,59.0,,,,,,,,,,,,,,,,,,,,,,,,,,,,,,,All Football Players Stats Top 5 Leagues 2023-24
2023-24,serie_a_league,Simone Aresti,it ITA,GK,Cagliari,37.0,1986.0,1,0,1,0.0,0,0,0,0,,0,0,0.0,0.0,0.0,0.0,0.0,0.0,,,,,,,,,,,,,,,,,,,,,,,,,,,,,,,All Football Players Stats Top 5 Leagues 2023-24
2023-24,serie_a_league,Marko Arnautović,at AUT,FW,Inter,34.0,1989.0,27,5,801,8.9,5,3,0,0,,0,0,5.0,5.0,2.6,12.0,20.0,77.0,,,,,,,,,,,,,,,,,,,,,,,,,,,,,,,All Football Players Stats Top 5 Leagues 2023-24
2023-24,serie_a_league,Kristjan Asllani,al ALB,MF,Inter,21.0,2002.0,23,6,787,8.7,1,2,0,0,,1,0,0.6,0.6,1.1,5.0,32.0,8.0,,,,,,,,,,,,,,,,,,,,,,,,,,,,,,,All Football Players Stats Top 5 Leagues 2023-24
2023-24,serie_a_league,Emil Audero,it ITA,GK,Inter,26.0,1997.0,4,4,337,3.7,0,0,0,0,,0,0,0.0,0.0,0.0,0.0,0.0,0.0,,,,,,,,,,,,,,,,,,,,,,,,,,,,,,,All Football Players Stats Top 5 Leagues 2023-24
2023-24,serie_a_league,Tommaso Augello,it ITA,DF,Cagliari,28.0,1994.0,32,28,2418,26.9,1,1,0,0,,5,0,0.5,0.5,2.0,62.0,96.0,99.0,,,,,,,,,,,,,,,,,,,,,,,,,,,,,,,All Football Players Stats Top 5 Leagues 2023-24
2023-24,serie_a_league,Carlos Augusto,br BRA,DF,Inter,24.0,1999.0,37,14,1725,19.2,0,3,0,0,,1,0,1.0,1.0,2.8,42.0,54.0,88.0,,,,,,,,,,,,,,,,,,,,,,,,,,,,,,,All Football Players Stats Top 5 Leagues 2023-24
2023-24,serie_a_league,Yann Aurel Bisseck,de GER,DF,Inter,22.0,2000.0,16,9,904,10.0,2,0,0,0,,0,0,0.9,0.9,0.5,24.0,30.0,20.0,,,,,,,,,,,,,,,,,,,,,,,,,,,,,,,All Football Players Stats Top 5 Leagues 2023-24
2023-24,serie_a_league,Sardar Azmoun,ir IRN,"FW,MF",Roma,28.0,1995.0,23,3,585,6.5,3,0,0,0,,4,0,2.9,2.9,1.4,5.0,14.0,35.0,,,,,,,,,,,,,,,,,,,,,,,,,,,,,,,All Football Players Stats Top 5 Leagues 2023-24
2023-24,serie_a_league,Paulo Azzi,br BRA,"DF,MF",Cagliari,29.0,1994.0,25,9,950,10.6,0,0,0,0,,1,0,1.2,1.2,0.7,47.0,35.0,42.0,,,,,,,,,,,,,,,,,,,,,,,,,,,,,,,All Football Players Stats Top 5 Leagues 2023-24
2023-24,serie_a_league,Oussama El Azzouzi,ma MAR,MF,Bologna,22.0,2001.0,18,5,547,6.1,2,2,0,0,,4,0,0.5,0.5,0.6,4.0,19.0,8.0,,,,,,,,,,,,,,,,,,,,,,,,,,,,,,,All Football Players Stats Top 5 Leagues 2023-24
2023-24,serie_a_league,Milan Badelj,hr CRO,MF,Genoa,34.0,1989.0,33,32,2535,28.2,1,3,0,0,,6,0,1.4,1.4,1.1,18.0,151.0,36.0,,,,,,,,,,,,,,,,,,,,,,,,,,,,,,,All Football Players Stats Top 5 Leagues 2023-24
2023-24,serie_a_league,Jaime Báez,uy URU,"FW,MF",Frosinone,28.0,1995.0,11,6,500,5.6,1,0,0,0,,1,0,0.5,0.5,0.5,12.0,29.0,39.0,,,,,,,,,,,,,,,,,,,,,,,,,,,,,,,All Football Players Stats Top 5 Leagues 2023-24
2023-24,serie_a_league,Nicola Bagnolini,it ITA,GK,Bologna,19.0,2004.0,1,0,5,0.1,0,0,0,0,,0,0,0.0,0.0,0.0,0.0,0.0,0.0,,,,,,,,,,,,,,,,,,,,,,,,,,,,,,,All Football Players Stats Top 5 Leagues 2023-24
2023-24,serie_a_league,Nedim Bajrami,al ALB,"MF,FW",Sassuolo,24.0,1999.0,28,15,1310,14.6,2,2,0,0,,0,0,2.5,2.5,2.2,51.0,49.0,70.0,,,,,,,,,,,,,,,,,,,,,,,,,,,,,,,All Football Players Stats Top 5 Leagues 2023-24
2023-24,serie_a_league,Mitchel Bakker,nl NED,DF,Atalanta,23.0,2000.0,14,3,382,4.2,1,0,0,0,,1,0,0.2,0.2,0.1,12.0,10.0,20.0,,,,,,,,,,,,,,,,,,,,,,,,,,,,,,,All Football Players Stats Top 5 Leagues 2023-24
2023-24,serie_a_league,Tommaso Baldanzi,it ITA,"MF,FW",Empoli,20.0,2003.0,14,8,745,8.3,2,0,0,0,,1,0,2.1,2.1,1.0,20.0,30.0,40.0,,,,,,,,,,,,,,,,,,,,,,,,,,,,,,,All Football Players Stats Top 5 Leagues 2023-24
2023-24,serie_a_league,Tommaso Baldanzi,it ITA,"FW,MF",Roma,20.0,2003.0,13,6,518,5.8,0,0,0,0,,2,0,0.9,0.9,0.7,18.0,14.0,54.0,,,,,,,,,,,,,,,,,,,,,,,,,,,,,,,All Football Players Stats Top 5 Leagues 2023-24
2023-24,serie_a_league,Lameck Banda,zm ZAM,FW,Lecce,22.0,2001.0,21,17,1350,15.0,2,4,0,0,,5,1,3.6,3.6,1.9,70.0,22.0,136.0,,,,,,,,,,,,,,,,,,,,,,,,,,,,,,,All Football Players Stats Top 5 Leagues 2023-24
2023-24,serie_a_league,Daniel Bandeira,pt POR,MF,Hellas Verona,23.0,2000.0,14,3,446,5.0,0,0,0,0,,2,0,0.1,0.1,0.2,9.0,34.0,8.0,,,,,,,,,,,,,,,,,,,,,,,,,,,,,,,All Football Players Stats Top 5 Leagues 2023-24
2023-24,serie_a_league,Mattia Bani,it ITA,DF,Genoa,29.0,1993.0,27,27,2306,25.6,2,0,0,0,,9,0,1.2,1.2,0.1,5.0,37.0,4.0,,,,,,,,,,,,,,,,,,,,,,,,,,,,,,,All Football Players Stats Top 5 Leagues 2023-24
2023-24,serie_a_league,Antonín Barák,cz CZE,"MF,FW",Fiorentina,28.0,1994.0,21,8,808,9.0,2,3,0,0,,2,0,1.5,1.5,2.2,17.0,33.0,64.0,,,,,,,,,,,,,,,,,,,,,,,,,,,,,,,All Football Players Stats Top 5 Leagues 2023-24
2023-24,serie_a_league,Nicolò Barella,it ITA,MF,Inter,26.0,1997.0,37,34,2846,31.6,2,3,0,0,,7,0,5.1,5.1,3.4,68.0,278.0,144.0,,,,,,,,,,,,,,,,,,,,,,,,,,,,,,,All Football Players Stats Top 5 Leagues 2023-24
2023-24,serie_a_league,Enzo Barrenechea,ar ARG,MF,Frosinone,22.0,2001.0,36,32,2811,31.2,0,1,0,0,,10,0,0.6,0.6,1.7,10.0,155.0,24.0,,,,,,,,,,,,,,,,,,,,,,,,,,,,,,,All Football Players Stats Top 5 Leagues 2023-24
2023-24,serie_a_league,Davide Bartesaghi,it ITA,"DF,MF",Milan,17.0,2005.0,6,0,79,0.9,0,0,0,0,,0,0,0.0,0.0,0.0,1.0,3.0,4.0,,,,,,,,,,,,,,,,,,,,,,,,,,,,,,,All Football Players Stats Top 5 Leagues 2023-24
2023-24,serie_a_league,Federico Baschirotto,it ITA,DF,Lecce,26.0,1996.0,37,37,3294,36.6,0,1,0,0,,3,1,1.7,1.5,0.7,28.0,96.0,3.0,,,,,,,,,,,,,,,,,,,,,,,,,,,,,,,All Football Players Stats Top 5 Leagues 2023-24
2023-24,serie_a_league,Toma Bašić,hr CRO,MF,Salernitana,26.0,1996.0,15,14,1162,12.9,0,0,0,0,,5,0,0.6,0.6,0.5,11.0,53.0,16.0,,,,,,,,,,,,,,,,,,,,,,,,,,,,,,,All Football Players Stats Top 5 Leagues 2023-24
2023-24,serie_a_league,Alessandro Bastoni,it ITA,DF,Inter,24.0,1999.0,28,28,2268,25.2,1,3,0,0,,5,0,1.2,1.2,3.4,63.0,142.0,77.0,,,,,,,,,,,,,,,,,,,,,,,,,,,,,,,All Football Players Stats Top 5 Leagues 2023-24
2023-24,serie_a_league,Simone Bastoni,it ITA,"MF,DF",Empoli,26.0,1996.0,16,9,745,8.3,1,0,0,0,,3,0,0.4,0.4,0.5,12.0,31.0,26.0,,,,,,,,,,,,,,,,,,,,,,,,,,,,,,,All Football Players Stats Top 5 Leagues 2023-24
2023-24,serie_a_league,Reda Belahyane,fr FRA,MF,Hellas Verona,19.0,2004.0,2,1,90,1.0,0,0,0,0,,0,0,0.0,0.0,0.0,1.0,4.0,2.0,,,,,,,,,,,,,,,,,,,,,,,,,,,,,,,All Football Players Stats Top 5 Leagues 2023-24
2023-24,serie_a_league,Raoul Bellanova,it ITA,DF,Torino,23.0,2000.0,37,36,3046,33.8,1,7,0,0,,5,0,2.0,2.0,5.0,141.0,98.0,202.0,,,,,,,,,,,,,,,,,,,,,,,,,,,,,,,All Football Players Stats Top 5 Leagues 2023-24
2023-24,serie_a_league,Andrea Belotti,it ITA,FW,Fiorentina,29.0,1993.0,15,11,949,10.5,3,0,0,0,,0,0,3.7,3.7,0.7,10.0,15.0,60.0,,,,,,,,,,,,,,,,,,,,,,,,,,,,,,,All Football Players Stats Top 5 Leagues 2023-24
2023-24,serie_a_league,Andrea Belotti,it ITA,FW,Roma,29.0,1993.0,14,6,679,7.5,3,2,0,0,,1,0,2.4,2.4,1.2,15.0,8.0,49.0,,,,,,,,,,,,,,,,,,,,,,,,,,,,,,,All Football Players Stats Top 5 Leagues 2023-24
2023-24,serie_a_league,Lucas Beltrán,ar ARG,"FW,MF",Fiorentina,22.0,2001.0,32,21,1692,18.8,6,2,1,1,,6,0,3.8,3.0,1.5,12.0,49.0,113.0,,,,,,,,,,,,,,,,,,,,,,,,,,,,,,,All Football Players Stats Top 5 Leagues 2023-24
2023-24,serie_a_league,Ismaël Bennacer,dz ALG,MF,Milan,25.0,1997.0,20,13,1151,12.8,2,2,1,1,,2,0,1.7,0.9,2.5,24.0,68.0,33.0,,,,,,,,,,,,,,,,,,,,,,,,,,,,,,,All Football Players Stats Top 5 Leagues 2023-24
2023-24,serie_a_league,Domenico Berardi,it ITA,FW,Sassuolo,28.0,1994.0,17,17,1431,15.9,9,3,5,5,,6,0,6.5,2.6,3.0,38.0,83.0,123.0,,,,,,,,,,,,,,,,,,,,,,,,,,,,,,,All Football Players Stats Top 5 Leagues 2023-24
2023-24,serie_a_league,Bartosz Bereszyński,pl POL,DF,Empoli,31.0,1992.0,24,22,1762,19.6,0,1,0,0,,3,0,0.1,0.1,0.3,15.0,69.0,18.0,,,,,,,,,,,,,,,,,,,,,,,,,,,,,,,All Football Players Stats Top 5 Leagues 2023-24
2023-24,serie_a_league,Etrit Berisha,al ALB,GK,Empoli,34.0,1989.0,14,14,1260,14.0,0,0,0,0,,0,0,0.0,0.0,0.0,0.0,0.0,0.0,,,,,,,,,,,,,,,,,,,,,,,,,,,,,,,All Football Players Stats Top 5 Leagues 2023-24
2023-24,serie_a_league,Medon Berisha,al ALB,"FW,MF",Lecce,19.0,2003.0,6,2,205,2.3,0,0,0,0,,0,0,0.2,0.2,0.2,3.0,7.0,3.0,,,,,,,,,,,,,,,,,,,,,,,,,,,,,,,All Football Players Stats Top 5 Leagues 2023-24
2023-24,serie_a_league,Victor Bernth Kristiansen,dk DEN,DF,Bologna,20.0,2002.0,32,26,2307,25.6,0,3,0,0,,4,0,0.3,0.3,2.4,23.0,123.0,74.0,,,,,,,,,,,,,,,,,,,,,,,,,,,,,,,All Football Players Stats Top 5 Leagues 2023-24
2023-24,serie_a_league,Beto,gw GNB,FW,Udinese,25.0,1998.0,1,1,74,0.8,0,0,0,0,,0,0,0.0,0.0,0.3,0.0,2.0,5.0,,,,,,,,,,,,,,,,,,,,,,,,,,,,,,,All Football Players Stats Top 5 Leagues 2023-24
2023-24,serie_a_league,Davide Bettella,it ITA,MF,Monza,23.0,2000.0,1,0,3,0.0,0,0,0,0,,0,0,0.0,0.0,0.0,0.0,0.0,0.0,,,,,,,,,,,,,,,,,,,,,,,,,,,,,,,All Football Players Stats Top 5 Leagues 2023-24
2023-24,serie_a_league,Sam Beukema,nl NED,DF,Bologna,24.0,1998.0,30,29,2547,28.3,1,1,0,0,,6,1,1.9,1.9,0.8,14.0,76.0,5.0,,,,,,,,,,,,,,,,,,,,,,,,,,,,,,,All Football Players Stats Top 5 Leagues 2023-24
2023-24,serie_a_league,Jaka Bijol,si SVN,DF,Udinese,24.0,1999.0,24,23,2084,23.2,0,0,0,0,,4,0,1.9,1.9,0.2,5.0,42.0,1.0,,,,,,,,,,,,,,,,,,,,,,,,,,,,,,,All Football Players Stats Top 5 Leagues 2023-24
2023-24,serie_a_league,El Bilal Touré,ml MLI,FW,Atalanta,21.0,2001.0,11,3,394,4.4,2,0,0,0,,2,0,1.2,1.2,0.8,16.0,11.0,39.0,,,,,,,,,,,,,,,,,,,,,,,,,,,,,,,All Football Players Stats Top 5 Leagues 2023-24
2023-24,serie_a_league,Cristiano Biraghi,it ITA,DF,Fiorentina,30.0,1992.0,29,27,2356,26.2,2,5,0,1,,8,0,1.6,0.8,3.6,55.0,129.0,109.0,,,,,,,,,,,,,,,,,,,,,,,,,,,,,,,All Football Players Stats Top 5 Leagues 2023-24
2023-24,serie_a_league,Davide Biraschi,it ITA,DF,Genoa,29.0,1994.0,1,1,90,1.0,1,0,0,0,,0,0,0.1,0.1,0.0,0.0,5.0,4.0,,,,,,,,,,,,,,,,,,,,,,,,,,,,,,,All Football Players Stats Top 5 Leagues 2023-24
2023-24,serie_a_league,Samuele Birindelli,it ITA,DF,Monza,24.0,1999.0,35,22,2013,22.4,0,2,0,0,,7,0,1.1,1.1,2.9,63.0,70.0,122.0,,,,,,,,,,,,,,,,,,,,,,,,,,,,,,,All Football Players Stats Top 5 Leagues 2023-24
2023-24,serie_a_league,Alexis Blin,fr FRA,MF,Lecce,26.0,1996.0,31,16,1642,18.2,0,2,0,0,,4,0,1.1,1.1,0.7,7.0,60.0,11.0,,,,,,,,,,,,,,,,,,,,,,,,,,,,,,,All Football Players Stats Top 5 Leagues 2023-24
2023-24,serie_a_league,Jérôme Boateng,de GER,DF,Salernitana,34.0,1988.0,7,4,238,2.6,0,0,0,0,,0,0,0.0,0.0,0.1,0.0,9.0,1.0,,,,,,,,,,,,,,,,,,,,,,,,,,,,,,,All Football Players Stats Top 5 Leagues 2023-24
2023-24,serie_a_league,Emil Bohinen,no NOR,MF,Genoa,24.0,1999.0,5,0,56,0.6,0,0,0,0,,0,0,0.0,0.0,0.1,1.0,3.0,1.0,,,,,,,,,,,,,,,,,,,,,,,,,,,,,,,All Football Players Stats Top 5 Leagues 2023-24
2023-24,serie_a_league,Emil Bohinen,no NOR,MF,Salernitana,24.0,1999.0,12,7,535,5.9,0,0,0,0,,1,0,0.1,0.1,0.2,7.0,26.0,10.0,,,,,,,,,,,,,,,,,,,,,,,,,,,,,,,All Football Players Stats Top 5 Leagues 2023-24
2023-24,serie_a_league,Daniel Boloca,ro ROU,MF,Sassuolo,24.0,1998.0,30,23,2022,22.5,1,0,0,0,,6,1,0.5,0.5,0.4,27.0,109.0,17.0,,,,,,,,,,,,,,,,,,,,,,,,,,,,,,,All Football Players Stats Top 5 Leagues 2023-24
2023-24,serie_a_league,Giacomo Bonaventura,it ITA,MF,Fiorentina,33.0,1989.0,31,27,2277,25.3,8,3,0,1,,6,0,5.7,4.4,3.6,60.0,140.0,107.0,,,,,,,,,,,,,,,,,,,,,,,,,,,,,,,All Football Players Stats Top 5 Leagues 2023-24
2023-24,serie_a_league,Federico Bonazzoli,it ITA,"FW,MF",Hellas Verona,26.0,1997.0,24,10,1016,11.3,3,1,0,0,,2,0,2.9,2.9,1.1,13.0,26.0,73.0,,,,,,,,,,,,,,,,,,,,,,,,,,,,,,,All Football Players Stats Top 5 Leagues 2023-24
2023-24,serie_a_league,Warren Bondo,fr FRA,MF,Monza,19.0,2003.0,25,14,1475,16.4,1,1,0,0,,9,0,0.9,0.9,0.3,31.0,43.0,13.0,,,,,,,,,,,,,,,,,,,,,,,,,,,,,,,All Football Players Stats Top 5 Leagues 2023-24
2023-24,serie_a_league,Giovanni Bonfanti,it ITA,DF,Atalanta,20.0,2003.0,2,1,89,1.0,0,0,0,0,,0,0,0.1,0.1,0.0,0.0,1.0,2.0,,,,,,,,,,,,,,,,,,,,,,,,,,,,,,,All Football Players Stats Top 5 Leagues 2023-24
2023-24,serie_a_league,Kevin Bonifazi,it ITA,DF,Bologna,27.0,1996.0,1,1,90,1.0,0,0,0,0,,0,0,0.0,0.0,0.0,0.0,1.0,1.0,,,,,,,,,,,,,,,,,,,,,,,,,,,,,,,All Football Players Stats Top 5 Leagues 2023-24
2023-24,serie_a_league,Kevin Bonifazi,it ITA,DF,Frosinone,27.0,1996.0,6,3,309,3.4,0,0,0,0,,0,0,0.0,0.0,0.1,2.0,7.0,1.0,,,,,,,,,,,,,,,,,,,,,,,,,,,,,,,All Football Players Stats Top 5 Leagues 2023-24
2023-24,serie_a_league,Gennaro Borrelli,it ITA,FW,Frosinone,23.0,2000.0,1,0,24,0.3,0,0,0,0,,0,0,0.0,0.0,0.0,1.0,0.0,1.0,,,,,,,,,,,,,,,,,,,,,,,,,,,,,,,All Football Players Stats Top 5 Leagues 2023-24
2023-24,serie_a_league,Erik Botheim,no NOR,"FW,MF",Salernitana,23.0,2000.0,7,4,316,3.5,0,0,0,0,,1,0,0.1,0.1,0.0,3.0,5.0,9.0,,,,,,,,,,,,,,,,,,,,,,,,,,,,,,,All Football Players Stats Top 5 Leagues 2023-24
2023-24,serie_a_league,Mehdi Bourabia,ma MAR,MF,Frosinone,31.0,1991.0,10,3,200,2.2,0,0,0,0,,1,0,0.1,0.1,0.0,1.0,7.0,8.0,,,,,,,,,,,,,,,,,,,,,,,,,,,,,,,All Football Players Stats Top 5 Leagues 2023-24
2023-24,serie_a_league,Edoardo Bove,it ITA,MF,Roma,21.0,2002.0,31,18,1780,19.8,0,2,0,0,,2,0,2.0,2.0,0.7,21.0,88.0,47.0,,,,,,,,,,,,,,,,,,,,,,,,,,,,,,,All Football Players Stats Top 5 Leagues 2023-24
2023-24,serie_a_league,Domagoj Bradarić,hr CRO,DF,Salernitana,23.0,1999.0,34,30,2749,30.5,0,3,0,0,,5,0,0.8,0.8,1.8,57.0,76.0,120.0,,,,,,,,,,,,,,,,,,,,,,,,,,,,,,,All Football Players Stats Top 5 Leagues 2023-24
2023-24,serie_a_league,Josip Brekalo,hr CRO,FW,Fiorentina,25.0,1998.0,11,8,652,7.2,1,0,0,0,,0,0,0.4,0.4,0.3,14.0,25.0,69.0,,,,,,,,,,,,,,,,,,,,,,,,,,,,,,,All Football Players Stats Top 5 Leagues 2023-24
2023-24,serie_a_league,Gleison Bremer,br BRA,DF,Juventus,26.0,1997.0,36,36,3233,35.9,3,0,0,0,,9,0,1.4,1.4,0.4,7.0,120.0,4.0,,,,,,,,,,,,,,,,,,,,,,,,,,,,,,,All Football Players Stats Top 5 Leagues 2023-24
2023-24,serie_a_league,Brenner,br BRA,"MF,FW",Udinese,23.0,2000.0,8,2,189,2.1,0,0,0,0,,0,0,0.4,0.4,0.0,6.0,8.0,10.0,,,,,,,,,,,,,,,,,,,,,,,,,,,,,,,All Football Players Stats Top 5 Leagues 2023-24
2023-24,serie_a_league,Marco Brescianini,it ITA,MF,Frosinone,23.0,2000.0,36,24,2321,25.8,4,2,0,0,,1,0,2.3,2.3,1.6,46.0,70.0,100.0,,,,,,,,,,,,,,,,,,,,,,,,,,,,,,,All Football Players Stats Top 5 Leagues 2023-24
2023-24,serie_a_league,Dylan Bronn,tn TUN,"DF,MF",Salernitana,28.0,1995.0,4,0,52,0.6,0,0,0,0,,0,0,0.0,0.0,0.0,1.0,1.0,0.0,,,,,,,,,,,,,,,,,,,,,,,,,,,,,,,All Football Players Stats Top 5 Leagues 2023-24
2023-24,serie_a_league,Tajon Buchanan,ca CAN,DF,Inter,24.0,1999.0,10,0,161,1.8,1,0,0,0,,0,0,0.2,0.2,0.3,12.0,4.0,22.0,,,,,,,,,,,,,,,,,,,,,,,,,,,,,,,All Football Players Stats Top 5 Leagues 2023-24
2023-24,serie_a_league,Alessandro Buongiorno,it ITA,DF,Torino,24.0,1999.0,29,29,2527,28.1,3,0,0,0,,7,0,1.6,1.6,0.1,14.0,62.0,10.0,,,,,,,,,,,,,,,,,,,,,,,,,,,,,,,All Football Players Stats Top 5 Leagues 2023-24
2023-24,serie_a_league,Rareș-Cătălin Burnete,ro ROU,FW,Lecce,19.0,2004.0,1,0,8,0.1,0,1,0,0,,0,0,0.0,0.0,0.1,0.0,0.0,2.0,,,,,,,,,,,,,,,,,,,,,,,,,,,,,,,All Football Players Stats Top 5 Leagues 2023-24
2023-24,serie_a_league,Jovane Cabral,cv CPV,"MF,FW",Salernitana,25.0,1998.0,12,8,678,7.5,1,0,0,0,,1,0,1.2,1.2,0.4,22.0,40.0,39.0,,,,,,,,,,,,,,,,,,,,,,,,,,,,,,,All Football Players Stats Top 5 Leagues 2023-24
2023-24,serie_a_league,Liberato Cacace,nz NZL,DF,Empoli,22.0,2000.0,31,18,1912,21.2,0,1,0,0,,6,0,0.4,0.4,1.7,34.0,84.0,55.0,,,,,,,,,,,,,,,,,,,,,,,,,,,,,,,All Football Players Stats Top 5 Leagues 2023-24
2023-24,serie_a_league,Jens Cajuste,se SWE,MF,Napoli,23.0,1999.0,26,11,1016,11.3,0,2,0,0,,7,0,1.5,1.5,1.1,19.0,37.0,53.0,,,,,,,,,,,,,,,,,,,,,,,,,,,,,,,All Football Players Stats Top 5 Leagues 2023-24
2023-24,serie_a_league,Davide Calabria,it ITA,DF,Milan,26.0,1996.0,29,26,2185,24.3,1,3,0,0,,5,2,1.3,1.3,1.2,31.0,140.0,66.0,,,,,,,,,,,,,,,,,,,,,,,,,,,,,,,All Football Players Stats Top 5 Leagues 2023-24
2023-24,serie_a_league,Riccardo Calafiori,it ITA,DF,Bologna,21.0,2002.0,30,26,2349,26.1,2,5,0,0,,4,0,1.4,1.4,1.2,28.0,96.0,23.0,,,,,,,,,,,,,,,,,,,,,,,,,,,,,,,All Football Players Stats Top 5 Leagues 2023-24
2023-24,serie_a_league,Mattia Caldara,it ITA,DF,Milan,29.0,1994.0,1,0,33,0.4,0,0,0,0,,0,0,0.2,0.2,0.0,0.0,2.0,0.0,,,,,,,,,,,,,,,,,,,,,,,,,,,,,,,All Football Players Stats Top 5 Leagues 2023-24
2023-24,serie_a_league,Luca Caldirola,it ITA,DF,Monza,32.0,1991.0,29,23,2141,23.8,1,1,0,0,,7,1,0.5,0.5,0.6,10.0,56.0,9.0,,,,,,,,,,,,,,,,,,,,,,,,,,,,,,,All Football Players Stats Top 5 Leagues 2023-24
2023-24,serie_a_league,Hakan Çalhanoğlu,tr TUR,MF,Inter,29.0,1994.0,32,32,2556,28.4,13,3,10,10,,5,0,10.1,2.3,4.7,45.0,186.0,34.0,,,,,,,,,,,,,,,,,,,,,,,,,,,,,,,All Football Players Stats Top 5 Leagues 2023-24
2023-24,serie_a_league,Francesco Camarda,it ITA,FW,Milan,15.0,2008.0,2,0,14,0.2,0,0,0,0,,0,0,0.0,0.0,0.0,0.0,0.0,1.0,,,,,,,,,,,,,,,,,,,,,,,,,,,,,,,All Football Players Stats Top 5 Leagues 2023-24
2023-24,serie_a_league,Nicolò Cambiaghi,it ITA,"FW,MF",Empoli,22.0,2000.0,37,29,2553,28.4,1,1,0,0,,3,0,3.9,3.9,2.8,128.0,63.0,197.0,,,,,,,,,,,,,,,,,,,,,,,,,,,,,,,All Football Players Stats Top 5 Leagues 2023-24
2023-24,serie_a_league,Andrea Cambiaso,it ITA,"DF,FW",Juventus,23.0,2000.0,34,28,2372,26.4,2,3,0,0,,10,0,2.2,2.2,3.9,87.0,71.0,172.0,,,,,,,,,,,,,,,,,,,,,,,,,,,,,,,All Football Players Stats Top 5 Leagues 2023-24
2023-24,serie_a_league,Matteo Cancellieri,it ITA,"FW,MF",Empoli,21.0,2002.0,36,18,1788,19.9,4,3,0,0,,7,0,4.7,4.7,2.9,48.0,26.0,138.0,,,,,,,,,,,,,,,,,,,,,,,,,,,,,,,All Football Players Stats Top 5 Leagues 2023-24
2023-24,serie_a_league,Antonio Candreva,it ITA,"MF,FW",Salernitana,36.0,1987.0,34,32,2750,30.6,6,6,1,1,,5,0,4.9,4.1,5.0,67.0,149.0,182.0,,,,,,,,,,,,,,,,,,,,,,,,,,,,,,,All Football Players Stats Top 5 Leagues 2023-24
2023-24,serie_a_league,Luigi Canotto,it ITA,FW,Frosinone,29.0,1994.0,1,0,16,0.2,0,0,0,0,,0,0,0.0,0.0,0.0,0.0,0.0,1.0,,,,,,,,,,,,,,,,,,,,,,,,,,,,,,,All Football Players Stats Top 5 Leagues 2023-24
2023-24,serie_a_league,Gianluca Caprari,it ITA,"MF,FW",Monza,30.0,1993.0,6,4,285,3.2,0,0,0,0,,0,0,0.7,0.7,0.7,11.0,15.0,16.0,,,,,,,,,,,,,,,,,,,,,,,,,,,,,,,All Football Players Stats Top 5 Leagues 2023-24
2023-24,serie_a_league,Elia Caprile,it ITA,GK,Empoli,21.0,2001.0,23,23,2070,23.0,0,0,0,0,,0,0,0.0,0.0,0.3,0.0,0.0,0.0,,,,,,,,,,,,,,,,,,,,,,,,,,,,,,,All Football Players Stats Top 5 Leagues 2023-24
2023-24,serie_a_league,Francesco Caputo,it ITA,FW,Empoli,35.0,1987.0,20,15,1268,14.1,3,0,1,1,,0,0,3.4,2.6,0.7,7.0,18.0,65.0,,,,,,,,,,,,,,,,,,,,,,,,,,,,,,,All Football Players Stats Top 5 Leagues 2023-24
2023-24,serie_a_league,Andrea Carboni,it ITA,DF,Monza,22.0,2001.0,21,16,1487,16.5,1,0,0,0,,1,0,1.2,1.2,0.5,13.0,46.0,22.0,,,,,,,,,,,,,,,,,,,,,,,,,,,,,,,All Football Players Stats Top 5 Leagues 2023-24
2023-24,serie_a_league,Valentin Carboni,ar ARG,"MF,FW",Monza,18.0,2005.0,31,10,1169,13.0,2,3,0,0,,2,0,2.3,2.3,1.7,52.0,57.0,75.0,,,,,,,,,,,,,,,,,,,,,,,,,,,,,,,All Football Players Stats Top 5 Leagues 2023-24
2023-24,serie_a_league,Marco Carnesecchi,it ITA,GK,Atalanta,23.0,2000.0,27,27,2425,26.9,0,0,0,0,,0,0,0.0,0.0,0.0,0.0,0.0,0.0,,,,,,,,,,,,,,,,,,,,,,,,,,,,,,,All Football Players Stats Top 5 Leagues 2023-24
2023-24,serie_a_league,Nicolò Casale,it ITA,DF,Lazio,25.0,1998.0,20,16,1559,17.3,0,0,0,0,,5,0,0.9,0.9,0.0,20.0,49.0,4.0,,,,,,,,,,,,,,,,,,,,,,,,,,,,,,,All Football Players Stats Top 5 Leagues 2023-24
2023-24,serie_a_league,Giuseppe Caso,it ITA,"FW,MF",Frosinone,24.0,1998.0,14,2,417,4.6,0,0,0,0,,2,0,0.3,0.3,0.2,15.0,20.0,37.0,,,,,,,,,,,,,,,,,,,,,,,,,,,,,,,All Football Players Stats Top 5 Leagues 2023-24
2023-24,serie_a_league,Valentín Castellanos,ar ARG,FW,Lazio,24.0,1998.0,35,16,1682,18.7,4,3,0,0,,2,0,7.3,7.3,1.7,15.0,47.0,132.0,,,,,,,,,,,,,,,,,,,,,,,,,,,,,,,All Football Players Stats Top 5 Leagues 2023-24
2023-24,serie_a_league,Samu Castillejo,es ESP,"FW,MF",Sassuolo,28.0,1995.0,17,6,536,6.0,0,0,0,0,,2,0,0.3,0.3,1.0,27.0,26.0,45.0,,,,,,,,,,,,,,,,,,,,,,,,,,,,,,,All Football Players Stats Top 5 Leagues 2023-24
2023-24,serie_a_league,Santiago Castro,ar ARG,FW,Bologna,18.0,2004.0,8,2,242,2.7,1,1,0,0,,1,0,1.0,1.0,0.5,1.0,1.0,15.0,,,,,,,,,,,,,,,,,,,,,,,,,,,,,,,All Football Players Stats Top 5 Leagues 2023-24
2023-24,serie_a_league,Gaetano Castrovilli,it ITA,"FW,MF",Fiorentina,26.0,1997.0,6,5,367,4.1,1,2,0,0,,0,0,0.3,0.3,0.6,14.0,12.0,25.0,,,,,,,,,,,,,,,,,,,,,,,,,,,,,,,All Football Players Stats Top 5 Leagues 2023-24
2023-24,serie_a_league,Danilo Cataldi,it ITA,MF,Lazio,28.0,1994.0,28,15,1361,15.1,1,0,0,0,,8,0,0.4,0.4,0.8,9.0,69.0,7.0,,,,,,,,,,,,,,,,,,,,,,,,,,,,,,,All Football Players Stats Top 5 Leagues 2023-24
2023-24,serie_a_league,Emil Ceide,no NOR,"FW,MF",Sassuolo,21.0,2001.0,11,0,176,2.0,0,0,0,0,,0,0,0.1,0.1,0.2,12.0,3.0,16.0,,,,,,,,,,,,,,,,,,,,,,,,,,,,,,,All Football Players Stats Top 5 Leagues 2023-24
2023-24,serie_a_league,Zeki Çelik,tr TUR,DF,Roma,26.0,1997.0,17,6,671,7.5,0,0,0,0,,1,0,0.2,0.2,0.6,14.0,26.0,38.0,,,,,,,,,,,,,,,,,,,,,,,,,,,,,,,All Football Players Stats Top 5 Leagues 2023-24
2023-24,serie_a_league,Fabien Centonze,fr FRA,DF,Hellas Verona,27.0,1996.0,10,7,676,7.5,0,1,0,0,,2,0,0.0,0.0,1.0,16.0,14.0,21.0,,,,,,,,,,,,,,,,,,,,,,,,,,,,,,,All Football Players Stats Top 5 Leagues 2023-24
2023-24,serie_a_league,Michele Cerofolini,it ITA,GK,Frosinone,24.0,1999.0,8,7,675,7.5,0,0,0,0,,1,0,0.0,0.0,0.0,0.0,0.0,0.0,,,,,,,,,,,,,,,,,,,,,,,,,,,,,,,All Football Players Stats Top 5 Leagues 2023-24
2023-24,serie_a_league,Alberto Cerri,it ITA,FW,Empoli,27.0,1996.0,12,10,545,6.1,1,0,0,0,,2,0,1.2,1.2,0.2,3.0,9.0,23.0,,,,,,,,,,,,,,,,,,,,,,,,,,,,,,,All Football Players Stats Top 5 Leagues 2023-24
2023-24,serie_a_league,Leonardo Cerri,it ITA,DF,Juventus,20.0,2003.0,1,0,7,0.1,0,0,0,0,,0,0,0.0,0.0,0.0,0.0,0.0,2.0,,,,,,,,,,,,,,,,,,,,,,,,,,,,,,,All Football Players Stats Top 5 Leagues 2023-24
2023-24,serie_a_league,Charlys,br BRA,MF,Hellas Verona,19.0,2004.0,2,0,25,0.3,0,0,0,0,,0,0,0.0,0.0,0.0,0.0,1.0,0.0,,,,,,,,,,,,,,,,,,,,,,,,,,,,,,,All Football Players Stats Top 5 Leagues 2023-24
2023-24,serie_a_league,Walid Cheddira,ma MAR,FW,Frosinone,25.0,1998.0,36,24,2120,23.6,7,1,1,1,,0,0,9.0,8.2,1.4,31.0,22.0,139.0,,,,,,,,,,,,,,,,,,,,,,,,,,,,,,,All Football Players Stats Top 5 Leagues 2023-24
2023-24,serie_a_league,Federico Chiesa,it ITA,FW,Juventus,25.0,1997.0,33,25,2197,24.4,9,2,1,1,,1,0,6.4,5.6,6.2,111.0,70.0,216.0,,,,,,,,,,,,,,,,,,,,,,,,,,,,,,,All Football Players Stats Top 5 Leagues 2023-24
2023-24,serie_a_league,Oliver Christensen,dk DEN,GK,Fiorentina,24.0,1999.0,4,4,360,4.0,0,0,0,0,,0,0,0.0,0.0,0.0,0.0,0.0,0.0,,,,,,,,,,,,,,,,,,,,,,,,,,,,,,,All Football Players Stats Top 5 Leagues 2023-24
2023-24,serie_a_league,Samuel Chukwueze,ng NGA,FW,Milan,24.0,1999.0,24,12,1017,11.3,1,3,0,0,,1,0,1.7,1.7,2.3,52.0,51.0,135.0,,,,,,,,,,,,,,,,,,,,,,,,,,,,,,,All Football Players Stats Top 5 Leagues 2023-24
2023-24,serie_a_league,Alphadjo Cissè,it ITA,FW,Hellas Verona,16.0,2006.0,1,0,8,0.1,0,0,0,0,,0,0,0.0,0.0,0.0,0.0,0.0,0.0,,,,,,,,,,,,,,,,,,,,,,,,,,,,,,,All Football Players Stats Top 5 Leagues 2023-24
2023-24,serie_a_league,Giorgio Cittadini,it ITA,DF,Monza,21.0,2002.0,1,0,15,0.2,0,0,0,0,,1,0,0.0,0.0,0.0,1.0,1.0,1.0,,,,,,,,,,,,,,,,,,,,,,,,,,,,,,,All Football Players Stats Top 5 Leagues 2023-24
2023-24,serie_a_league,Giorgio Cittadini,it ITA,DF,Genoa,21.0,2002.0,5,1,106,1.2,0,0,0,0,,0,0,0.0,0.0,0.0,0.0,1.0,1.0,,,,,,,,,,,,,,,,,,,,,,,,,,,,,,,All Football Players Stats Top 5 Leagues 2023-24
2023-24,serie_a_league,Patrick Ciurria,it ITA,"DF,MF",Monza,28.0,1995.0,22,18,1598,17.8,0,1,0,0,,2,0,1.5,1.5,2.6,41.0,68.0,94.0,,,,,,,,,,,,,,,,,,,,,,,,,,,,,,,All Football Players Stats Top 5 Leagues 2023-24
2023-24,serie_a_league,Lorenzo Colombo,it ITA,FW,Monza,21.0,2002.0,25,16,1359,15.1,4,1,0,0,,3,0,3.6,3.6,0.6,16.0,24.0,75.0,,,,,,,,,,,,,,,,,,,,,,,,,,,,,,,All Football Players Stats Top 5 Leagues 2023-24
2023-24,serie_a_league,Andrea Colpani,it ITA,"MF,FW",Monza,24.0,1999.0,38,36,2657,29.5,8,4,0,0,,1,0,4.8,4.8,5.0,90.0,120.0,193.0,,,,,,,,,,,,,,,,,,,,,,,,,,,,,,,All Football Players Stats Top 5 Leagues 2023-24
2023-24,serie_a_league,Pietro Comuzzo,it ITA,"DF,FW",Fiorentina,18.0,2005.0,4,0,43,0.5,0,0,0,0,,1,0,0.0,0.0,0.0,0.0,3.0,0.0,,,,,,,,,,,,,,,,,,,,,,,,,,,,,,,All Football Players Stats Top 5 Leagues 2023-24
2023-24,serie_a_league,Andrea Consigli,it ITA,GK,Sassuolo,36.0,1987.0,35,35,3150,35.0,0,0,0,0,,1,0,0.0,0.0,0.0,0.0,1.0,0.0,,,,,,,,,,,,,,,,,,,,,,,,,,,,,,,All Football Players Stats Top 5 Leagues 2023-24
2023-24,serie_a_league,Nikita Contini Baranovsky,it ITA,GK,Napoli,27.0,1996.0,1,0,17,0.2,0,0,0,0,,0,0,0.0,0.0,0.0,0.0,0.0,0.0,,,,,,,,,,,,,,,,,,,,,,,,,,,,,,,All Football Players Stats Top 5 Leagues 2023-24
2023-24,serie_a_league,Diego Coppola,it ITA,DF,Hellas Verona,19.0,2003.0,24,18,1634,18.2,2,0,0,0,,9,0,1.2,1.2,0.2,1.0,40.0,0.0,,,,,,,,,,,,,,,,,,,,,,,,,,,,,,,All Football Players Stats Top 5 Leagues 2023-24
2023-24,serie_a_league,Tommaso Corazza,it ITA,DF,Bologna,19.0,2004.0,9,1,195,2.2,0,0,0,0,,1,0,0.1,0.1,0.1,10.0,14.0,9.0,,,,,,,,,,,,,,,,,,,,,,,,,,,,,,,All Football Players Stats Top 5 Leagues 2023-24
2023-24,serie_a_league,Jeppe Corfitzen,dk DEN,FW,Lecce,18.0,2004.0,1,0,9,0.1,0,0,0,0,,0,0,0.0,0.0,0.0,1.0,0.0,0.0,,,,,,,,,,,,,,,,,,,,,,,,,,,,,,,All Football Players Stats Top 5 Leagues 2023-24
2023-24,serie_a_league,Giacomo Corona,it ITA,FW,Empoli,19.0,2004.0,1,0,5,0.1,0,0,0,0,,0,0,0.0,0.0,0.0,0.0,0.0,0.0,,,,,,,,,,,,,,,,,,,,,,,,,,,,,,,All Football Players Stats Top 5 Leagues 2023-24
2023-24,serie_a_league,João Costa,br BRA,"MF,FW",Roma,18.0,2005.0,3,0,14,0.2,0,0,0,0,,1,0,0.0,0.0,0.0,0.0,1.0,1.0,,,,,,,,,,,,,,,,,,,,,,,,,,,,,,,All Football Players Stats Top 5 Leagues 2023-24
2023-24,serie_a_league,Benoît Costil,fr FRA,GK,Salernitana,36.0,1987.0,13,13,1170,13.0,0,0,0,0,,0,0,0.0,0.0,0.0,0.0,0.0,0.0,,,,,,,,,,,,,,,,,,,,,,,,,,,,,,,All Football Players Stats Top 5 Leagues 2023-24
2023-24,serie_a_league,Lassana Coulibaly,ml MLI,MF,Salernitana,27.0,1996.0,28,25,2082,23.1,0,1,0,0,,5,0,0.6,0.6,0.8,29.0,88.0,38.0,,,,,,,,,,,,,,,,,,,,,,,,,,,,,,,All Football Players Stats Top 5 Leagues 2023-24
2023-24,serie_a_league,Mamadou Coulibaly,sn SEN,DF,Salernitana,24.0,1999.0,1,0,3,0.0,0,0,0,0,,0,0,0.0,0.0,0.0,0.0,0.0,0.0,,,,,,,,,,,,,,,,,,,,,,,,,,,,,,,All Football Players Stats Top 5 Leagues 2023-24
2023-24,serie_a_league,Alessio Cragno,it ITA,GK,Sassuolo,29.0,1994.0,3,3,270,3.0,0,0,0,0,,0,0,0.0,0.0,0.0,0.0,0.0,0.0,,,,,,,,,,,,,,,,,,,,,,,,,,,,,,,All Football Players Stats Top 5 Leagues 2023-24
2023-24,serie_a_league,Bryan Cristante,it ITA,"MF,DF",Roma,28.0,1995.0,37,37,3289,36.5,3,4,0,0,,8,0,4.0,4.0,2.9,47.0,234.0,80.0,,,,,,,,,,,,,,,,,,,,,,,,,,,,,,,All Football Players Stats Top 5 Leagues 2023-24
2023-24,serie_a_league,Juan Cruz,ar ARG,"FW,MF",Hellas Verona,24.0,1999.0,4,1,109,1.2,0,0,0,0,,0,0,0.0,0.0,0.1,3.0,4.0,4.0,,,,,,,,,,,,,,,,,,,,,,,,,,,,,,,All Football Players Stats Top 5 Leagues 2023-24
2023-24,serie_a_league,Juan Cuadrado,co COL,DF,Inter,35.0,1988.0,10,0,267,3.0,0,2,0,0,,1,0,0.2,0.2,1.6,17.0,11.0,35.0,,,,,,,,,,,,,,,,,,,,,,,,,,,,,,,All Football Players Stats Top 5 Leagues 2023-24
2023-24,serie_a_league,Marvin Cuni,al ALB,FW,Frosinone,22.0,2001.0,22,6,534,5.9,1,0,0,0,,0,0,1.3,1.3,0.3,6.0,11.0,45.0,,,,,,,,,,,,,,,,,,,,,,,,,,,,,,,All Football Players Stats Top 5 Leagues 2023-24
2023-24,serie_a_league,Danilo D'Ambrosio,it ITA,DF,Monza,34.0,1988.0,24,16,1536,17.1,0,0,0,0,,5,1,0.7,0.7,0.2,12.0,61.0,25.0,,,,,,,,,,,,,,,,,,,,,,,,,,,,,,,All Football Players Stats Top 5 Leagues 2023-24
2023-24,serie_a_league,Flavius Daniliuc,at AUT,DF,Salernitana,22.0,2001.0,14,8,744,8.3,0,0,0,0,,2,0,0.2,0.2,0.2,8.0,37.0,2.0,,,,,,,,,,,,,,,,,,,,,,,,,,,,,,,All Football Players Stats Top 5 Leagues 2023-24
2023-24,serie_a_league,Danilo,br BRA,DF,Juventus,32.0,1991.0,29,27,2452,27.2,1,1,0,0,,7,0,1.3,1.3,0.9,18.0,161.0,21.0,,,,,,,,,,,,,,,,,,,,,,,,,,,,,,,All Football Players Stats Top 5 Leagues 2023-24
2023-24,serie_a_league,Matteo Darmian,it ITA,DF,Inter,33.0,1989.0,33,27,2404,26.7,2,1,0,0,,2,0,1.2,1.2,1.8,18.0,72.0,82.0,,,,,,,,,,,,,,,,,,,,,,,,,,,,,,,All Football Players Stats Top 5 Leagues 2023-24
2023-24,serie_a_league,Juan David Cabal,co COL,DF,Hellas Verona,22.0,2001.0,22,17,1497,16.6,0,0,0,0,,6,0,0.5,0.5,0.4,26.0,70.0,48.0,,,,,,,,,,,,,,,,,,,,,,,,,,,,,,,All Football Players Stats Top 5 Leagues 2023-24
2023-24,serie_a_league,Keinan Davis,eng ENG,"FW,MF",Udinese,25.0,1998.0,8,0,186,2.1,1,0,0,0,,2,0,0.5,0.5,0.1,2.0,6.0,15.0,,,,,,,,,,,,,,,,,,,,,,,,,,,,,,,All Football Players Stats Top 5 Leagues 2023-24
2023-24,serie_a_league,Paweł Dawidowicz,pl POL,DF,Hellas Verona,28.0,1995.0,28,25,2143,23.8,0,0,0,0,,5,0,0.5,0.5,0.0,11.0,89.0,5.0,,,,,,,,,,,,,,,,,,,,,,,,,,,,,,,All Football Players Stats Top 5 Leagues 2023-24
2023-24,serie_a_league,Charles De Ketelaere,be BEL,"FW,MF",Atalanta,22.0,2001.0,35,25,2026,22.5,10,8,1,1,,1,0,7.1,6.3,6.1,88.0,126.0,219.0,,,,,,,,,,,,,,,,,,,,,,,,,,,,,,,All Football Players Stats Top 5 Leagues 2023-24
2023-24,serie_a_league,Mattia De Sciglio,it ITA,DF,Juventus,30.0,1992.0,1,1,45,0.5,0,0,0,0,,0,0,0.0,0.0,0.0,0.0,3.0,1.0,,,,,,,,,,,,,,,,,,,,,,,,,,,,,,,All Football Players Stats Top 5 Leagues 2023-24
2023-24,serie_a_league,Lorenzo De Silvestri,it ITA,DF,Bologna,35.0,1988.0,15,7,674,7.5,2,0,0,0,,0,0,0.2,0.2,0.0,14.0,27.0,12.0,,,,,,,,,,,,,,,,,,,,,,,,,,,,,,,All Football Players Stats Top 5 Leagues 2023-24
2023-24,serie_a_league,Koni De Winter,be BEL,DF,Genoa,21.0,2002.0,29,26,2380,26.4,0,1,0,0,,8,1,0.8,0.8,1.0,21.0,76.0,15.0,,,,,,,,,,,,,,,,,,,,,,,,,,,,,,,All Football Players Stats Top 5 Leagues 2023-24
2023-24,serie_a_league,Grégoire Defrel,mq MTQ,"FW,MF",Sassuolo,32.0,1991.0,20,7,757,8.4,1,2,0,0,,0,0,1.0,1.0,1.2,7.0,17.0,42.0,,,,,,,,,,,,,,,,,,,,,,,,,,,,,,,All Football Players Stats Top 5 Leagues 2023-24
2023-24,serie_a_league,Alessandro Deiola,it ITA,MF,Cagliari,27.0,1995.0,27,19,1608,17.9,1,0,0,0,,7,0,2.5,2.5,0.9,9.0,64.0,21.0,,,,,,,,,,,,,,,,,,,,,,,,,,,,,,,All Football Players Stats Top 5 Leagues 2023-24
2023-24,serie_a_league,Alessandro Dellavalle,it ITA,DF,Torino,19.0,2004.0,1,0,15,0.2,0,0,0,0,,0,0,0.0,0.0,0.0,0.0,1.0,0.0,,,,,,,,,,,,,,,,,,,,,,,,,,,,,,,All Football Players Stats Top 5 Leagues 2023-24
2023-24,serie_a_league,Diego Demme,de GER,MF,Napoli,31.0,1991.0,2,1,73,0.8,0,0,0,0,,1,0,0.0,0.0,0.0,3.0,5.0,0.0,,,,,,,,,,,,,,,,,,,,,,,,,,,,,,,All Football Players Stats Top 5 Leagues 2023-24
2023-24,serie_a_league,Leander Dendoncker,be BEL,MF,Napoli,28.0,1995.0,3,0,24,0.3,0,0,0,0,,0,0,0.0,0.0,0.0,0.0,2.0,0.0,,,,,,,,,,,,,,,,,,,,,,,,,,,,,,,All Football Players Stats Top 5 Leagues 2023-24
2023-24,serie_a_league,Mattia Destro,it ITA,"FW,MF",Empoli,32.0,1991.0,15,3,366,4.1,0,0,0,0,,2,0,1.2,1.2,0.3,4.0,4.0,19.0,,,,,,,,,,,,,,,,,,,,,,,,,,,,,,,All Football Players Stats Top 5 Leagues 2023-24
2023-24,serie_a_league,Federico Di Francesco,it ITA,"FW,MF",Lecce,29.0,1994.0,2,0,15,0.2,1,0,0,0,,0,0,0.1,0.1,0.0,1.0,1.0,3.0,,,,,,,,,,,,,,,,,,,,,,,,,,,,,,,All Football Players Stats Top 5 Leagues 2023-24
2023-24,serie_a_league,Raffaele Di Gennaro,it ITA,GK,Inter,29.0,1993.0,1,0,23,0.3,0,0,0,0,,0,0,0.0,0.0,0.0,0.0,0.0,0.0,,,,,,,,,,,,,,,,,,,,,,,,,,,,,,,All Football Players Stats Top 5 Leagues 2023-24
2023-24,serie_a_league,Michele Di Gregorio,it ITA,GK,Monza,26.0,1997.0,33,33,2872,31.9,0,0,0,0,,0,0,0.0,0.0,0.0,0.0,1.0,0.0,,,,,,,,,,,,,,,,,,,,,,,,,,,,,,,All Football Players Stats Top 5 Leagues 2023-24
2023-24,serie_a_league,Giovanni Di Lorenzo,it ITA,DF,Napoli,29.0,1993.0,36,36,3234,35.9,1,6,0,0,,6,0,3.1,3.1,4.9,95.0,304.0,250.0,,,,,,,,,,,,,,,,,,,,,,,,,,,,,,,All Football Players Stats Top 5 Leagues 2023-24
2023-24,serie_a_league,Alessandro Di Pardo,it ITA,"DF,MF",Cagliari,24.0,1999.0,15,2,359,4.0,0,0,0,0,,0,0,0.1,0.1,0.2,6.0,11.0,19.0,,,,,,,,,,,,,,,,,,,,,,,,,,,,,,,All Football Players Stats Top 5 Leagues 2023-24
2023-24,serie_a_league,Boulaye Dia,sn SEN,"FW,MF",Salernitana,26.0,1996.0,17,12,1143,12.7,4,0,1,1,,1,0,3.9,3.1,0.5,18.0,22.0,57.0,,,,,,,,,,,,,,,,,,,,,,,,,,,,,,,All Football Players Stats Top 5 Leagues 2023-24
2023-24,serie_a_league,Federico Dimarco,it ITA,DF,Inter,25.0,1997.0,30,29,2077,23.1,5,6,0,0,,0,0,2.9,2.7,8.5,51.0,100.0,198.0,,,,,,,,,,,,,,,,,,,,,,,,,,,,,,,All Football Players Stats Top 5 Leagues 2023-24
2023-24,serie_a_league,Tiago Djaló,pt POR,DF,Juventus,23.0,2000.0,1,0,17,0.2,0,0,0,0,,0,0,0.0,0.0,0.0,1.0,2.0,0.0,,,,,,,,,,,,,,,,,,,,,,,,,,,,,,,All Football Players Stats Top 5 Leagues 2023-24
2023-24,serie_a_league,Koffi Djidji,ci CIV,DF,Torino,30.0,1992.0,13,8,759,8.4,0,0,0,0,,2,0,0.1,0.1,0.0,4.0,19.0,3.0,,,,,,,,,,,,,,,,,,,,,,,,,,,,,,,All Football Players Stats Top 5 Leagues 2023-24
2023-24,serie_a_league,Berat Djimsiti,al ALB,DF,Atalanta,30.0,1993.0,37,32,2832,31.5,0,1,0,0,,5,0,0.8,0.8,0.7,6.0,79.0,10.0,,,,,,,,,,,,,,,,,,,,,,,,,,,,,,,All Football Players Stats Top 5 Leagues 2023-24
2023-24,serie_a_league,Dodô,br BRA,DF,Fiorentina,24.0,1998.0,9,7,523,5.8,0,0,0,0,,0,0,0.1,0.1,0.8,20.0,39.0,21.0,,,,,,,,,,,,,,,,,,,,,,,,,,,,,,,All Football Players Stats Top 5 Leagues 2023-24
2023-24,serie_a_league,Josh Doig,sct SCO,DF,Hellas Verona,21.0,2002.0,12,11,830,9.2,0,0,0,0,,2,0,0.2,0.2,0.3,23.0,15.0,22.0,,,,,,,,,,,,,,,,,,,,,,,,,,,,,,,All Football Players Stats Top 5 Leagues 2023-24
2023-24,serie_a_league,Josh Doig,sct SCO,DF,Sassuolo,21.0,2002.0,16,15,1343,14.9,0,2,0,0,,5,0,0.2,0.2,1.1,30.0,33.0,45.0,,,,,,,,,,,,,,,,,,,,,,,,,,,,,,,All Football Players Stats Top 5 Leagues 2023-24
2023-24,serie_a_league,Nicolás Domínguez,ar ARG,MF,Bologna,25.0,1998.0,2,1,102,1.1,0,0,0,0,,0,0,0.0,0.0,0.0,1.0,9.0,3.0,,,,,,,,,,,,,,,,,,,,,,,,,,,,,,,All Football Players Stats Top 5 Leagues 2023-24
2023-24,serie_a_league,Giulio Donati,it ITA,DF,Monza,33.0,1990.0,4,0,36,0.4,0,0,0,0,,2,0,0.0,0.0,0.2,0.0,3.0,5.0,,,,,,,,,,,,,,,,,,,,,,,,,,,,,,,All Football Players Stats Top 5 Leagues 2023-24
2023-24,serie_a_league,Patrick Dorgu,dk DEN,"DF,MF",Lecce,18.0,2004.0,32,17,1564,17.4,2,0,0,0,,6,0,2.0,2.0,1.6,37.0,49.0,86.0,,,,,,,,,,,,,,,,,,,,,,,,,,,,,,,All Football Players Stats Top 5 Leagues 2023-24
2023-24,serie_a_league,Alberto Dossena,it ITA,DF,Cagliari,24.0,1998.0,35,33,2977,33.1,2,4,0,0,,5,0,2.2,2.2,2.1,9.0,89.0,2.0,,,,,,,,,,,,,,,,,,,,,,,,,,,,,,,All Football Players Stats Top 5 Leagues 2023-24
2023-24,serie_a_league,Radu Drăgușin,ro ROU,DF,Genoa,21.0,2002.0,19,19,1710,19.0,2,1,0,0,,1,0,1.0,1.0,0.8,6.0,29.0,13.0,,,,,,,,,,,,,,,,,,,,,,,,,,,,,,,All Football Players Stats Top 5 Leagues 2023-24
2023-24,serie_a_league,Ondrej Duda,sk SVK,MF,Hellas Verona,28.0,1994.0,32,29,2456,27.3,1,4,0,1,,14,2,2.2,1.4,3.3,34.0,117.0,47.0,,,,,,,,,,,,,,,,,,,,,,,,,,,,,,,All Football Players Stats Top 5 Leagues 2023-24
2023-24,serie_a_league,Denzel Dumfries,nl NED,DF,Inter,27.0,1996.0,31,19,1639,18.2,4,4,0,0,,2,1,2.3,2.3,4.9,50.0,51.0,147.0,,,,,,,,,,,,,,,,,,,,,,,,,,,,,,,All Football Players Stats Top 5 Leagues 2023-24
2023-24,serie_a_league,Alfred Duncan,gh GHA,MF,Fiorentina,30.0,1993.0,30,24,1888,21.0,2,5,0,0,,2,0,1.5,1.5,2.0,23.0,133.0,47.0,,,,,,,,,,,,,,,,,,,,,,,,,,,,,,,All Football Players Stats Top 5 Leagues 2023-24
2023-24,serie_a_league,Paulo Dybala,ar ARG,"FW,MF",Roma,29.0,1993.0,28,25,1959,21.8,13,9,7,7,,3,0,10.6,5.1,4.3,79.0,122.0,167.0,,,,,,,,,,,,,,,,,,,,,,,,,,,,,,,All Football Players Stats Top 5 Leagues 2023-24
2023-24,serie_a_league,Festy Ebosele,ie IRL,DF,Udinese,20.0,2002.0,31,20,1700,18.9,0,0,0,0,,6,1,0.8,0.8,1.8,67.0,35.0,98.0,,,,,,,,,,,,,,,,,,,,,,,,,,,,,,,All Football Players Stats Top 5 Leagues 2023-24
2023-24,serie_a_league,Enzo Ebosse,cm CMR,DF,Udinese,24.0,1999.0,1,0,8,0.1,0,0,0,0,,0,0,0.0,0.0,0.0,0.0,1.0,0.0,,,,,,,,,,,,,,,,,,,,,,,,,,,,,,,All Football Players Stats Top 5 Leagues 2023-24
2023-24,serie_a_league,Tyronne Ebuehi,ng NGA,DF,Empoli,27.0,1995.0,15,11,1099,12.2,0,1,0,0,,0,0,0.3,0.3,0.9,34.0,37.0,35.0,,,,,,,,,,,,,,,,,,,,,,,,,,,,,,,All Football Players Stats Top 5 Leagues 2023-24
2023-24,serie_a_league,Éderson,br BRA,MF,Atalanta,24.0,1999.0,36,32,2869,31.9,6,1,0,0,,8,0,3.5,3.5,1.4,32.0,214.0,50.0,,,,,,,,,,,,,,,,,,,,,,,,,,,,,,,All Football Players Stats Top 5 Leagues 2023-24
2023-24,serie_a_league,Kingsley Ehizibue,nl NED,DF,Udinese,28.0,1995.0,23,11,955,10.6,0,1,0,0,,4,0,1.3,1.3,0.7,18.0,15.0,44.0,,,,,,,,,,,,,,,,,,,,,,,,,,,,,,,All Football Players Stats Top 5 Leagues 2023-24
2023-24,serie_a_league,Emmanuel Ekong,se SWE,FW,Empoli,21.0,2002.0,1,0,5,0.1,0,0,0,0,,0,0,0.0,0.0,0.0,0.0,0.0,1.0,,,,,,,,,,,,,,,,,,,,,,,,,,,,,,,All Football Players Stats Top 5 Leagues 2023-24
2023-24,serie_a_league,Caleb Ekuban,gh GHA,FW,Genoa,29.0,1994.0,29,10,1131,12.6,4,1,0,0,,0,0,2.9,2.9,1.4,14.0,15.0,93.0,,,,,,,,,,,,,,,,,,,,,,,,,,,,,,,All Football Players Stats Top 5 Leagues 2023-24
2023-24,serie_a_league,Elif Elmas,mk MKD,"FW,MF",Napoli,23.0,1999.0,11,4,339,3.8,2,0,0,0,,2,0,0.5,0.5,0.2,14.0,16.0,26.0,,,,,,,,,,,,,,,,,,,,,,,,,,,,,,,All Football Players Stats Top 5 Leagues 2023-24
2023-24,serie_a_league,Martin Erlic,hr CRO,DF,Sassuolo,25.0,1998.0,32,31,2618,29.1,1,0,0,0,,5,0,1.0,1.0,0.0,19.0,78.0,11.0,,,,,,,,,,,,,,,,,,,,,,,,,,,,,,,All Football Players Stats Top 5 Leagues 2023-24
2023-24,serie_a_league,Giovanni Fabbian,it ITA,"MF,FW",Bologna,20.0,2003.0,27,11,1057,11.7,5,2,0,0,,4,0,4.2,4.2,1.9,11.0,17.0,41.0,,,,,,,,,,,,,,,,,,,,,,,,,,,,,,,All Football Players Stats Top 5 Leagues 2023-24
2023-24,serie_a_league,Nicolò Fagioli,it ITA,MF,Juventus,22.0,2001.0,8,4,437,4.9,0,2,0,0,,1,0,0.4,0.4,0.7,8.0,23.0,15.0,,,,,,,,,,,,,,,,,,,,,,,,,,,,,,,All Football Players Stats Top 5 Leagues 2023-24
2023-24,serie_a_league,Wladimiro Falcone,it ITA,GK,Lecce,28.0,1995.0,38,38,3420,38.0,0,0,0,0,,0,0,0.0,0.0,0.2,0.0,1.0,0.0,,,,,,,,,,,,,,,,,,,,,,,,,,,,,,,All Football Players Stats Top 5 Leagues 2023-24
2023-24,serie_a_league,Davide Faraoni,it ITA,DF,Hellas Verona,31.0,1991.0,11,7,602,6.7,0,1,0,0,,5,0,0.4,0.4,0.4,13.0,28.0,31.0,,,,,,,,,,,,,,,,,,,,,,,,,,,,,,,All Football Players Stats Top 5 Leagues 2023-24
2023-24,serie_a_league,Davide Faraoni,it ITA,DF,Fiorentina,31.0,1991.0,8,4,392,4.4,0,1,0,0,,0,0,0.1,0.1,0.4,7.0,17.0,16.0,,,,,,,,,,,,,,,,,,,,,,,,,,,,,,,All Football Players Stats Top 5 Leagues 2023-24
2023-24,serie_a_league,Federico Fazio,ar ARG,DF,Salernitana,36.0,1987.0,17,15,1355,15.1,1,0,0,0,,3,1,0.4,0.4,0.1,2.0,27.0,2.0,,,,,,,,,,,,,,,,,,,,,,,,,,,,,,,All Football Players Stats Top 5 Leagues 2023-24
2023-24,serie_a_league,Jacopo Fazzini,it ITA,MF,Empoli,20.0,2003.0,31,14,1232,13.7,1,1,0,0,,6,0,1.2,1.2,2.3,24.0,47.0,51.0,,,,,,,,,,,,,,,,,,,,,,,,,,,,,,,All Football Players Stats Top 5 Leagues 2023-24
2023-24,serie_a_league,Lewis Ferguson,sct SCO,MF,Bologna,23.0,1999.0,31,31,2712,30.1,6,3,0,0,,8,0,5.4,5.4,2.3,57.0,142.0,138.0,,,,,,,,,,,,,,,,,,,,,,,,,,,,,,,All Football Players Stats Top 5 Leagues 2023-24
2023-24,serie_a_league,Andrea Ferraris,it ITA,MF,Monza,20.0,2003.0,1,0,10,0.1,0,0,0,0,,0,0,0.0,0.0,0.0,0.0,1.0,0.0,,,,,,,,,,,,,,,,,,,,,,,,,,,,,,,All Football Players Stats Top 5 Leagues 2023-24
2023-24,serie_a_league,João Ferreira,pt POR,DF,Udinese,22.0,2001.0,35,18,1822,20.2,0,1,0,0,,9,0,0.1,0.1,0.9,19.0,61.0,45.0,,,,,,,,,,,,,,,,,,,,,,,,,,,,,,,All Football Players Stats Top 5 Leagues 2023-24
2023-24,serie_a_league,Seydou Fini,it ITA,"DF,FW",Genoa,17.0,2006.0,3,0,35,0.4,0,0,0,0,,0,0,0.1,0.1,0.0,1.0,0.0,2.0,,,,,,,,,,,,,,,,,,,,,,,,,,,,,,,All Football Players Stats Top 5 Leagues 2023-24
2023-24,serie_a_league,Vincenzo Fiorillo,it ITA,GK,Salernitana,33.0,1990.0,4,4,360,4.0,0,0,0,0,,1,1,0.0,0.0,0.0,0.0,0.0,0.0,,,,,,,,,,,,,,,,,,,,,,,,,,,,,,,All Football Players Stats Top 5 Leagues 2023-24
2023-24,serie_a_league,Alessandro Florenzi,it ITA,DF,Milan,32.0,1991.0,31,19,1732,19.2,1,4,0,0,,5,0,1.7,1.7,3.4,29.0,106.0,50.0,,,,,,,,,,,,,,,,,,,,,,,,,,,,,,,All Football Players Stats Top 5 Leagues 2023-24
2023-24,serie_a_league,Michael Folorunsho,it ITA,"MF,FW",Hellas Verona,25.0,1998.0,34,33,2781,30.9,5,1,0,0,,5,0,4.0,3.9,1.4,56.0,54.0,110.0,,,,,,,,,,,,,,,,,,,,,,,,,,,,,,,All Football Players Stats Top 5 Leagues 2023-24
2023-24,serie_a_league,Davide Frattesi,it ITA,MF,Inter,23.0,1999.0,32,6,955,10.6,6,3,0,0,,1,0,7.1,7.1,1.9,27.0,37.0,40.0,,,,,,,,,,,,,,,,,,,,,,,,,,,,,,,All Football Players Stats Top 5 Leagues 2023-24
2023-24,serie_a_league,Morten Frendrup,dk DEN,MF,Genoa,22.0,2001.0,37,36,3145,34.9,2,5,0,0,,6,0,1.7,1.7,1.6,36.0,105.0,69.0,,,,,,,,,,,,,,,,,,,,,,,,,,,,,,,All Football Players Stats Top 5 Leagues 2023-24
2023-24,serie_a_league,Remo Freuler,ch SUI,MF,Bologna,31.0,1992.0,32,30,2624,29.2,1,1,0,0,,9,0,1.2,1.2,1.1,37.0,165.0,48.0,,,,,,,,,,,,,,,,,,,,,,,,,,,,,,,All Football Players Stats Top 5 Leagues 2023-24
2023-24,serie_a_league,Gerardo Fusco,it ITA,FW,Salernitana,18.0,2005.0,1,0,15,0.2,0,0,0,0,,0,0,0.0,0.0,0.0,0.0,0.0,1.0,,,,,,,,,,,,,,,,,,,,,,,,,,,,,,,All Football Players Stats Top 5 Leagues 2023-24
2023-24,serie_a_league,Matteo Gabbia,it ITA,DF,Milan,23.0,1999.0,18,14,1275,14.2,2,1,0,0,,5,0,1.6,1.6,0.3,11.0,42.0,2.0,,,,,,,,,,,,,,,,,,,,,,,,,,,,,,,All Football Players Stats Top 5 Leagues 2023-24
2023-24,serie_a_league,Gianluca Gaetano,it ITA,"FW,MF",Cagliari,23.0,2000.0,11,10,745,8.3,4,1,1,1,,1,1,1.3,0.5,1.3,17.0,41.0,42.0,,,,,,,,,,,,,,,,,,,,,,,,,,,,,,,All Football Players Stats Top 5 Leagues 2023-24
2023-24,serie_a_league,Gianluca Gaetano,it ITA,MF,Napoli,23.0,2000.0,9,1,161,1.8,1,0,0,0,,1,0,0.6,0.6,0.5,6.0,6.0,5.0,,,,,,,,,,,,,,,,,,,,,,,,,,,,,,,All Football Players Stats Top 5 Leagues 2023-24
2023-24,serie_a_league,Roberto Gagliardini,it ITA,"MF,DF",Monza,29.0,1994.0,33,29,2360,26.2,1,2,0,0,,5,0,2.9,2.9,1.7,38.0,120.0,36.0,,,,,,,,,,,,,,,,,,,,,,,,,,,,,,,All Football Players Stats Top 5 Leagues 2023-24
2023-24,serie_a_league,Pablo Galdames Millán,cl CHI,"MF,DF",Genoa,26.0,1996.0,2,0,11,0.1,0,0,0,0,,0,0,0.0,0.0,0.0,0.0,5.0,1.0,,,,,,,,,,,,,,,,,,,,,,,,,,,,,,,All Football Players Stats Top 5 Leagues 2023-24
2023-24,serie_a_league,Antonino Gallo,it ITA,DF,Lecce,23.0,2000.0,35,30,2490,27.7,0,3,0,0,,2,0,0.5,0.5,4.5,69.0,125.0,101.0,,,,,,,,,,,,,,,,,,,,,,,,,,,,,,,All Football Players Stats Top 5 Leagues 2023-24
2023-24,serie_a_league,Luca Garritano,it ITA,"MF,DF",Frosinone,29.0,1994.0,12,5,485,5.4,0,0,0,0,,1,0,0.7,0.7,0.3,6.0,23.0,23.0,,,,,,,,,,,,,,,,,,,,,,,,,,,,,,,All Football Players Stats Top 5 Leagues 2023-24
2023-24,serie_a_league,Federico Gatti,it ITA,DF,Juventus,25.0,1998.0,32,30,2637,29.3,4,0,0,0,,7,0,5.5,5.5,1.5,52.0,122.0,43.0,,,,,,,,,,,,,,,,,,,,,,,,,,,,,,,All Football Players Stats Top 5 Leagues 2023-24
2023-24,serie_a_league,Francesco Gelli,it ITA,"MF,DF",Frosinone,26.0,1996.0,27,16,1561,17.3,0,0,0,0,,3,0,0.7,0.7,2.4,42.0,61.0,87.0,,,,,,,,,,,,,,,,,,,,,,,,,,,,,,,All Football Players Stats Top 5 Leagues 2023-24
2023-24,serie_a_league,Luca Gemello,it ITA,GK,Torino,23.0,2000.0,2,2,180,2.0,0,0,0,0,,0,0,0.0,0.0,0.0,0.0,0.0,0.0,,,,,,,,,,,,,,,,,,,,,,,,,,,,,,,All Football Players Stats Top 5 Leagues 2023-24
2023-24,serie_a_league,Valentin Gendrey,fr FRA,DF,Lecce,23.0,2000.0,37,35,3044,33.8,2,3,0,0,,5,0,1.6,1.6,1.6,76.0,116.0,86.0,,,,,,,,,,,,,,,,,,,,,,,,,,,,,,,All Football Players Stats Top 5 Leagues 2023-24
2023-24,serie_a_league,Farés Ghedjemis,fr FRA,"FW,MF",Frosinone,20.0,2002.0,6,1,182,2.0,0,0,0,0,,1,0,0.1,0.1,0.1,7.0,2.0,19.0,,,,,,,,,,,,,,,,,,,,,,,,,,,,,,,All Football Players Stats Top 5 Leagues 2023-24
2023-24,serie_a_league,Lautaro Gianetti,ar ARG,DF,Udinese,29.0,1993.0,7,7,630,7.0,1,0,0,0,,4,0,0.4,0.4,0.1,2.0,4.0,0.0,,,,,,,,,,,,,,,,,,,,,,,,,,,,,,,All Football Players Stats Top 5 Leagues 2023-24
2023-24,serie_a_league,Mario Gila,es ESP,DF,Lazio,22.0,2000.0,21,21,1809,20.1,0,0,0,0,,4,1,0.5,0.5,0.5,21.0,93.0,12.0,,,,,,,,,,,,,,,,,,,,,,,,,,,,,,,All Football Players Stats Top 5 Leagues 2023-24
2023-24,serie_a_league,Gvidas Gineitis,lt LTU,MF,Torino,19.0,2004.0,14,4,538,6.0,0,0,0,0,,2,0,0.4,0.4,0.5,9.0,25.0,12.0,,,,,,,,,,,,,,,,,,,,,,,,,,,,,,,All Football Players Stats Top 5 Leagues 2023-24
2023-24,serie_a_league,Olivier Giroud,fr FRA,FW,Milan,36.0,1986.0,35,28,2363,26.3,15,8,4,5,,1,1,14.2,10.2,4.7,9.0,28.0,95.0,,,,,,,,,,,,,,,,,,,,,,,,,,,,,,,All Football Players Stats Top 5 Leagues 2023-24
2023-24,serie_a_league,Edoardo Goldaniga,it ITA,DF,Cagliari,29.0,1993.0,13,12,1011,11.2,0,0,0,0,,3,0,0.5,0.5,0.1,9.0,50.0,3.0,,,,,,,,,,,,,,,,,,,,,,,,,,,,,,,All Football Players Stats Top 5 Leagues 2023-24
2023-24,serie_a_league,Pierluigi Gollini,it ITA,GK,Napoli,28.0,1995.0,7,7,630,7.0,0,0,0,0,,0,0,0.0,0.0,0.0,0.0,0.0,0.0,,,,,,,,,,,,,,,,,,,,,,,,,,,,,,,All Football Players Stats Top 5 Leagues 2023-24
2023-24,serie_a_league,Papu Gómez,ar ARG,"MF,FW",Monza,35.0,1988.0,2,0,41,0.5,0,0,0,0,,0,0,0.0,0.0,0.2,2.0,3.0,1.0,,,,,,,,,,,,,,,,,,,,,,,,,,,,,,,All Football Players Stats Top 5 Leagues 2023-24
2023-24,serie_a_league,Iron Gomis,fr FRA,MF,Salernitana,23.0,1999.0,5,1,134,1.5,0,0,0,0,,0,0,0.6,0.6,0.2,3.0,4.0,15.0,,,,,,,,,,,,,,,,,,,,,,,,,,,,,,,All Football Players Stats Top 5 Leagues 2023-24
2023-24,serie_a_league,Joan Gonzàlez,es ESP,MF,Lecce,21.0,2002.0,29,13,1291,14.3,1,1,0,0,,6,0,1.2,1.2,1.0,25.0,49.0,41.0,,,,,,,,,,,,,,,,,,,,,,,,,,,,,,,All Football Players Stats Top 5 Leagues 2023-24
2023-24,serie_a_league,Nicolás González,ar ARG,FW,Fiorentina,25.0,1998.0,29,21,1913,21.3,12,2,1,3,,1,0,10.4,8.0,1.6,53.0,100.0,190.0,,,,,,,,,,,,,,,,,,,,,,,,,,,,,,,All Football Players Stats Top 5 Leagues 2023-24
2023-24,serie_a_league,Alberto Grassi,it ITA,MF,Empoli,28.0,1995.0,27,22,1807,20.1,0,1,0,0,,6,1,1.1,1.1,0.6,13.0,75.0,13.0,,,,,,,,,,,,,,,,,,,,,,,,,,,,,,,All Football Players Stats Top 5 Leagues 2023-24
2023-24,serie_a_league,Mattéo Guendouzi,fr FRA,MF,Lazio,24.0,1999.0,33,27,2367,26.3,2,3,0,0,,3,1,1.6,1.6,2.3,46.0,119.0,79.0,,,,,,,,,,,,,,,,,,,,,,,,,,,,,,,All Football Players Stats Top 5 Leagues 2023-24
2023-24,serie_a_league,Axel Guessand,fr FRA,DF,Udinese,18.0,2004.0,1,0,45,0.5,0,0,0,0,,0,0,0.0,0.0,0.0,1.0,1.0,1.0,,,,,,,,,,,,,,,,,,,,,,,,,,,,,,,All Football Players Stats Top 5 Leagues 2023-24
2023-24,serie_a_league,Albert Guðmundsson,is ISL,"FW,MF",Genoa,26.0,1997.0,35,34,3016,33.5,14,4,4,5,,4,0,9.9,5.8,5.2,82.0,120.0,168.0,,,,,,,,,,,,,,,,,,,,,,,,,,,,,,,All Football Players Stats Top 5 Leagues 2023-24
2023-24,serie_a_league,Emmanuel Gyasi,gh GHA,"DF,FW",Empoli,29.0,1994.0,33,21,1879,20.9,1,2,0,0,,8,0,3.5,3.5,1.5,15.0,41.0,60.0,,,,,,,,,,,,,,,,,,,,,,,,,,,,,,,All Football Players Stats Top 5 Leagues 2023-24
2023-24,serie_a_league,Norbert Gyömbér,sk SVK,DF,Salernitana,31.0,1992.0,22,20,1760,19.6,0,0,0,0,,9,0,0.2,0.2,0.2,4.0,42.0,2.0,,,,,,,,,,,,,,,,,,,,,,,,,,,,,,,All Football Players Stats Top 5 Leagues 2023-24
2023-24,serie_a_league,Nicolas Haas,ch SUI,MF,Empoli,27.0,1996.0,1,1,90,1.0,0,0,0,0,,1,0,0.1,0.1,0.0,0.0,6.0,4.0,,,,,,,,,,,,,,,,,,,,,,,,,,,,,,,All Football Players Stats Top 5 Leagues 2023-24
2023-24,serie_a_league,Ridgeciano Haps,sr SUR,DF,Genoa,30.0,1993.0,16,7,773,8.6,0,1,0,0,,0,0,0.1,0.1,0.7,13.0,13.0,42.0,,,,,,,,,,,,,,,,,,,,,,,,,,,,,,,All Football Players Stats Top 5 Leagues 2023-24
2023-24,serie_a_league,Abdou Harroui,nl NED,"MF,FW",Frosinone,25.0,1998.0,18,13,1019,11.3,3,3,1,1,,2,0,3.1,2.3,1.2,43.0,38.0,56.0,,,,,,,,,,,,,,,,,,,,,,,,,,,,,,,All Football Players Stats Top 5 Leagues 2023-24
2023-24,serie_a_league,Hans Hateboer,nl NED,DF,Atalanta,29.0,1994.0,23,10,1113,12.4,0,1,0,0,,5,0,0.3,0.3,2.0,19.0,42.0,71.0,,,,,,,,,,,,,,,,,,,,,,,,,,,,,,,All Football Players Stats Top 5 Leagues 2023-24
2023-24,serie_a_league,Pantelis Hatzidiakos,gr GRE,DF,Cagliari,26.0,1997.0,13,13,856,9.5,0,0,0,0,,1,0,0.4,0.4,0.0,3.0,34.0,7.0,,,,,,,,,,,,,,,,,,,,,,,,,,,,,,,All Football Players Stats Top 5 Leagues 2023-24
2023-24,serie_a_league,Silvan Hefti,ch SUI,"MF,DF",Genoa,25.0,1997.0,6,1,114,1.3,0,0,0,0,,0,0,0.0,0.0,0.0,1.0,2.0,4.0,,,,,,,,,,,,,,,,,,,,,,,,,,,,,,,All Football Players Stats Top 5 Leagues 2023-24
2023-24,serie_a_league,Liam Henderson,sct SCO,MF,Empoli,27.0,1996.0,1,0,5,0.1,0,0,0,0,,0,0,0.0,0.0,0.0,0.0,0.0,0.0,,,,,,,,,,,,,,,,,,,,,,,,,,,,,,,All Football Players Stats Top 5 Leagues 2023-24
2023-24,serie_a_league,Matheus Henrique,br BRA,MF,Sassuolo,25.0,1997.0,31,27,2501,27.8,2,2,0,0,,8,1,2.3,2.3,1.6,43.0,94.0,44.0,,,,,,,,,,,,,,,,,,,,,,,,,,,,,,,All Football Players Stats Top 5 Leagues 2023-24
2023-24,serie_a_league,Thomas Henry,fr FRA,FW,Hellas Verona,28.0,1994.0,18,2,334,3.7,3,0,0,1,,2,2,3.3,2.5,0.0,2.0,3.0,20.0,,,,,,,,,,,,,,,,,,,,,,,,,,,,,,,All Football Players Stats Top 5 Leagues 2023-24
2023-24,serie_a_league,Theo Hernández,fr FRA,DF,Milan,25.0,1997.0,32,31,2791,31.0,5,4,1,2,,11,1,4.9,3.4,4.3,115.0,166.0,124.0,,,,,,,,,,,,,,,,,,,,,,,,,,,,,,,All Football Players Stats Top 5 Leagues 2023-24
2023-24,serie_a_league,Isak Hien,se SWE,DF,Hellas Verona,24.0,1999.0,10,9,864,9.6,0,0,0,0,,1,1,0.4,0.4,0.0,8.0,26.0,1.0,,,,,,,,,,,,,,,,,,,,,,,,,,,,,,,All Football Players Stats Top 5 Leagues 2023-24
2023-24,serie_a_league,Isak Hien,se SWE,DF,Atalanta,24.0,1999.0,16,9,937,10.4,0,1,0,0,,3,0,0.2,0.2,0.1,0.0,24.0,0.0,,,,,,,,,,,,,,,,,,,,,,,,,,,,,,,All Football Players Stats Top 5 Leagues 2023-24
2023-24,serie_a_league,Emil Holm,se SWE,DF,Atalanta,23.0,2000.0,22,12,947,10.5,1,1,0,0,,5,0,2.7,2.7,0.8,28.0,27.0,80.0,,,,,,,,,,,,,,,,,,,,,,,,,,,,,,,All Football Players Stats Top 5 Leagues 2023-24
2023-24,serie_a_league,Martin Hongla,cm CMR,MF,Hellas Verona,25.0,1998.0,15,12,1084,12.0,0,0,0,0,,0,0,0.1,0.1,0.3,6.0,57.0,6.0,,,,,,,,,,,,,,,,,,,,,,,,,,,,,,,All Football Players Stats Top 5 Leagues 2023-24
2023-24,serie_a_league,Sydney van Hooijdonk,nl NED,FW,Bologna,23.0,2000.0,9,2,212,2.4,0,0,0,0,,0,0,0.6,0.6,0.1,1.0,2.0,9.0,,,,,,,,,,,,,,,,,,,,,,,,,,,,,,,All Football Players Stats Top 5 Leagues 2023-24
2023-24,serie_a_league,Dean Huijsen,es ESP,DF,Roma,18.0,2005.0,13,4,509,5.7,2,0,0,0,,4,0,0.4,0.4,0.1,4.0,18.0,15.0,,,,,,,,,,,,,,,,,,,,,,,,,,,,,,,All Football Players Stats Top 5 Leagues 2023-24
2023-24,serie_a_league,Dean Huijsen,es ESP,DF,Juventus,18.0,2005.0,1,0,13,0.1,0,0,0,0,,0,0,0.0,0.0,0.0,0.0,2.0,0.0,,,,,,,,,,,,,,,,,,,,,,,,,,,,,,,All Football Players Stats Top 5 Leagues 2023-24
2023-24,serie_a_league,Elseid Hysaj,al ALB,DF,Lazio,29.0,1994.0,22,11,1199,13.3,0,0,0,0,,2,0,0.2,0.2,0.4,27.0,51.0,41.0,,,,,,,,,,,,,,,,,,,,,,,,,,,,,,,All Football Players Stats Top 5 Leagues 2023-24
2023-24,serie_a_league,Arijon Ibrahimović,de GER,"FW,DF",Frosinone,17.0,2005.0,16,5,474,5.3,1,1,0,0,,1,0,0.8,0.8,0.7,10.0,22.0,54.0,,,,,,,,,,,,,,,,,,,,,,,,,,,,,,,All Football Players Stats Top 5 Leagues 2023-24
2023-24,serie_a_league,Jonathan Ikone,fr FRA,FW,Fiorentina,25.0,1998.0,28,18,1682,18.7,3,1,0,0,,5,0,4.6,4.6,2.0,51.0,58.0,154.0,,,,,,,,,,,,,,,,,,,,,,,,,,,,,,,All Football Players Stats Top 5 Leagues 2023-24
2023-24,serie_a_league,Chukwubuikem Ikwuemesi,ng NGA,FW,Salernitana,21.0,2001.0,25,11,1061,11.8,1,1,0,0,,2,0,2.4,2.4,0.7,11.0,10.0,70.0,,,,,,,,,,,,,,,,,,,,,,,,,,,,,,,All Football Players Stats Top 5 Leagues 2023-24
2023-24,serie_a_league,Ivan Ilić,rs SRB,MF,Torino,22.0,2001.0,31,25,2098,23.3,3,2,0,0,,3,0,2.1,2.1,5.0,49.0,138.0,52.0,,,,,,,,,,,,,,,,,,,,,,,,,,,,,,,All Football Players Stats Top 5 Leagues 2023-24
2023-24,serie_a_league,Samuel Iling-Junior,eng ENG,"DF,MF",Juventus,19.0,2003.0,24,4,810,9.0,1,2,0,0,,1,0,0.7,0.7,1.3,29.0,25.0,64.0,,,,,,,,,,,,,,,,,,,,,,,,,,,,,,,All Football Players Stats Top 5 Leagues 2023-24
2023-24,serie_a_league,Ciro Immobile,it ITA,FW,Lazio,33.0,1990.0,31,21,1652,18.4,7,1,4,4,,8,0,9.7,6.6,2.1,19.0,39.0,123.0,,,,,,,,,,,,,,,,,,,,,,,,,,,,,,,All Football Players Stats Top 5 Leagues 2023-24
2023-24,serie_a_league,Gino Infantino,ar ARG,MF,Fiorentina,20.0,2003.0,6,0,96,1.1,0,0,0,0,,1,0,0.0,0.0,0.0,0.0,7.0,4.0,,,,,,,,,,,,,,,,,,,,,,,,,,,,,,,All Football Players Stats Top 5 Leagues 2023-24
2023-24,serie_a_league,Gustav Isaksen,dk DEN,FW,Lazio,22.0,2001.0,28,12,1074,11.9,3,1,0,0,,3,0,1.6,1.6,2.6,36.0,21.0,95.0,,,,,,,,,,,,,,,,,,,,,,,,,,,,,,,All Football Players Stats Top 5 Leagues 2023-24
2023-24,serie_a_league,Ardian Ismajli,al ALB,DF,Empoli,26.0,1996.0,26,23,2045,22.7,0,0,0,0,,2,0,0.3,0.3,0.1,9.0,49.0,3.0,,,,,,,,,,,,,,,,,,,,,,,,,,,,,,,All Football Players Stats Top 5 Leagues 2023-24
2023-24,serie_a_league,Armando Izzo,it ITA,DF,Monza,31.0,1992.0,23,20,1650,18.3,0,0,0,0,,9,0,0.7,0.7,0.5,15.0,59.0,7.0,,,,,,,,,,,,,,,,,,,,,,,,,,,,,,,All Football Players Stats Top 5 Leagues 2023-24
2023-24,serie_a_league,Filip Jagiełło,pl POL,MF,Genoa,25.0,1997.0,2,0,33,0.4,0,0,0,0,,0,0,0.0,0.0,0.0,1.0,2.0,2.0,,,,,,,,,,,,,,,,,,,,,,,,,,,,,,,All Football Players Stats Top 5 Leagues 2023-24
2023-24,serie_a_league,Jakub Jankto,cz CZE,"MF,FW",Cagliari,27.0,1996.0,18,13,872,9.7,1,2,0,0,,0,0,1.5,1.5,0.5,12.0,26.0,48.0,,,,,,,,,,,,,,,,,,,,,,,,,,,,,,,All Football Players Stats Top 5 Leagues 2023-24
2023-24,serie_a_league,Juan Jesus,br BRA,DF,Napoli,32.0,1991.0,24,23,2116,23.5,1,0,0,0,,7,0,1.3,1.3,0.3,6.0,82.0,2.0,,,,,,,,,,,,,,,,,,,,,,,,,,,,,,,All Football Players Stats Top 5 Leagues 2023-24
2023-24,serie_a_league,Alejandro Jiménez,es ESP,DF,Milan,18.0,2005.0,3,0,68,0.8,0,0,0,0,,1,0,0.0,0.0,0.1,2.0,2.0,3.0,,,,,,,,,,,,,,,,,,,,,,,,,,,,,,,All Football Players Stats Top 5 Leagues 2023-24
2023-24,serie_a_league,Kaio Jorge,br BRA,FW,Frosinone,21.0,2002.0,20,8,812,9.0,3,0,1,2,,2,0,5.4,3.8,0.3,6.0,11.0,46.0,,,,,,,,,,,,,,,,,,,,,,,,,,,,,,,All Football Players Stats Top 5 Leagues 2023-24
2023-24,serie_a_league,Luka Jović,rs SRB,FW,Milan,25.0,1997.0,23,8,877,9.7,6,1,0,0,,2,1,4.9,4.9,0.8,6.0,22.0,47.0,,,,,,,,,,,,,,,,,,,,,,,,,,,,,,,All Football Players Stats Top 5 Leagues 2023-24
2023-24,serie_a_league,Hamed Junior Traorè,ci CIV,MF,Napoli,23.0,2000.0,9,5,382,4.2,0,0,0,0,,1,0,0.9,0.9,0.7,12.0,21.0,19.0,,,,,,,,,,,,,,,,,,,,,,,,,,,,,,,All Football Players Stats Top 5 Leagues 2023-24
2023-24,serie_a_league,Mohamed Kaba,fr FRA,MF,Lecce,21.0,2001.0,23,15,1378,15.3,0,0,0,0,,4,1,1.2,1.2,0.9,14.0,60.0,32.0,,,,,,,,,,,,,,,,,,,,,,,,,,,,,,,All Football Players Stats Top 5 Leagues 2023-24
2023-24,serie_a_league,Christian Kabasele,be BEL,DF,Udinese,32.0,1991.0,13,10,861,9.6,1,1,0,0,,5,0,1.2,1.2,0.5,7.0,22.0,1.0,,,,,,,,,,,,,,,,,,,,,,,,,,,,,,,All Football Players Stats Top 5 Leagues 2023-24
2023-24,serie_a_league,Yayah Kallon,sl SLE,FW,Hellas Verona,22.0,2001.0,1,0,4,0.0,0,0,0,0,,0,0,0.0,0.0,0.0,0.0,1.0,0.0,,,,,,,,,,,,,,,,,,,,,,,,,,,,,,,All Football Players Stats Top 5 Leagues 2023-24
2023-24,serie_a_league,Pierre Kalulu,fr FRA,DF,Milan,23.0,2000.0,9,4,374,4.2,0,0,0,0,,0,0,0.1,0.1,0.1,6.0,19.0,11.0,,,,,,,,,,,,,,,,,,,,,,,,,,,,,,,All Football Players Stats Top 5 Leagues 2023-24
2023-24,serie_a_league,Daichi Kamada,jp JPN,MF,Lazio,26.0,1996.0,29,17,1544,17.2,2,2,0,0,,3,0,1.8,1.8,2.8,40.0,96.0,78.0,,,,,,,,,,,,,,,,,,,,,,,,,,,,,,,All Football Players Stats Top 5 Leagues 2023-24
2023-24,serie_a_league,Hassane Kamara,ci CIV,DF,Udinese,29.0,1994.0,35,27,2225,24.7,1,1,0,0,,4,0,1.9,1.9,2.8,61.0,81.0,93.0,,,,,,,,,,,,,,,,,,,,,,,,,,,,,,,All Football Players Stats Top 5 Leagues 2023-24
2023-24,serie_a_league,Yann Karamoh,fr FRA,"MF,FW",Torino,25.0,1998.0,10,1,162,1.8,0,0,0,0,,0,0,0.1,0.1,0.1,11.0,5.0,12.0,,,,,,,,,,,,,,,,,,,,,,,,,,,,,,,All Football Players Stats Top 5 Leagues 2023-24
2023-24,serie_a_league,Jesper Karlsson,se SWE,FW,Bologna,25.0,1998.0,7,4,344,3.8,0,0,0,0,,0,0,0.4,0.4,0.3,13.0,16.0,35.0,,,,,,,,,,,,,,,,,,,,,,,,,,,,,,,All Football Players Stats Top 5 Leagues 2023-24
2023-24,serie_a_league,Rick Karsdorp,nl NED,DF,Roma,28.0,1995.0,18,14,1191,13.2,0,2,0,0,,2,0,0.4,0.4,2.2,12.0,33.0,71.0,,,,,,,,,,,,,,,,,,,,,,,,,,,,,,,All Football Players Stats Top 5 Leagues 2023-24
2023-24,serie_a_league,Grigoris Kastanos,cy CYP,"MF,DF",Salernitana,25.0,1998.0,26,18,1480,16.4,3,3,0,0,,5,0,2.9,2.9,2.8,28.0,78.0,69.0,,,,,,,,,,,,,,,,,,,,,,,,,,,,,,,All Football Players Stats Top 5 Leagues 2023-24
2023-24,serie_a_league,Michael Kayode,it ITA,DF,Fiorentina,19.0,2004.0,26,22,2058,22.9,1,1,0,0,,2,0,0.5,0.5,1.1,45.0,80.0,102.0,,,,,,,,,,,,,,,,,,,,,,,,,,,,,,,All Football Players Stats Top 5 Leagues 2023-24
2023-24,serie_a_league,Moise Kean,it ITA,FW,Juventus,23.0,2000.0,19,8,654,7.3,0,0,0,0,,2,0,2.1,2.1,0.7,12.0,6.0,38.0,,,,,,,,,,,,,,,,,,,,,,,,,,,,,,,All Football Players Stats Top 5 Leagues 2023-24
2023-24,serie_a_league,Simon Kjær,dk DEN,DF,Milan,34.0,1989.0,20,14,1171,13.0,0,1,0,0,,1,0,0.5,0.5,0.8,4.0,52.0,0.0,,,,,,,,,,,,,,,,,,,,,,,,,,,,,,,All Football Players Stats Top 5 Leagues 2023-24
2023-24,serie_a_league,Davy Klaassen,nl NED,MF,Inter,30.0,1993.0,13,1,206,2.3,0,0,0,0,,1,0,0.1,0.1,0.2,1.0,7.0,5.0,,,,,,,,,,,,,,,,,,,,,,,,,,,,,,,All Football Players Stats Top 5 Leagues 2023-24
2023-24,serie_a_league,Sead Kolašinac,ba BIH,DF,Atalanta,30.0,1993.0,30,25,2178,24.2,1,0,0,0,,4,0,1.3,1.3,1.1,32.0,94.0,30.0,,,,,,,,,,,,,,,,,,,,,,,,,,,,,,,All Football Players Stats Top 5 Leagues 2023-24
2023-24,serie_a_league,Teun Koopmeiners,nl NED,MF,Atalanta,25.0,1998.0,34,29,2627,29.2,12,5,2,2,,5,0,6.5,5.0,5.9,79.0,169.0,190.0,,,,,,,,,,,,,,,,,,,,,,,,,,,,,,,All Football Players Stats Top 5 Leagues 2023-24
2023-24,serie_a_league,Filip Kostić,rs SRB,DF,Juventus,30.0,1992.0,29,26,1815,20.2,0,4,0,0,,2,0,0.7,0.7,5.4,64.0,88.0,95.0,,,,,,,,,,,,,,,,,,,,,,,,,,,,,,,All Football Players Stats Top 5 Leagues 2023-24
2023-24,serie_a_league,Christian Kouamé,ci CIV,FW,Fiorentina,25.0,1997.0,23,11,1089,12.1,2,1,0,0,,0,0,1.9,1.9,1.8,12.0,41.0,110.0,,,,,,,,,,,,,,,,,,,,,,,,,,,,,,,All Football Players Stats Top 5 Leagues 2023-24
2023-24,serie_a_league,Viktor Kovalenko,ua UKR,MF,Empoli,27.0,1996.0,17,4,613,6.8,1,1,0,0,,1,0,0.9,0.9,0.8,4.0,20.0,24.0,,,,,,,,,,,,,,,,,,,,,,,,,,,,,,,All Football Players Stats Top 5 Leagues 2023-24
2023-24,serie_a_league,Rasmus Kristensen,dk DEN,DF,Roma,26.0,1997.0,29,19,1744,19.4,1,1,0,0,,5,0,0.5,0.5,0.9,16.0,40.0,115.0,,,,,,,,,,,,,,,,,,,,,,,,,,,,,,,All Football Players Stats Top 5 Leagues 2023-24
2023-24,serie_a_league,Thomas Kristensen,dk DEN,DF,Udinese,21.0,2002.0,26,23,2096,23.3,0,1,0,0,,4,1,1.1,1.1,0.4,20.0,47.0,3.0,,,,,,,,,,,,,,,,,,,,,,,,,,,,,,,All Football Players Stats Top 5 Leagues 2023-24
2023-24,serie_a_league,Nikola Krstović,me MNE,FW,Lecce,23.0,2000.0,35,30,2373,26.4,7,1,1,3,,4,1,11.6,9.2,3.0,32.0,52.0,126.0,,,,,,,,,,,,,,,,,,,,,,,,,,,,,,,All Football Players Stats Top 5 Leagues 2023-24
2023-24,serie_a_league,Rade Krunić,ba BIH,MF,Milan,29.0,1993.0,10,8,687,7.6,0,0,0,0,,3,0,0.1,0.1,0.5,5.0,24.0,3.0,,,,,,,,,,,,,,,,,,,,,,,,,,,,,,,All Football Players Stats Top 5 Leagues 2023-24
2023-24,serie_a_league,Marash Kumbulla,al ALB,DF,Sassuolo,23.0,2000.0,7,3,362,4.0,0,0,0,0,,1,0,0.0,0.0,0.0,2.0,3.0,0.0,,,,,,,,,,,,,,,,,,,,,,,,,,,,,,,All Football Players Stats Top 5 Leagues 2023-24
2023-24,serie_a_league,Justin Kumi,it ITA,FW,Sassuolo,19.0,2004.0,1,0,4,0.0,0,0,0,0,,0,0,0.0,0.0,0.0,0.0,0.0,0.0,,,,,,,,,,,,,,,,,,,,,,,,,,,,,,,All Football Players Stats Top 5 Leagues 2023-24
2023-24,serie_a_league,Berkan Kutlu,tr TUR,MF,Genoa,25.0,1998.0,6,0,199,2.2,0,0,0,0,,0,0,0.2,0.2,0.3,4.0,5.0,9.0,,,,,,,,,,,,,,,,,,,,,,,,,,,,,,,All Football Players Stats Top 5 Leagues 2023-24
2023-24,serie_a_league,Khvicha Kvaratskhelia,ge GEO,FW,Napoli,22.0,2001.0,34,32,2737,30.4,11,6,0,0,,8,0,11.1,11.1,6.8,184.0,89.0,266.0,,,,,,,,,,,,,,,,,,,,,,,,,,,,,,,All Football Players Stats Top 5 Leagues 2023-24
2023-24,serie_a_league,Giorgi Kvernadze,ge GEO,"FW,DF",Frosinone,20.0,2003.0,5,0,63,0.7,0,0,0,0,,0,0,0.0,0.0,0.0,0.0,1.0,6.0,,,,,,,,,,,,,,,,,,,,,,,,,,,,,,,All Football Players Stats Top 5 Leagues 2023-24
2023-24,serie_a_league,Giorgos Kyriakopoulos,gr GRE,DF,Monza,27.0,1996.0,28,20,1712,19.0,0,3,0,0,,3,0,1.2,1.2,1.4,64.0,70.0,94.0,,,,,,,,,,,,,,,,,,,,,,,,,,,,,,,All Football Players Stats Top 5 Leagues 2023-24
2023-24,serie_a_league,Gianluca Lapadula,pe PER,FW,Cagliari,33.0,1990.0,23,14,1205,13.4,3,1,1,1,,3,0,4.8,4.1,1.1,8.0,4.0,63.0,,,,,,,,,,,,,,,,,,,,,,,,,,,,,,,All Football Players Stats Top 5 Leagues 2023-24
2023-24,serie_a_league,Armand Lauriente,fr FRA,FW,Sassuolo,24.0,1998.0,37,35,2908,32.3,5,4,0,0,,5,0,5.7,5.7,4.0,125.0,99.0,268.0,,,,,,,,,,,,,,,,,,,,,,,,,,,,,,,All Football Players Stats Top 5 Leagues 2023-24
2023-24,serie_a_league,Valentino Lazaro,at AUT,"DF,MF",Torino,27.0,1996.0,35,21,1994,22.2,0,4,0,0,,3,0,1.7,1.7,2.9,53.0,94.0,106.0,,,,,,,,,,,,,,,,,,,,,,,,,,,,,,,All Football Players Stats Top 5 Leagues 2023-24
2023-24,serie_a_league,Darko Lazović,rs SRB,"FW,MF",Hellas Verona,32.0,1990.0,32,22,1928,21.4,3,2,1,1,,0,1,2.8,2.0,4.4,43.0,66.0,139.0,,,,,,,,,,,,,,,,,,,,,,,,,,,,,,,All Football Players Stats Top 5 Leagues 2023-24
2023-24,serie_a_league,Manuel Lazzari,it ITA,DF,Lazio,29.0,1993.0,24,19,1671,18.6,0,2,0,0,,4,1,1.0,1.0,1.3,73.0,62.0,104.0,,,,,,,,,,,,,,,,,,,,,,,,,,,,,,,All Football Players Stats Top 5 Leagues 2023-24
2023-24,serie_a_league,Nicola Leali,it ITA,GK,Genoa,30.0,1993.0,3,2,176,2.0,0,0,0,0,,1,0,0.0,0.0,0.0,0.0,0.0,0.0,,,,,,,,,,,,,,,,,,,,,,,,,,,,,,,All Football Players Stats Top 5 Leagues 2023-24
2023-24,serie_a_league,Rafael Leão,pt POR,FW,Milan,24.0,1999.0,34,29,2512,27.9,9,9,0,0,,5,0,10.0,10.0,9.1,160.0,117.0,293.0,,,,,,,,,,,,,,,,,,,,,,,,,,,,,,,All Football Players Stats Top 5 Leagues 2023-24
2023-24,serie_a_league,Jesper Lindstrøm,dk DEN,"FW,MF",Napoli,23.0,2000.0,22,2,430,4.8,0,0,0,0,,2,0,0.7,0.7,1.0,16.0,16.0,34.0,,,,,,,,,,,,,,,,,,,,,,,,,,,,,,,All Football Players Stats Top 5 Leagues 2023-24
2023-24,serie_a_league,Karol Linetty,pl POL,MF,Torino,28.0,1995.0,28,19,1858,20.6,0,0,0,0,,12,0,0.5,0.5,0.8,31.0,87.0,25.0,,,,,,,,,,,,,,,,,,,,,,,,,,,,,,,All Football Players Stats Top 5 Leagues 2023-24
2023-24,serie_a_league,Luca Lipani,it ITA,MF,Sassuolo,18.0,2005.0,8,5,384,4.3,0,0,0,0,,0,0,0.1,0.1,0.2,6.0,20.0,3.0,,,,,,,,,,,,,,,,,,,,,,,,,,,,,,,All Football Players Stats Top 5 Leagues 2023-24
2023-24,serie_a_league,Pol Lirola,es ESP,DF,Frosinone,25.0,1997.0,25,18,1536,17.1,2,1,0,0,,1,0,1.3,1.3,1.1,30.0,65.0,59.0,,,,,,,,,,,,,,,,,,,,,,,,,,,,,,,All Football Players Stats Top 5 Leagues 2023-24
2023-24,serie_a_league,Marcin Listkowski,pl POL,FW,Lecce,25.0,1998.0,1,0,8,0.1,0,0,0,0,,0,0,0.0,0.0,0.0,0.0,1.0,0.0,,,,,,,,,,,,,,,,,,,,,,,,,,,,,,,All Football Players Stats Top 5 Leagues 2023-24
2023-24,serie_a_league,Diego Llorente,es ESP,DF,Roma,29.0,1993.0,29,27,2170,24.1,1,1,0,0,,5,0,0.3,0.3,0.6,20.0,75.0,5.0,,,,,,,,,,,,,,,,,,,,,,,,,,,,,,,All Football Players Stats Top 5 Leagues 2023-24
2023-24,serie_a_league,Stanislav Lobotka,sk SVK,MF,Napoli,28.0,1994.0,38,38,3282,36.5,0,1,0,0,,4,0,0.6,0.6,1.3,29.0,188.0,34.0,,,,,,,,,,,,,,,,,,,,,,,,,,,,,,,All Football Players Stats Top 5 Leagues 2023-24
2023-24,serie_a_league,Manuel Locatelli,it ITA,MF,Juventus,25.0,1998.0,36,34,3008,33.4,1,4,0,0,,6,0,1.3,1.3,1.4,21.0,232.0,26.0,,,,,,,,,,,,,,,,,,,,,,,,,,,,,,,All Football Players Stats Top 5 Leagues 2023-24
2023-24,serie_a_league,Ruben Loftus-Cheek,eng ENG,MF,Milan,27.0,1996.0,29,26,2068,23.0,6,1,0,0,,5,0,3.7,3.7,2.4,73.0,74.0,113.0,,,,,,,,,,,,,,,,,,,,,,,,,,,,,,,All Football Players Stats Top 5 Leagues 2023-24
2023-24,serie_a_league,Ademola Lookman,ng NGA,"FW,MF",Atalanta,25.0,1997.0,31,22,1894,21.0,11,7,0,0,,4,0,9.1,9.1,5.2,72.0,97.0,222.0,,,,,,,,,,,,,,,,,,,,,,,,,,,,,,,All Football Players Stats Top 5 Leagues 2023-24
2023-24,serie_a_league,Maxime Lopez,fr FRA,MF,Fiorentina,25.0,1997.0,19,7,800,8.9,0,0,0,0,,1,0,0.2,0.2,0.6,14.0,48.0,11.0,,,,,,,,,,,,,,,,,,,,,,,,,,,,,,,All Football Players Stats Top 5 Leagues 2023-24
2023-24,serie_a_league,Maxime Lopez,fr FRA,MF,Sassuolo,25.0,1997.0,2,2,140,1.6,0,0,0,0,,0,1,0.0,0.0,0.2,2.0,18.0,4.0,,,,,,,,,,,,,,,,,,,,,,,,,,,,,,,All Football Players Stats Top 5 Leagues 2023-24
2023-24,serie_a_league,Matteo Lovato,it ITA,DF,Torino,23.0,2000.0,13,6,544,6.0,0,0,0,0,,2,0,0.0,0.0,0.0,0.0,4.0,0.0,,,,,,,,,,,,,,,,,,,,,,,,,,,,,,,All Football Players Stats Top 5 Leagues 2023-24
2023-24,serie_a_league,Matteo Lovato,it ITA,DF,Salernitana,23.0,2000.0,13,11,947,10.5,0,0,0,0,,2,0,0.0,0.0,0.2,1.0,29.0,1.0,,,,,,,,,,,,,,,,,,,,,,,,,,,,,,,All Football Players Stats Top 5 Leagues 2023-24
2023-24,serie_a_league,Sandi Lovrić,si SVN,MF,Udinese,25.0,1998.0,29,21,1987,22.1,1,3,0,0,,1,1,3.5,3.5,3.3,52.0,80.0,80.0,,,,,,,,,,,,,,,,,,,,,,,,,,,,,,,All Football Players Stats Top 5 Leagues 2023-24
2023-24,serie_a_league,Lorenzo Lucca,it ITA,FW,Udinese,22.0,2000.0,37,30,2592,28.8,8,4,0,0,,6,0,7.8,7.8,1.6,10.0,18.0,118.0,,,,,,,,,,,,,,,,,,,,,,,,,,,,,,,All Football Players Stats Top 5 Leagues 2023-24
2023-24,serie_a_league,Jhon Lucumí,co COL,DF,Bologna,25.0,1998.0,29,23,2217,24.6,0,0,0,0,,1,0,0.8,0.8,0.3,28.0,93.0,4.0,,,,,,,,,,,,,,,,,,,,,,,,,,,,,,,All Football Players Stats Top 5 Leagues 2023-24
2023-24,serie_a_league,José Luis Palomino,ar ARG,DF,Atalanta,33.0,1990.0,4,0,27,0.3,0,0,0,0,,0,0,0.0,0.0,0.0,0.0,2.0,0.0,,,,,,,,,,,,,,,,,,,,,,,,,,,,,,,All Football Players Stats Top 5 Leagues 2023-24
2023-24,serie_a_league,Romelu Lukaku,be BEL,FW,Roma,30.0,1993.0,32,30,2641,29.3,13,3,0,1,,5,1,9.8,9.0,2.4,37.0,37.0,234.0,,,,,,,,,,,,,,,,,,,,,,,,,,,,,,,All Football Players Stats Top 5 Leagues 2023-24
2023-24,serie_a_league,Karlo Lulić,hr CRO,MF,Frosinone,27.0,1996.0,1,0,19,0.2,0,0,0,0,,0,0,0.0,0.0,0.0,1.0,0.0,0.0,,,,,,,,,,,,,,,,,,,,,,,,,,,,,,,All Football Players Stats Top 5 Leagues 2023-24
2023-24,serie_a_league,Sebastiano Luperto,it ITA,DF,Empoli,26.0,1996.0,38,38,3406,37.8,1,1,0,0,,4,0,1.7,1.7,1.0,13.0,100.0,13.0,,,,,,,,,,,,,,,,,,,,,,,,,,,,,,,All Football Players Stats Top 5 Leagues 2023-24
2023-24,serie_a_league,Mateus Lusuardi,br BRA,DF,Frosinone,19.0,2004.0,4,3,219,2.4,0,0,0,0,,1,0,0.1,0.1,0.0,2.0,12.0,0.0,,,,,,,,,,,,,,,,,,,,,,,,,,,,,,,All Football Players Stats Top 5 Leagues 2023-24
2023-24,serie_a_league,Zito Luvumbo,ao ANG,"FW,MF",Cagliari,21.0,2002.0,30,19,1946,21.6,4,5,0,0,,5,0,4.0,4.0,3.1,85.0,21.0,181.0,,,,,,,,,,,,,,,,,,,,,,,,,,,,,,,All Football Players Stats Top 5 Leagues 2023-24
2023-24,serie_a_league,Charalambos Lykogiannis,gr GRE,DF,Bologna,29.0,1993.0,22,10,904,10.0,2,1,0,0,,2,0,1.3,1.3,1.6,36.0,35.0,41.0,,,,,,,,,,,,,,,,,,,,,,,,,,,,,,,All Football Players Stats Top 5 Leagues 2023-24
2023-24,serie_a_league,Giulio Maggiore,it ITA,MF,Salernitana,25.0,1998.0,27,20,1800,20.0,4,2,0,0,,9,1,2.3,2.3,1.1,8.0,64.0,25.0,,,,,,,,,,,,,,,,,,,,,,,,,,,,,,,All Football Players Stats Top 5 Leagues 2023-24
2023-24,serie_a_league,Giangiacomo Magnani,it ITA,DF,Hellas Verona,27.0,1995.0,33,27,2444,27.2,0,0,0,0,,6,0,0.5,0.5,0.2,15.0,79.0,10.0,,,,,,,,,,,,,,,,,,,,,,,,,,,,,,,All Football Players Stats Top 5 Leagues 2023-24
2023-24,serie_a_league,Mike Maignan,fr FRA,GK,Milan,28.0,1995.0,29,29,2609,29.0,0,1,0,0,,1,1,0.0,0.0,0.3,0.0,0.0,0.0,,,,,,,,,,,,,,,,,,,,,,,,,,,,,,,All Football Players Stats Top 5 Leagues 2023-24
2023-24,serie_a_league,Antoine Makoumbou,cg CGO,MF,Cagliari,25.0,1998.0,32,32,2702,30.0,1,0,0,0,,5,2,0.7,0.7,0.9,37.0,137.0,52.0,,,,,,,,,,,,,,,,,,,,,,,,,,,,,,,All Football Players Stats Top 5 Leagues 2023-24
2023-24,serie_a_league,Daniel Maldini,it ITA,"MF,FW",Monza,21.0,2001.0,11,2,333,3.7,4,1,0,0,,0,0,1.3,1.3,1.2,15.0,10.0,22.0,,,,,,,,,,,,,,,,,,,,,,,,,,,,,,,All Football Players Stats Top 5 Leagues 2023-24
2023-24,serie_a_league,Daniel Maldini,it ITA,"FW,MF",Empoli,21.0,2001.0,7,3,263,2.9,0,0,0,0,,1,0,0.3,0.3,0.0,7.0,10.0,10.0,,,,,,,,,,,,,,,,,,,,,,,,,,,,,,,All Football Players Stats Top 5 Leagues 2023-24
2023-24,serie_a_league,Youssef Maleh,ma MAR,MF,Empoli,24.0,1998.0,34,30,2602,28.9,0,1,0,0,,11,0,1.6,1.6,2.4,17.0,117.0,65.0,,,,,,,,,,,,,,,,,,,,,,,,,,,,,,,All Football Players Stats Top 5 Leagues 2023-24
2023-24,serie_a_league,Ruslan Malinovskyi,ua UKR,MF,Genoa,30.0,1993.0,28,18,1544,17.2,4,1,0,0,,7,0,1.1,1.1,0.6,24.0,83.0,31.0,,,,,,,,,,,,,,,,,,,,,,,,,,,,,,,All Football Players Stats Top 5 Leagues 2023-24
2023-24,serie_a_league,Gianluca Mancini,it ITA,DF,Roma,27.0,1996.0,36,34,2869,31.9,4,1,0,0,,9,0,1.9,1.9,1.1,38.0,139.0,13.0,,,,,,,,,,,,,,,,,,,,,,,,,,,,,,,All Football Players Stats Top 5 Leagues 2023-24
2023-24,serie_a_league,Marco Mancosu,it ITA,"MF,FW",Cagliari,34.0,1988.0,6,3,156,1.7,0,0,0,1,,0,0,1.2,0.5,0.2,4.0,8.0,11.0,,,,,,,,,,,,,,,,,,,,,,,,,,,,,,,All Football Players Stats Top 5 Leagues 2023-24
2023-24,serie_a_league,Christos Mandas,gr GRE,GK,Lazio,21.0,2001.0,9,8,721,8.0,0,0,0,0,,0,0,0.0,0.0,0.0,0.0,0.0,0.0,,,,,,,,,,,,,,,,,,,,,,,,,,,,,,,All Football Players Stats Top 5 Leagues 2023-24
2023-24,serie_a_league,Rolando Mandragora,it ITA,MF,Fiorentina,26.0,1997.0,33,16,1588,17.6,3,3,0,0,,5,0,3.5,3.5,1.6,7.0,93.0,32.0,,,,,,,,,,,,,,,,,,,,,,,,,,,,,,,All Football Players Stats Top 5 Leagues 2023-24
2023-24,serie_a_league,Kostas Manolas,gr GRE,DF,Salernitana,32.0,1991.0,8,6,488,5.4,0,0,0,0,,0,0,0.1,0.1,0.1,0.0,10.0,2.0,,,,,,,,,,,,,,,,,,,,,,,,,,,,,,,All Football Players Stats Top 5 Leagues 2023-24
2023-24,serie_a_league,Riccardo Marchizza,it ITA,DF,Frosinone,25.0,1998.0,13,13,1148,12.8,0,4,0,0,,1,0,0.4,0.4,0.8,6.0,36.0,39.0,,,,,,,,,,,,,,,,,,,,,,,,,,,,,,,All Football Players Stats Top 5 Leagues 2023-24
2023-24,serie_a_league,Gian Marco Ferrari,it ITA,DF,Sassuolo,31.0,1992.0,31,25,2272,25.2,1,0,0,0,,4,0,1.6,1.6,0.3,32.0,148.0,7.0,,,,,,,,,,,,,,,,,,,,,,,,,,,,,,,All Football Players Stats Top 5 Leagues 2023-24
2023-24,serie_a_league,Pablo Marí,es ESP,DF,Monza,29.0,1993.0,34,30,2615,29.1,0,0,0,0,,7,0,0.4,0.4,0.3,2.0,62.0,1.0,,,,,,,,,,,,,,,,,,,,,,,,,,,,,,,All Football Players Stats Top 5 Leagues 2023-24
2023-24,serie_a_league,Mirko Marić,hr CRO,FW,Monza,28.0,1995.0,10,1,287,3.2,1,0,0,0,,0,1,0.9,0.9,0.5,2.0,4.0,30.0,,,,,,,,,,,,,,,,,,,,,,,,,,,,,,,All Football Players Stats Top 5 Leagues 2023-24
2023-24,serie_a_league,Răzvan Marin,ro ROU,MF,Empoli,27.0,1996.0,30,20,1818,20.2,0,3,0,0,,3,0,1.1,1.1,3.0,21.0,72.0,24.0,,,,,,,,,,,,,,,,,,,,,,,,,,,,,,,All Football Players Stats Top 5 Leagues 2023-24
2023-24,serie_a_league,Agustín Martegani,ar ARG,MF,Salernitana,23.0,2000.0,18,6,731,8.1,1,0,0,0,,1,0,0.6,0.6,0.5,14.0,28.0,22.0,,,,,,,,,,,,,,,,,,,,,,,,,,,,,,,All Football Players Stats Top 5 Leagues 2023-24
2023-24,serie_a_league,Aarón Martín,es ESP,DF,Genoa,26.0,1997.0,22,17,1376,15.3,0,1,0,0,,4,1,0.2,0.2,1.7,28.0,35.0,72.0,,,,,,,,,,,,,,,,,,,,,,,,,,,,,,,All Football Players Stats Top 5 Leagues 2023-24
2023-24,serie_a_league,Tommaso Martinelli,it ITA,GK,Fiorentina,17.0,2006.0,1,1,90,1.0,0,0,0,0,,0,0,,,,,,,,,,,,,,,,,,,,,,,,,,,,,,,,,,,,,All Football Players Stats Top 5 Leagues 2023-24
2023-24,serie_a_league,Josep Martinez,es ESP,GK,Genoa,25.0,1998.0,36,36,3239,36.0,0,0,0,0,,4,1,0.0,0.0,0.0,0.0,2.0,0.0,,,,,,,,,,,,,,,,,,,,,,,,,,,,,,,All Football Players Stats Top 5 Leagues 2023-24
2023-24,serie_a_league,Lautaro Martínez,ar ARG,FW,Inter,25.0,1997.0,33,31,2656,29.5,24,3,2,3,,5,0,17.6,15.3,3.6,54.0,80.0,172.0,,,,,,,,,,,,,,,,,,,,,,,,,,,,,,,All Football Players Stats Top 5 Leagues 2023-24
2023-24,serie_a_league,Lucas Martínez Quarta,ar ARG,DF,Fiorentina,27.0,1996.0,29,26,2291,25.5,5,1,0,0,,9,0,2.7,2.7,1.8,23.0,177.0,16.0,,,,,,,,,,,,,,,,,,,,,,,,,,,,,,,All Football Players Stats Top 5 Leagues 2023-24
2023-24,serie_a_league,Adam Marušić,me MNE,DF,Lazio,30.0,1992.0,37,37,3100,34.4,1,0,0,0,,3,1,0.4,0.4,0.8,35.0,118.0,108.0,,,,,,,,,,,,,,,,,,,,,,,,,,,,,,,All Football Players Stats Top 5 Leagues 2023-24
2023-24,serie_a_league,Adam Masina,ma MAR,DF,Udinese,29.0,1994.0,4,1,64,0.7,0,0,0,0,,2,0,0.1,0.1,0.0,0.0,1.0,3.0,,,,,,,,,,,,,,,,,,,,,,,,,,,,,,,All Football Players Stats Top 5 Leagues 2023-24
2023-24,serie_a_league,Adam Masina,ma MAR,DF,Torino,29.0,1994.0,16,10,1024,11.4,0,0,0,0,,0,0,0.2,0.2,0.2,3.0,42.0,6.0,,,,,,,,,,,,,,,,,,,,,,,,,,,,,,,All Football Players Stats Top 5 Leagues 2023-24
2023-24,serie_a_league,Alan Matturro,uy URU,DF,Genoa,18.0,2004.0,6,1,106,1.2,0,0,0,0,,0,0,0.1,0.1,0.0,0.0,4.0,1.0,,,,,,,,,,,,,,,,,,,,,,,,,,,,,,,All Football Players Stats Top 5 Leagues 2023-24
2023-24,serie_a_league,Luca Mazzitelli,it ITA,MF,Frosinone,27.0,1995.0,29,26,2210,24.6,5,0,0,0,,6,1,2.3,2.3,1.1,18.0,167.0,53.0,,,,,,,,,,,,,,,,,,,,,,,,,,,,,,,All Football Players Stats Top 5 Leagues 2023-24
2023-24,serie_a_league,Pasquale Mazzocchi,it ITA,DF,Salernitana,28.0,1995.0,18,16,1272,14.1,0,1,0,0,,4,0,0.3,0.3,1.3,36.0,36.0,62.0,,,,,,,,,,,,,,,,,,,,,,,,,,,,,,,All Football Players Stats Top 5 Leagues 2023-24
2023-24,serie_a_league,Pasquale Mazzocchi,it ITA,DF,Napoli,28.0,1995.0,10,4,428,4.8,0,1,0,0,,0,1,0.2,0.2,0.2,14.0,24.0,22.0,,,,,,,,,,,,,,,,,,,,,,,,,,,,,,,All Football Players Stats Top 5 Leagues 2023-24
2023-24,serie_a_league,Jordi Mboula,es ESP,"FW,MF",Hellas Verona,24.0,1999.0,11,5,307,3.4,0,1,0,0,,0,0,0.2,0.2,0.4,10.0,4.0,22.0,,,,,,,,,,,,,,,,,,,,,,,,,,,,,,,All Football Players Stats Top 5 Leagues 2023-24
2023-24,serie_a_league,Weston McKennie,us USA,"MF,DF",Juventus,24.0,1998.0,34,29,2594,28.8,0,7,0,0,,6,0,3.0,3.0,3.9,64.0,92.0,176.0,,,,,,,,,,,,,,,,,,,,,,,,,,,,,,,All Football Players Stats Top 5 Leagues 2023-24
2023-24,serie_a_league,Arthur Melo,br BRA,MF,Fiorentina,26.0,1996.0,33,23,1986,22.1,2,3,1,1,,2,0,1.0,0.3,1.7,21.0,133.0,27.0,,,,,,,,,,,,,,,,,,,,,,,,,,,,,,,All Football Players Stats Top 5 Leagues 2023-24
2023-24,serie_a_league,Leonardo Mendicino,it ITA,MF,Atalanta,17.0,2006.0,1,0,1,0.0,0,0,0,0,,0,0,0.0,0.0,0.0,0.0,0.0,0.0,,,,,,,,,,,,,,,,,,,,,,,,,,,,,,,All Football Players Stats Top 5 Leagues 2023-24
2023-24,serie_a_league,Alex Meret,it ITA,GK,Napoli,26.0,1997.0,31,31,2773,30.8,0,0,0,0,,0,0,0.0,0.0,0.1,0.0,0.0,0.0,,,,,,,,,,,,,,,,,,,,,,,,,,,,,,,All Football Players Stats Top 5 Leagues 2023-24
2023-24,serie_a_league,Junior Messias,br BRA,"MF,DF",Genoa,32.0,1991.0,18,13,1053,11.7,1,0,0,0,,0,0,1.6,1.6,1.3,35.0,29.0,75.0,,,,,,,,,,,,,,,,,,,,,,,,,,,,,,,All Football Players Stats Top 5 Leagues 2023-24
2023-24,serie_a_league,Nikola Milenković,rs SRB,DF,Fiorentina,25.0,1997.0,34,27,2510,27.9,0,0,0,0,,4,0,0.4,0.4,0.7,8.0,81.0,10.0,,,,,,,,,,,,,,,,,,,,,,,,,,,,,,,All Football Players Stats Top 5 Leagues 2023-24
2023-24,serie_a_league,Arkadiusz Milik,pl POL,FW,Juventus,29.0,1994.0,32,7,919,10.2,4,1,0,0,,2,1,5.1,5.1,2.6,12.0,22.0,49.0,,,,,,,,,,,,,,,,,,,,,,,,,,,,,,,All Football Players Stats Top 5 Leagues 2023-24
2023-24,serie_a_league,Vanja Milinković-Savić,rs SRB,GK,Torino,26.0,1997.0,36,36,3240,36.0,0,0,0,0,,2,0,0.0,0.0,0.0,0.0,0.0,0.0,,,,,,,,,,,,,,,,,,,,,,,,,,,,,,,All Football Players Stats Top 5 Leagues 2023-24
2023-24,serie_a_league,Yerry Mina,co COL,"DF,MF",Fiorentina,28.0,1994.0,4,0,44,0.5,0,0,0,0,,1,0,0.1,0.1,0.0,0.0,2.0,1.0,,,,,,,,,,,,,,,,,,,,,,,,,,,,,,,All Football Players Stats Top 5 Leagues 2023-24
2023-24,serie_a_league,Yerry Mina,co COL,DF,Cagliari,28.0,1994.0,14,14,1215,13.5,2,0,1,1,,4,0,1.3,0.5,0.0,4.0,23.0,3.0,,,,,,,,,,,,,,,,,,,,,,,,,,,,,,,All Football Players Stats Top 5 Leagues 2023-24
2023-24,serie_a_league,Aleksei Miranchuk,ru RUS,"MF,FW",Atalanta,27.0,1995.0,27,12,1176,13.1,3,5,0,0,,1,0,5.4,5.4,4.1,41.0,75.0,122.0,,,,,,,,,,,,,,,,,,,,,,,,,,,,,,,All Football Players Stats Top 5 Leagues 2023-24
2023-24,serie_a_league,Kevin Miranda,it ITA,DF,Sassuolo,20.0,2003.0,1,0,14,0.2,0,0,0,0,,0,0,0.0,0.0,0.0,0.0,0.0,0.0,,,,,,,,,,,,,,,,,,,,,,,,,,,,,,,All Football Players Stats Top 5 Leagues 2023-24
2023-24,serie_a_league,Antonio Mirante,it ITA,GK,Milan,40.0,1983.0,2,2,177,2.0,0,0,0,0,,0,0,0.0,0.0,0.0,0.0,0.0,0.0,,,,,,,,,,,,,,,,,,,,,,,,,,,,,,,All Football Players Stats Top 5 Leagues 2023-24
2023-24,serie_a_league,Fabio Miretti,it ITA,MF,Juventus,19.0,2003.0,25,16,1103,12.3,1,1,0,0,,3,0,1.2,1.2,1.1,22.0,43.0,62.0,,,,,,,,,,,,,,,,,,,,,,,,,,,,,,,All Football Players Stats Top 5 Leagues 2023-24
2023-24,serie_a_league,Filippo Missori,it ITA,DF,Sassuolo,19.0,2004.0,8,2,266,3.0,0,0,0,0,,0,0,0.3,0.3,0.0,5.0,8.0,7.0,,,,,,,,,,,,,,,,,,,,,,,,,,,,,,,All Football Players Stats Top 5 Leagues 2023-24
2023-24,serie_a_league,Stefan Mitrović,rs SRB,"FW,MF",Hellas Verona,20.0,2002.0,10,4,391,4.3,0,0,0,0,,0,0,0.4,0.4,0.1,13.0,15.0,24.0,,,,,,,,,,,,,,,,,,,,,,,,,,,,,,,All Football Players Stats Top 5 Leagues 2023-24
2023-24,serie_a_league,Henrikh Mkhitaryan,am ARM,MF,Inter,34.0,1989.0,36,35,2785,30.9,2,8,0,0,,4,0,3.6,3.6,4.5,92.0,192.0,127.0,,,,,,,,,,,,,,,,,,,,,,,,,,,,,,,All Football Players Stats Top 5 Leagues 2023-24
2023-24,serie_a_league,Ilario Monterisi,it ITA,DF,Frosinone,21.0,2001.0,24,16,1469,16.3,2,2,0,0,,1,0,1.1,1.1,0.4,4.0,47.0,18.0,,,,,,,,,,,,,,,,,,,,,,,,,,,,,,,All Football Players Stats Top 5 Leagues 2023-24
2023-24,serie_a_league,Lorenzo Montipò,it ITA,GK,Hellas Verona,27.0,1996.0,37,37,3330,37.0,0,1,0,0,,0,0,0.0,0.0,0.0,0.0,0.0,0.0,,,,,,,,,,,,,,,,,,,,,,,,,,,,,,,All Football Players Stats Top 5 Leagues 2023-24
2023-24,serie_a_league,Nikola Moro,hr CRO,MF,Bologna,25.0,1998.0,23,10,840,9.3,1,0,0,0,,0,0,0.7,0.7,0.4,21.0,58.0,38.0,,,,,,,,,,,,,,,,,,,,,,,,,,,,,,,All Football Players Stats Top 5 Leagues 2023-24
2023-24,serie_a_league,Dany Mota,pt POR,"FW,MF",Monza,25.0,1998.0,34,24,2049,22.8,4,3,0,0,,3,0,3.6,3.6,3.0,112.0,57.0,152.0,,,,,,,,,,,,,,,,,,,,,,,,,,,,,,,All Football Players Stats Top 5 Leagues 2023-24
2023-24,serie_a_league,Samuele Mulattieri,it ITA,"FW,MF",Sassuolo,22.0,2000.0,27,1,462,5.1,0,0,0,0,,1,0,1.6,1.6,0.3,8.0,1.0,38.0,,,,,,,,,,,,,,,,,,,,,,,,,,,,,,,All Football Players Stats Top 5 Leagues 2023-24
2023-24,serie_a_league,Luis Muriel,co COL,"FW,MF",Atalanta,32.0,1991.0,18,2,409,4.5,2,1,0,0,,0,0,1.5,1.5,1.7,19.0,24.0,57.0,,,,,,,,,,,,,,,,,,,,,,,,,,,,,,,All Football Players Stats Top 5 Leagues 2023-24
2023-24,serie_a_league,Yunus Musah,us USA,"MF,FW",Milan,20.0,2002.0,30,13,1478,16.4,0,2,0,0,,5,0,0.6,0.6,1.2,48.0,64.0,77.0,,,,,,,,,,,,,,,,,,,,,,,,,,,,,,,All Football Players Stats Top 5 Leagues 2023-24
2023-24,serie_a_league,Juan Musso,ar ARG,GK,Atalanta,29.0,1994.0,11,11,990,11.0,0,0,0,0,,0,0,0.0,0.0,0.0,0.0,0.0,0.0,,,,,,,,,,,,,,,,,,,,,,,,,,,,,,,All Football Players Stats Top 5 Leagues 2023-24
2023-24,serie_a_league,Kingstone Mutandwa,zm ZAM,"FW,MF",Cagliari,20.0,2003.0,5,0,39,0.4,1,0,0,0,,0,0,0.1,0.1,0.0,1.0,0.0,2.0,,,,,,,,,,,,,,,,,,,,,,,,,,,,,,,All Football Players Stats Top 5 Leagues 2023-24
2023-24,serie_a_league,Obite N'Dicka,ci CIV,DF,Roma,23.0,1999.0,25,25,2168,24.1,0,3,0,0,,6,0,1.0,1.0,1.0,26.0,87.0,11.0,,,,,,,,,,,,,,,,,,,,,,,,,,,,,,,All Football Players Stats Top 5 Leagues 2023-24
2023-24,serie_a_league,Nahitan Nández,uy URU,"MF,DF",Cagliari,27.0,1995.0,33,29,2341,26.0,2,3,1,1,,7,0,3.7,2.9,2.5,57.0,76.0,89.0,,,,,,,,,,,,,,,,,,,,,,,,,,,,,,,All Football Players Stats Top 5 Leagues 2023-24
2023-24,serie_a_league,Natan,br BRA,DF,Napoli,22.0,2001.0,14,11,952,10.6,0,0,0,0,,3,1,0.4,0.4,0.1,15.0,34.0,11.0,,,,,,,,,,,,,,,,,,,,,,,,,,,,,,,All Football Players Stats Top 5 Leagues 2023-24
2023-24,serie_a_league,Lapo Nava,it ITA,GK,Milan,19.0,2004.0,1,0,3,0.0,0,0,0,0,,0,0,0.0,0.0,0.0,0.0,0.0,0.0,,,,,,,,,,,,,,,,,,,,,,,,,,,,,,,All Football Players Stats Top 5 Leagues 2023-24
2023-24,serie_a_league,Michel Ndary Adopo,fr FRA,MF,Atalanta,23.0,2000.0,10,0,109,1.2,0,1,0,0,,0,0,0.1,0.1,0.1,3.0,9.0,16.0,,,,,,,,,,,,,,,,,,,,,,,,,,,,,,,All Football Players Stats Top 5 Leagues 2023-24
2023-24,serie_a_league,Dan Ndoye,ch SUI,"FW,MF",Bologna,22.0,2000.0,32,20,1771,19.7,1,1,0,0,,4,0,4.9,4.9,1.8,88.0,36.0,173.0,,,,,,,,,,,,,,,,,,,,,,,,,,,,,,,All Football Players Stats Top 5 Leagues 2023-24
2023-24,serie_a_league,Cyril Ngonge,be BEL,"FW,MF",Hellas Verona,23.0,2000.0,19,17,1431,15.9,6,2,0,0,,4,0,4.2,3.4,1.7,53.0,44.0,117.0,,,,,,,,,,,,,,,,,,,,,,,,,,,,,,,All Football Players Stats Top 5 Leagues 2023-24
2023-24,serie_a_league,Cyril Ngonge,be BEL,FW,Napoli,23.0,2000.0,13,1,315,3.5,1,0,0,0,,2,0,1.0,1.0,0.8,18.0,11.0,43.0,,,,,,,,,,,,,,,,,,,,,,,,,,,,,,,All Football Players Stats Top 5 Leagues 2023-24
2023-24,serie_a_league,M'Baye Niang,sn SEN,FW,Empoli,28.0,1994.0,14,5,708,7.9,6,1,4,4,,1,0,5.4,2.3,0.9,13.0,11.0,43.0,,,,,,,,,,,,,,,,,,,,,,,,,,,,,,,All Football Players Stats Top 5 Leagues 2023-24
2023-24,serie_a_league,Hans Nicolussi Caviglia,it ITA,MF,Juventus,23.0,2000.0,8,3,268,3.0,0,1,0,0,,1,0,0.1,0.1,0.6,0.0,14.0,2.0,,,,,,,,,,,,,,,,,,,,,,,,,,,,,,,All Football Players Stats Top 5 Leagues 2023-24
2023-24,serie_a_league,Joseph Nonge,be BEL,MF,Juventus,18.0,2005.0,2,0,24,0.3,0,0,0,0,,1,0,0.0,0.0,0.0,1.0,2.0,2.0,,,,,,,,,,,,,,,,,,,,,,,,,,,,,,,All Football Players Stats Top 5 Leagues 2023-24
2023-24,serie_a_league,Tijjani Noslin,nl NED,"FW,MF",Hellas Verona,24.0,1999.0,17,17,1339,14.9,5,4,0,0,,2,0,3.6,3.6,2.2,29.0,26.0,94.0,,,,,,,,,,,,,,,,,,,,,,,,,,,,,,,All Football Players Stats Top 5 Leagues 2023-24
2023-24,serie_a_league,Simeon Nwankwo,ng NGA,FW,Salernitana,31.0,1992.0,15,6,686,7.6,3,0,0,0,,0,0,2.7,2.7,0.6,6.0,7.0,39.0,,,,,,,,,,,,,,,,,,,,,,,,,,,,,,,All Football Players Stats Top 5 Leagues 2023-24
2023-24,serie_a_league,M'Bala Nzola,ao ANG,FW,Fiorentina,26.0,1996.0,33,15,1552,17.2,3,3,1,1,,2,0,4.5,3.7,1.6,21.0,29.0,143.0,,,,,,,,,,,,,,,,,,,,,,,,,,,,,,,All Football Players Stats Top 5 Leagues 2023-24
2023-24,serie_a_league,Adam Obert,sk SVK,DF,Cagliari,20.0,2002.0,17,10,941,10.5,0,0,0,0,,1,0,0.1,0.1,0.9,14.0,37.0,5.0,,,,,,,,,,,,,,,,,,,,,,,,,,,,,,,All Football Players Stats Top 5 Leagues 2023-24
2023-24,serie_a_league,Pedro Obiang,gq EQG,MF,Sassuolo,31.0,1992.0,8,5,453,5.0,0,0,0,0,,1,0,0.0,0.0,0.7,4.0,21.0,2.0,,,,,,,,,,,,,,,,,,,,,,,,,,,,,,,All Football Players Stats Top 5 Leagues 2023-24
2023-24,serie_a_league,Guillermo Ochoa,mx MEX,GK,Salernitana,38.0,1985.0,21,21,1890,21.0,0,0,0,0,,0,0,0.0,0.0,0.0,0.0,0.0,0.0,,,,,,,,,,,,,,,,,,,,,,,,,,,,,,,All Football Players Stats Top 5 Leagues 2023-24
2023-24,serie_a_league,Jens Odgaard,dk DEN,"FW,MF",Bologna,24.0,1999.0,10,5,431,4.8,2,0,0,0,,1,0,1.5,1.5,0.1,9.0,9.0,30.0,,,,,,,,,,,,,,,,,,,,,,,,,,,,,,,All Football Players Stats Top 5 Leagues 2023-24
2023-24,serie_a_league,Noah Okafor,ch SUI,"FW,MF",Milan,23.0,2000.0,28,6,887,9.9,6,2,0,0,,1,0,3.8,3.8,1.2,29.0,15.0,66.0,,,,,,,,,,,,,,,,,,,,,,,,,,,,,,,All Football Players Stats Top 5 Leagues 2023-24
2023-24,serie_a_league,David Okereke,ng NGA,"FW,MF",Torino,25.0,1997.0,9,3,252,2.8,0,0,0,0,,0,0,0.2,0.2,0.1,8.0,7.0,23.0,,,,,,,,,,,,,,,,,,,,,,,,,,,,,,,All Football Players Stats Top 5 Leagues 2023-24
2023-24,serie_a_league,Caleb Okoli,it ITA,DF,Frosinone,22.0,2001.0,34,32,2914,32.4,0,1,0,0,,9,0,0.6,0.6,0.8,22.0,118.0,4.0,,,,,,,,,,,,,,,,,,,,,,,,,,,,,,,All Football Players Stats Top 5 Leagues 2023-24
2023-24,serie_a_league,Maduka Okoye,ng NGA,GK,Udinese,23.0,1999.0,21,21,1890,21.0,0,0,0,0,,2,0,0.0,0.0,0.0,0.0,0.0,0.0,,,,,,,,,,,,,,,,,,,,,,,,,,,,,,,All Football Players Stats Top 5 Leagues 2023-24
2023-24,serie_a_league,Mathías Olivera,uy URU,DF,Napoli,25.0,1997.0,23,18,1569,17.4,1,1,0,0,,3,0,0.5,0.5,0.9,31.0,89.0,93.0,,,,,,,,,,,,,,,,,,,,,,,,,,,,,,,All Football Players Stats Top 5 Leagues 2023-24
2023-24,serie_a_league,Gaetano Oristanio,it ITA,"FW,MF",Cagliari,20.0,2002.0,25,11,1104,12.3,2,1,0,0,,1,0,1.8,1.8,1.1,25.0,26.0,76.0,,,,,,,,,,,,,,,,,,,,,,,,,,,,,,,All Football Players Stats Top 5 Leagues 2023-24
2023-24,serie_a_league,Riccardo Orsolini,it ITA,"FW,MF",Bologna,26.0,1997.0,33,19,1792,19.9,10,2,2,3,,2,0,7.4,5.0,4.4,51.0,71.0,175.0,,,,,,,,,,,,,,,,,,,,,,,,,,,,,,,All Football Players Stats Top 5 Leagues 2023-24
2023-24,serie_a_league,Victor Osimhen,ng NGA,FW,Napoli,24.0,1998.0,25,22,1982,22.0,15,3,3,5,,6,1,15.4,11.4,3.1,34.0,23.0,142.0,,,,,,,,,,,,,,,,,,,,,,,,,,,,,,,All Football Players Stats Top 5 Leagues 2023-24
2023-24,serie_a_league,Remi Oudin,fr FRA,"MF,FW",Lecce,26.0,1996.0,31,21,1819,20.2,3,2,0,0,,3,0,1.8,1.8,5.7,19.0,79.0,82.0,,,,,,,,,,,,,,,,,,,,,,,,,,,,,,,All Football Players Stats Top 5 Leagues 2023-24
2023-24,serie_a_league,Anthony Oyono,ga GAB,DF,Frosinone,22.0,2001.0,16,14,1198,13.3,0,1,0,0,,4,0,0.1,0.1,0.9,35.0,33.0,39.0,,,,,,,,,,,,,,,,,,,,,,,,,,,,,,,All Football Players Stats Top 5 Leagues 2023-24
2023-24,serie_a_league,Simone Pafundi,it ITA,MF,Udinese,17.0,2006.0,1,0,8,0.1,0,0,0,0,,0,0,0.0,0.0,0.0,0.0,1.0,1.0,,,,,,,,,,,,,,,,,,,,,,,,,,,,,,,All Football Players Stats Top 5 Leagues 2023-24
2023-24,serie_a_league,Riccardo Pagano,it ITA,"MF,DF",Roma,18.0,2004.0,4,0,51,0.6,0,0,0,0,,0,0,0.1,0.1,0.0,1.0,3.0,2.0,,,,,,,,,,,,,,,,,,,,,,,,,,,,,,,All Football Players Stats Top 5 Leagues 2023-24
2023-24,serie_a_league,Christos Papadopoulos,gr GRE,FW,Genoa,18.0,2004.0,1,0,4,0.0,0,0,0,0,,0,0,0.0,0.0,0.0,0.0,0.0,0.0,,,,,,,,,,,,,,,,,,,,,,,,,,,,,,,All Football Players Stats Top 5 Leagues 2023-24
2023-24,serie_a_league,Leandro Paredes,ar ARG,MF,Roma,29.0,1994.0,34,32,2634,29.3,3,5,3,3,,15,1,3.3,1.0,2.3,36.0,214.0,19.0,,,,,,,,,,,,,,,,,,,,,,,,,,,,,,,All Football Players Stats Top 5 Leagues 2023-24
2023-24,serie_a_league,Fabiano Parisi,it ITA,DF,Fiorentina,22.0,2000.0,21,16,1454,16.2,0,1,0,0,,4,0,0.9,0.9,2.4,50.0,78.0,64.0,,,,,,,,,,,,,,,,,,,,,,,,,,,,,,,All Football Players Stats Top 5 Leagues 2023-24
2023-24,serie_a_league,Mario Pašalić,hr CRO,MF,Atalanta,28.0,1995.0,34,23,2051,22.8,6,6,2,2,,3,0,7.1,5.5,4.1,48.0,129.0,74.0,,,,,,,,,,,,,,,,,,,,,,,,,,,,,,,All Football Players Stats Top 5 Leagues 2023-24
2023-24,serie_a_league,Triantafyllos Pasaridīs,gr GRE,DF,Salernitana,27.0,1996.0,8,5,452,5.0,0,0,0,0,,3,0,0.0,0.0,0.0,1.0,17.0,0.0,,,,,,,,,,,,,,,,,,,,,,,,,,,,,,,All Football Players Stats Top 5 Leagues 2023-24
2023-24,serie_a_league,Patric,es ESP,DF,Lazio,30.0,1993.0,20,19,1608,17.9,2,0,0,0,,4,0,1.4,1.4,0.2,3.0,72.0,12.0,,,,,,,,,,,,,,,,,,,,,,,,,,,,,,,All Football Players Stats Top 5 Leagues 2023-24
2023-24,serie_a_league,Rui Patrício,pt POR,GK,Roma,35.0,1988.0,23,23,2070,23.0,0,0,0,0,,1,0,0.0,0.0,0.0,0.0,0.0,0.0,,,,,,,,,,,,,,,,,,,,,,,,,,,,,,,All Football Players Stats Top 5 Leagues 2023-24
2023-24,serie_a_league,Benjamin Pavard,fr FRA,DF,Inter,27.0,1996.0,23,21,1672,18.6,0,2,0,0,,6,0,0.7,0.7,1.4,25.0,89.0,47.0,,,,,,,,,,,,,,,,,,,,,,,,,,,,,,,All Football Players Stats Top 5 Leagues 2023-24
2023-24,serie_a_league,Leonardo Pavoletti,it ITA,FW,Cagliari,34.0,1988.0,19,5,628,7.0,4,1,0,0,,4,0,2.6,2.6,0.3,1.0,16.0,40.0,,,,,,,,,,,,,,,,,,,,,,,,,,,,,,,All Football Players Stats Top 5 Leagues 2023-24
2023-24,serie_a_league,Martín Payero,ar ARG,MF,Udinese,24.0,1998.0,29,21,1796,20.0,2,2,0,0,,6,1,1.5,1.5,1.1,47.0,71.0,64.0,,,,,,,,,,,,,,,,,,,,,,,,,,,,,,,All Football Players Stats Top 5 Leagues 2023-24
2023-24,serie_a_league,Marcus Pedersen,no NOR,DF,Sassuolo,23.0,2000.0,28,16,1613,17.9,0,2,0,0,,4,0,0.1,0.1,1.1,43.0,31.0,90.0,,,,,,,,,,,,,,,,,,,,,,,,,,,,,,,All Football Players Stats Top 5 Leagues 2023-24
2023-24,serie_a_league,Pedro,es ESP,"FW,MF",Lazio,36.0,1987.0,33,5,816,9.1,1,1,0,0,,4,0,1.5,1.5,2.1,31.0,33.0,81.0,,,,,,,,,,,,,,,,,,,,,,,,,,,,,,,All Football Players Stats Top 5 Leagues 2023-24
2023-24,serie_a_league,Pietro Pellegri,it ITA,FW,Torino,22.0,2001.0,24,7,756,8.4,1,1,0,0,,3,0,1.0,1.0,0.3,14.0,8.0,52.0,,,,,,,,,,,,,,,,,,,,,,,,,,,,,,,All Football Players Stats Top 5 Leagues 2023-24
2023-24,serie_a_league,Lorenzo Pellegrini,it ITA,MF,Roma,27.0,1996.0,29,20,1859,20.7,8,3,1,1,,7,0,4.8,4.0,2.4,43.0,94.0,97.0,,,,,,,,,,,,,,,,,,,,,,,,,,,,,,,All Football Players Stats Top 5 Leagues 2023-24
2023-24,serie_a_league,Luca Pellegrini,it ITA,DF,Lazio,24.0,1999.0,19,8,786,8.7,1,0,0,0,,7,1,0.2,0.2,0.3,18.0,46.0,30.0,,,,,,,,,,,,,,,,,,,,,,,,,,,,,,,All Football Players Stats Top 5 Leagues 2023-24
2023-24,serie_a_league,Marco Pellegrino,,DF,Salernitana,,,10,5,545,6.1,0,0,0,0,,1,0,0.0,0.0,0.0,0.0,7.0,1.0,,,,,,,,,,,,,,,,,,,,,,,,,,,,,,,All Football Players Stats Top 5 Leagues 2023-24
2023-24,serie_a_league,Marco Pellegrino,,DF,Milan,,,1,0,68,0.8,0,0,0,0,,0,0,0.0,0.0,0.0,1.0,3.0,0.0,,,,,,,,,,,,,,,,,,,,,,,,,,,,,,,All Football Players Stats Top 5 Leagues 2023-24
2023-24,serie_a_league,Pepín,gq EQG,"MF,FW",Monza,26.0,1996.0,10,2,241,2.7,0,0,0,0,,2,0,0.2,0.2,0.1,1.0,13.0,12.0,,,,,,,,,,,,,,,,,,,,,,,,,,,,,,,All Football Players Stats Top 5 Leagues 2023-24
2023-24,serie_a_league,Pedro Pereira,pt POR,DF,Monza,25.0,1998.0,23,9,841,9.3,0,2,0,0,,3,0,0.2,0.2,1.2,20.0,43.0,69.0,,,,,,,,,,,,,,,,,,,,,,,,,,,,,,,All Football Players Stats Top 5 Leagues 2023-24
2023-24,serie_a_league,Roberto Pereyra,ar ARG,"FW,MF",Udinese,32.0,1991.0,27,22,1858,20.6,4,3,1,1,,6,0,3.5,2.7,1.9,39.0,70.0,82.0,,,,,,,,,,,,,,,,,,,,,,,,,,,,,,,All Football Players Stats Top 5 Leagues 2023-24
2023-24,serie_a_league,Nehuén Pérez,ar ARG,DF,Udinese,23.0,2000.0,36,36,3238,36.0,0,0,0,0,,9,1,1.3,1.3,0.2,28.0,119.0,24.0,,,,,,,,,,,,,,,,,,,,,,,,,,,,,,,All Football Players Stats Top 5 Leagues 2023-24
2023-24,serie_a_league,Simone Perilli,it ITA,GK,Hellas Verona,28.0,1995.0,1,1,90,1.0,0,0,0,0,,0,0,0.0,0.0,0.0,0.0,0.0,0.0,,,,,,,,,,,,,,,,,,,,,,,,,,,,,,,All Football Players Stats Top 5 Leagues 2023-24
2023-24,serie_a_league,Mattia Perin,it ITA,GK,Juventus,30.0,1992.0,3,3,225,2.5,0,0,0,0,,0,0,0.0,0.0,0.0,0.0,0.0,0.0,,,,,,,,,,,,,,,,,,,,,,,,,,,,,,,All Football Players Stats Top 5 Leagues 2023-24
2023-24,serie_a_league,Samuele Perisan,it ITA,GK,Empoli,25.0,1997.0,1,1,90,1.0,0,0,0,0,,0,0,0.0,0.0,0.0,0.0,0.0,0.0,,,,,,,,,,,,,,,,,,,,,,,,,,,,,,,All Football Players Stats Top 5 Leagues 2023-24
2023-24,serie_a_league,Matteo Pessina,it ITA,MF,Monza,26.0,1997.0,37,37,3222,35.8,6,3,4,5,,5,1,6.3,2.4,1.1,69.0,190.0,53.0,,,,,,,,,,,,,,,,,,,,,,,,,,,,,,,All Football Players Stats Top 5 Leagues 2023-24
2023-24,serie_a_league,Andrea Petagna,it ITA,FW,Cagliari,28.0,1995.0,18,13,995,11.1,1,1,0,0,,2,0,1.6,1.6,1.0,11.0,14.0,56.0,,,,,,,,,,,,,,,,,,,,,,,,,,,,,,,All Football Players Stats Top 5 Leagues 2023-24
2023-24,serie_a_league,Giuseppe Pezzella,it ITA,DF,Empoli,25.0,1997.0,19,14,1085,12.1,0,0,0,0,,4,0,0.2,0.2,0.5,44.0,44.0,36.0,,,,,,,,,,,,,,,,,,,,,,,,,,,,,,,All Football Players Stats Top 5 Leagues 2023-24
2023-24,serie_a_league,Roberto Piccoli,it ITA,FW,Empoli,22.0,2001.0,2,0,39,0.4,0,0,0,0,,0,0,0.1,0.1,0.0,0.0,1.0,0.0,,,,,,,,,,,,,,,,,,,,,,,,,,,,,,,All Football Players Stats Top 5 Leagues 2023-24
2023-24,serie_a_league,Roberto Piccoli,it ITA,FW,Lecce,22.0,2001.0,35,12,1378,15.3,5,0,1,1,,5,0,6.4,5.6,0.9,25.0,19.0,72.0,,,,,,,,,,,,,,,,,,,,,,,,,,,,,,,All Football Players Stats Top 5 Leagues 2023-24
2023-24,serie_a_league,Santiago Pierotti,ar ARG,"MF,FW",Lecce,22.0,2001.0,11,0,200,2.2,0,2,0,0,,0,0,0.5,0.5,1.0,4.0,5.0,20.0,,,,,,,,,,,,,,,,,,,,,,,,,,,,,,,All Football Players Stats Top 5 Leagues 2023-24
2023-24,serie_a_league,Niccolò Pierozzi,it ITA,DF,Salernitana,21.0,2001.0,12,11,871,9.7,1,0,0,0,,6,0,0.2,0.2,0.0,3.0,16.0,20.0,,,,,,,,,,,,,,,,,,,,,,,,,,,,,,,All Football Players Stats Top 5 Leagues 2023-24
2023-24,serie_a_league,Andrea Pinamonti,it ITA,FW,Sassuolo,24.0,1999.0,38,37,3076,34.2,11,1,2,3,,4,0,8.9,6.6,1.9,17.0,45.0,165.0,,,,,,,,,,,,,,,,,,,,,,,,,,,,,,,All Football Players Stats Top 5 Leagues 2023-24
2023-24,serie_a_league,Carlo Pinsoglio,it ITA,GK,Juventus,33.0,1990.0,1,0,45,0.5,0,0,0,0,,0,0,0.0,0.0,0.0,0.0,0.0,0.0,,,,,,,,,,,,,,,,,,,,,,,,,,,,,,,All Football Players Stats Top 5 Leagues 2023-24
2023-24,serie_a_league,Lorenzo Pirola,it ITA,DF,Salernitana,21.0,2002.0,27,24,1987,22.1,1,0,0,0,,4,0,0.9,0.9,0.0,13.0,57.0,7.0,,,,,,,,,,,,,,,,,,,,,,,,,,,,,,,All Football Players Stats Top 5 Leagues 2023-24
2023-24,serie_a_league,Niccolò Pisilli,it ITA,MF,Roma,18.0,2004.0,1,0,10,0.1,0,0,0,0,,0,0,0.0,0.0,0.0,0.0,0.0,1.0,,,,,,,,,,,,,,,,,,,,,,,,,,,,,,,All Football Players Stats Top 5 Leagues 2023-24
2023-24,serie_a_league,Tommaso Pobega,it ITA,MF,Milan,24.0,1999.0,11,3,319,3.5,0,0,0,0,,0,0,0.2,0.2,0.2,6.0,11.0,10.0,,,,,,,,,,,,,,,,,,,,,,,,,,,,,,,All Football Players Stats Top 5 Leagues 2023-24
2023-24,serie_a_league,Paul Pogba,fr FRA,MF,Juventus,30.0,1993.0,2,0,54,0.6,0,0,0,0,,0,0,0.0,0.0,0.0,1.0,5.0,5.0,,,,,,,,,,,,,,,,,,,,,,,,,,,,,,,All Football Players Stats Top 5 Leagues 2023-24
2023-24,serie_a_league,Matteo Politano,it ITA,FW,Napoli,29.0,1993.0,37,31,2360,26.2,8,7,2,3,,2,1,7.1,4.8,6.6,113.0,164.0,216.0,,,,,,,,,,,,,,,,,,,,,,,,,,,,,,,All Football Players Stats Top 5 Leagues 2023-24
2023-24,serie_a_league,Marin Pongračić,hr CRO,DF,Lecce,25.0,1997.0,36,36,3219,35.8,0,0,0,0,,10,1,1.2,1.2,0.4,45.0,134.0,7.0,,,,,,,,,,,,,,,,,,,,,,,,,,,,,,,All Football Players Stats Top 5 Leagues 2023-24
2023-24,serie_a_league,Stefan Posch,at AUT,DF,Bologna,26.0,1997.0,31,29,2409,26.8,1,2,0,0,,7,0,1.2,1.2,2.1,44.0,123.0,64.0,,,,,,,,,,,,,,,,,,,,,,,,,,,,,,,All Football Players Stats Top 5 Leagues 2023-24
2023-24,serie_a_league,Matteo Prati,it ITA,MF,Cagliari,19.0,2003.0,26,19,1972,21.9,1,1,0,0,,4,0,2.0,2.0,0.8,8.0,66.0,17.0,,,,,,,,,,,,,,,,,,,,,,,,,,,,,,,All Football Players Stats Top 5 Leagues 2023-24
2023-24,serie_a_league,Ivan Provedel,it ITA,GK,Lazio,29.0,1994.0,30,30,2699,30.0,0,0,0,0,,0,0,0.0,0.0,0.0,0.0,3.0,0.0,,,,,,,,,,,,,,,,,,,,,,,,,,,,,,,All Football Players Stats Top 5 Leagues 2023-24
2023-24,serie_a_league,Christian Pulisic,us USA,"FW,MF",Milan,24.0,1998.0,36,32,2602,28.9,12,8,0,0,,2,0,8.0,8.0,4.8,131.0,87.0,293.0,,,,,,,,,,,,,,,,,,,,,,,,,,,,,,,All Football Players Stats Top 5 Leagues 2023-24
2023-24,serie_a_league,George Pușcaș,ro ROU,FW,Genoa,27.0,1996.0,8,1,191,2.1,0,0,0,0,,0,0,2.1,2.1,0.1,5.0,3.0,17.0,,,,,,,,,,,,,,,,,,,,,,,,,,,,,,,All Football Players Stats Top 5 Leagues 2023-24
2023-24,serie_a_league,Domingos Quina,pt POR,MF,Udinese,23.0,1999.0,2,0,13,0.1,0,0,0,0,,0,0,0.0,0.0,0.0,0.0,1.0,0.0,,,,,,,,,,,,,,,,,,,,,,,,,,,,,,,All Football Players Stats Top 5 Leagues 2023-24
2023-24,serie_a_league,Adrien Rabiot,fr FRA,MF,Juventus,28.0,1995.0,31,30,2651,29.5,5,3,0,0,,8,0,3.5,3.4,4.1,72.0,120.0,106.0,,,,,,,,,,,,,,,,,,,,,,,,,,,,,,,All Football Players Stats Top 5 Leagues 2023-24
2023-24,serie_a_league,Uroš Račić,rs SRB,MF,Sassuolo,25.0,1998.0,22,8,820,9.1,1,1,0,0,,1,0,0.8,0.8,0.3,5.0,37.0,11.0,,,,,,,,,,,,,,,,,,,,,,,,,,,,,,,All Football Players Stats Top 5 Leagues 2023-24
2023-24,serie_a_league,Nemanja Radonjić,rs SRB,"MF,FW",Torino,27.0,1996.0,10,4,374,4.2,3,0,0,0,,1,0,1.7,1.7,0.2,11.0,7.0,24.0,,,,,,,,,,,,,,,,,,,,,,,,,,,,,,,All Football Players Stats Top 5 Leagues 2023-24
2023-24,serie_a_league,Boris Radunović,rs SRB,GK,Cagliari,27.0,1996.0,7,7,630,7.0,0,0,0,0,,0,0,0.0,0.0,0.0,0.0,0.0,0.0,,,,,,,,,,,,,,,,,,,,,,,,,,,,,,,All Football Players Stats Top 5 Leagues 2023-24
2023-24,serie_a_league,Hamza Rafia,tn TUN,MF,Lecce,24.0,1999.0,28,17,1204,13.4,1,0,0,0,,4,0,0.8,0.8,0.8,15.0,46.0,37.0,,,,,,,,,,,,,,,,,,,,,,,,,,,,,,,All Football Players Stats Top 5 Leagues 2023-24
2023-24,serie_a_league,Ylber Ramadani,al ALB,MF,Lecce,27.0,1996.0,34,34,2970,33.0,1,0,0,0,,13,0,1.0,1.0,0.5,36.0,121.0,14.0,,,,,,,,,,,,,,,,,,,,,,,,,,,,,,,All Football Players Stats Top 5 Leagues 2023-24
2023-24,serie_a_league,Luca Ranieri,it ITA,DF,Fiorentina,24.0,1999.0,26,23,2065,22.9,2,1,0,0,,14,0,0.9,0.9,0.4,17.0,99.0,5.0,,,,,,,,,,,,,,,,,,,,,,,,,,,,,,,All Football Players Stats Top 5 Leagues 2023-24
2023-24,serie_a_league,Filippo Ranocchia,it ITA,"MF,DF",Empoli,22.0,2001.0,9,5,476,5.3,0,0,0,0,,3,0,0.2,0.2,0.5,5.0,21.0,11.0,,,,,,,,,,,,,,,,,,,,,,,,,,,,,,,All Football Players Stats Top 5 Leagues 2023-24
2023-24,serie_a_league,Giacomo Raspadori,it ITA,"FW,MF",Napoli,23.0,2000.0,37,14,1584,17.6,5,3,0,1,,0,0,5.9,4.5,4.0,29.0,54.0,139.0,,,,,,,,,,,,,,,,,,,,,,,,,,,,,,,All Football Players Stats Top 5 Leagues 2023-24
2023-24,serie_a_league,Federico Ravaglia,it ITA,GK,Bologna,23.0,1999.0,6,6,535,5.9,0,0,0,0,,0,0,0.0,0.0,0.0,0.0,0.0,0.0,,,,,,,,,,,,,,,,,,,,,,,,,,,,,,,All Football Players Stats Top 5 Leagues 2023-24
2023-24,serie_a_league,Tijjani Reijnders,nl NED,MF,Milan,25.0,1998.0,36,33,2820,31.3,3,3,0,0,,8,0,3.2,3.2,3.7,88.0,204.0,90.0,,,,,,,,,,,,,,,,,,,,,,,,,,,,,,,All Football Players Stats Top 5 Leagues 2023-24
2023-24,serie_a_league,Reinier,br BRA,"MF,FW",Frosinone,21.0,2002.0,22,13,1059,11.8,2,2,0,0,,3,0,1.3,1.3,1.9,10.0,32.0,42.0,,,,,,,,,,,,,,,,,,,,,,,,,,,,,,,All Football Players Stats Top 5 Leagues 2023-24
2023-24,serie_a_league,Mateo Retegui,it ITA,FW,Genoa,24.0,1999.0,29,26,2216,24.6,7,2,1,1,,5,0,5.8,5.0,0.7,18.0,17.0,112.0,,,,,,,,,,,,,,,,,,,,,,,,,,,,,,,All Football Players Stats Top 5 Leagues 2023-24
2023-24,serie_a_league,Samuele Ricci,it ITA,MF,Torino,21.0,2001.0,32,28,2395,26.6,1,2,0,0,,8,1,1.3,1.3,2.3,47.0,122.0,73.0,,,,,,,,,,,,,,,,,,,,,,,,,,,,,,,All Football Players Stats Top 5 Leagues 2023-24
2023-24,serie_a_league,Ricardo Rodríguez,ch SUI,DF,Torino,30.0,1992.0,35,34,2772,30.8,1,2,0,0,,4,0,0.3,0.3,1.4,61.0,127.0,40.0,,,,,,,,,,,,,,,,,,,,,,,,,,,,,,,All Football Players Stats Top 5 Leagues 2023-24
2023-24,serie_a_league,Alessio Romagnoli,it ITA,DF,Lazio,28.0,1995.0,29,26,2411,26.8,0,0,0,0,,9,0,0.6,0.6,0.6,7.0,87.0,2.0,,,,,,,,,,,,,,,,,,,,,,,,,,,,,,,All Football Players Stats Top 5 Leagues 2023-24
2023-24,serie_a_league,Simone Romagnoli,it ITA,DF,Frosinone,33.0,1990.0,33,30,2715,30.2,1,1,0,0,,6,0,1.2,1.2,0.4,2.0,47.0,2.0,,,,,,,,,,,,,,,,,,,,,,,,,,,,,,,All Football Players Stats Top 5 Leagues 2023-24
2023-24,serie_a_league,Luka Romero,ar ARG,"FW,MF",Milan,18.0,2004.0,4,0,88,1.0,0,0,0,0,,1,0,0.1,0.1,0.0,4.0,3.0,7.0,,,,,,,,,,,,,,,,,,,,,,,,,,,,,,,All Football Players Stats Top 5 Leagues 2023-24
2023-24,serie_a_league,Marten de Roon,nl NED,"MF,DF",Atalanta,32.0,1991.0,30,29,2599,28.9,0,5,0,0,,10,0,0.6,0.6,1.2,28.0,178.0,22.0,,,,,,,,,,,,,,,,,,,,,,,,,,,,,,,All Football Players Stats Top 5 Leagues 2023-24
2023-24,serie_a_league,Francesco Rossi,it ITA,GK,Atalanta,32.0,1991.0,1,0,5,0.1,0,0,0,0,,0,0,0.0,0.0,0.0,0.0,0.0,0.0,,,,,,,,,,,,,,,,,,,,,,,,,,,,,,,All Football Players Stats Top 5 Leagues 2023-24
2023-24,serie_a_league,Nicolò Rovella,it ITA,MF,Lazio,21.0,2001.0,23,16,1318,14.6,0,2,0,0,,6,0,0.6,0.6,0.5,21.0,56.0,11.0,,,,,,,,,,,,,,,,,,,,,,,,,,,,,,,All Football Players Stats Top 5 Leagues 2023-24
2023-24,serie_a_league,Amir Rrahmani,xk KVX,DF,Napoli,29.0,1994.0,30,30,2600,28.9,3,0,0,0,,5,0,2.2,2.2,0.9,19.0,113.0,4.0,,,,,,,,,,,,,,,,,,,,,,,,,,,,,,,All Football Players Stats Top 5 Leagues 2023-24
2023-24,serie_a_league,Ruan,br BRA,DF,Sassuolo,24.0,1999.0,26,16,1516,16.8,0,0,0,0,,7,1,0.5,0.5,0.6,8.0,33.0,6.0,,,,,,,,,,,,,,,,,,,,,,,,,,,,,,,All Football Players Stats Top 5 Leagues 2023-24
2023-24,serie_a_league,Daniele Rugani,it ITA,DF,Juventus,29.0,1994.0,17,13,1187,13.2,2,0,0,0,,2,0,1.6,1.6,0.4,2.0,46.0,2.0,,,,,,,,,,,,,,,,,,,,,,,,,,,,,,,All Football Players Stats Top 5 Leagues 2023-24
2023-24,serie_a_league,Matteo Ruggeri,it ITA,DF,Atalanta,21.0,2002.0,34,28,2449,27.2,0,4,0,0,,3,0,0.5,0.5,1.8,55.0,142.0,132.0,,,,,,,,,,,,,,,,,,,,,,,,,,,,,,,All Football Players Stats Top 5 Leagues 2023-24
2023-24,serie_a_league,Mário Rui,pt POR,DF,Napoli,32.0,1991.0,21,14,1205,13.4,0,2,0,0,,7,1,0.1,0.1,1.9,33.0,90.0,59.0,,,,,,,,,,,,,,,,,,,,,,,,,,,,,,,All Football Players Stats Top 5 Leagues 2023-24
2023-24,serie_a_league,Stefano Sabelli,it ITA,DF,Genoa,30.0,1993.0,32,30,2429,27.0,0,1,0,0,,5,0,0.8,0.8,1.9,69.0,88.0,101.0,,,,,,,,,,,,,,,,,,,,,,,,,,,,,,,All Football Players Stats Top 5 Leagues 2023-24
2023-24,serie_a_league,Alexis Saelemaekers,be BEL,"FW,MF",Bologna,24.0,1999.0,30,21,1887,21.0,4,2,0,0,,7,1,2.6,2.6,2.8,65.0,77.0,180.0,,,,,,,,,,,,,,,,,,,,,,,,,,,,,,,All Football Players Stats Top 5 Leagues 2023-24
2023-24,serie_a_league,Lazar Samardzic,rs SRB,MF,Udinese,21.0,2002.0,34,28,2372,26.4,6,2,1,1,,3,0,3.5,2.8,5.5,65.0,83.0,91.0,,,,,,,,,,,,,,,,,,,,,,,,,,,,,,,All Football Players Stats Top 5 Leagues 2023-24
2023-24,serie_a_league,Junior Sambia,fr FRA,"DF,MF",Salernitana,26.0,1996.0,18,10,1032,11.5,1,2,0,0,,4,0,0.5,0.5,0.9,23.0,41.0,37.0,,,,,,,,,,,,,,,,,,,,,,,,,,,,,,,All Football Players Stats Top 5 Leagues 2023-24
2023-24,serie_a_league,Antonio Sanabria,py PAR,"FW,MF",Torino,27.0,1996.0,35,23,2133,23.7,5,0,2,2,,2,0,9.3,7.7,1.4,19.0,57.0,109.0,,,,,,,,,,,,,,,,,,,,,,,,,,,,,,,All Football Players Stats Top 5 Leagues 2023-24
2023-24,serie_a_league,Renato Sanches,pt POR,MF,Roma,25.0,1997.0,7,1,146,1.6,1,0,0,0,,2,0,0.1,0.1,0.2,5.0,10.0,5.0,,,,,,,,,,,,,,,,,,,,,,,,,,,,,,,All Football Players Stats Top 5 Leagues 2023-24
2023-24,serie_a_league,Alexis Sánchez,cl CHI,"FW,MF",Inter,34.0,1988.0,23,6,763,8.5,2,5,1,1,,0,0,3.2,2.5,3.1,16.0,53.0,58.0,,,,,,,,,,,,,,,,,,,,,,,,,,,,,,,All Football Players Stats Top 5 Leagues 2023-24
2023-24,serie_a_league,Alex Sandro,br BRA,DF,Juventus,32.0,1991.0,16,8,721,8.0,1,0,0,0,,1,0,0.4,0.4,0.9,16.0,43.0,9.0,,,,,,,,,,,,,,,,,,,,,,,,,,,,,,,All Football Players Stats Top 5 Leagues 2023-24
2023-24,serie_a_league,Nicola Sansone,it ITA,"FW,MF",Lecce,31.0,1991.0,25,4,767,8.5,2,2,0,0,,4,0,2.8,2.8,1.3,15.0,36.0,75.0,,,,,,,,,,,,,,,,,,,,,,,,,,,,,,,All Football Players Stats Top 5 Leagues 2023-24
2023-24,serie_a_league,Riccardo Saponara,it ITA,"FW,MF",Hellas Verona,31.0,1991.0,12,3,342,3.8,0,0,0,0,,0,0,0.1,0.1,0.2,12.0,14.0,32.0,,,,,,,,,,,,,,,,,,,,,,,,,,,,,,,All Football Players Stats Top 5 Leagues 2023-24
2023-24,serie_a_league,Zanos Savva,cy CYP,"DF,MF",Torino,17.0,2005.0,2,0,28,0.3,1,0,0,0,,0,0,0.2,0.2,0.0,0.0,1.0,1.0,,,,,,,,,,,,,,,,,,,,,,,,,,,,,,,All Football Players Stats Top 5 Leagues 2023-24
2023-24,serie_a_league,Saba Sazonov,ge GEO,DF,Torino,21.0,2002.0,12,2,356,4.0,0,0,0,0,,2,0,0.2,0.2,0.0,0.0,8.0,0.0,,,,,,,,,,,,,,,,,,,,,,,,,,,,,,,All Football Players Stats Top 5 Leagues 2023-24
2023-24,serie_a_league,Giorgio Scalvini,it ITA,DF,Atalanta,19.0,2003.0,33,31,2544,28.3,1,3,0,0,,3,0,1.4,1.4,1.1,30.0,116.0,33.0,,,,,,,,,,,,,,,,,,,,,,,,,,,,,,,All Football Players Stats Top 5 Leagues 2023-24
2023-24,serie_a_league,Gianluca Scamacca,it ITA,FW,Atalanta,24.0,1999.0,29,17,1453,16.1,12,6,0,0,,1,0,6.5,6.5,3.9,22.0,41.0,167.0,,,,,,,,,,,,,,,,,,,,,,,,,,,,,,,All Football Players Stats Top 5 Leagues 2023-24
2023-24,serie_a_league,Perr Schuurs,nl NED,DF,Torino,23.0,1999.0,9,9,770,8.6,1,0,0,0,,2,0,0.7,0.7,0.0,9.0,19.0,4.0,,,,,,,,,,,,,,,,,,,,,,,,,,,,,,,All Football Players Stats Top 5 Leagues 2023-24
2023-24,serie_a_league,Simone Scuffet,it ITA,GK,Cagliari,27.0,1996.0,31,31,2789,31.0,0,0,0,0,,3,0,0.0,0.0,0.0,0.0,1.0,0.0,,,,,,,,,,,,,,,,,,,,,,,,,,,,,,,All Football Players Stats Top 5 Leagues 2023-24
2023-24,serie_a_league,Demba Seck,sn SEN,MF,Torino,22.0,2001.0,9,5,425,4.7,0,0,0,0,,1,0,0.3,0.3,0.1,23.0,12.0,25.0,,,,,,,,,,,,,,,,,,,,,,,,,,,,,,,All Football Players Stats Top 5 Leagues 2023-24
2023-24,serie_a_league,Demba Seck,sn SEN,"FW,MF",Frosinone,22.0,2001.0,11,3,298,3.3,0,0,0,0,,0,0,1.1,1.1,0.3,11.0,9.0,23.0,,,,,,,,,,,,,,,,,,,,,,,,,,,,,,,All Football Players Stats Top 5 Leagues 2023-24
2023-24,serie_a_league,Nikola Sekulov,it ITA,FW,Juventus,21.0,2002.0,1,0,11,0.1,0,0,0,0,,0,0,0.0,0.0,0.0,0.0,0.0,1.0,,,,,,,,,,,,,,,,,,,,,,,,,,,,,,,All Football Players Stats Top 5 Leagues 2023-24
2023-24,serie_a_league,Vivaldo Semedo,pt POR,FW,Udinese,18.0,2005.0,1,0,12,0.1,0,0,0,0,,0,0,0.0,0.0,0.0,1.0,0.0,0.0,,,,,,,,,,,,,,,,,,,,,,,,,,,,,,,All Football Players Stats Top 5 Leagues 2023-24
2023-24,serie_a_league,Stefano Sensi,it ITA,MF,Inter,27.0,1995.0,4,0,46,0.5,0,1,0,0,,0,0,0.1,0.1,0.1,3.0,3.0,4.0,,,,,,,,,,,,,,,,,,,,,,,,,,,,,,,All Football Players Stats Top 5 Leagues 2023-24
2023-24,serie_a_league,Suat Serdar,de GER,MF,Hellas Verona,26.0,1997.0,25,19,1659,18.4,0,2,0,0,,7,0,1.0,1.0,1.4,20.0,68.0,36.0,,,,,,,,,,,,,,,,,,,,,,,,,,,,,,,All Football Players Stats Top 5 Leagues 2023-24
2023-24,serie_a_league,Andres Sfait,ro ROU,"DF,MF",Salernitana,18.0,2004.0,2,0,23,0.3,0,0,0,0,,0,0,0.0,0.0,0.1,1.0,1.0,2.0,,,,,,,,,,,,,,,,,,,,,,,,,,,,,,,All Football Players Stats Top 5 Leagues 2023-24
2023-24,serie_a_league,Stephan El Shaarawy,it ITA,"FW,DF",Roma,30.0,1992.0,33,19,1738,19.3,3,4,0,0,,2,0,2.5,2.5,2.3,46.0,44.0,131.0,,,,,,,,,,,,,,,,,,,,,,,,,,,,,,,All Football Players Stats Top 5 Leagues 2023-24
2023-24,serie_a_league,Eldor Shomurodov,uz UZB,"FW,MF",Cagliari,28.0,1995.0,22,10,936,10.4,3,3,0,0,,1,0,3.5,3.5,1.7,12.0,18.0,52.0,,,,,,,,,,,,,,,,,,,,,,,,,,,,,,,All Football Players Stats Top 5 Leagues 2023-24
2023-24,serie_a_league,Steven Shpendi,al ALB,"FW,MF",Empoli,20.0,2003.0,12,4,411,4.6,0,1,0,0,,0,0,0.4,0.4,0.5,3.0,6.0,32.0,,,,,,,,,,,,,,,,,,,,,,,,,,,,,,,All Football Players Stats Top 5 Leagues 2023-24
2023-24,serie_a_league,Marco Silvestri,it ITA,GK,Udinese,32.0,1991.0,17,17,1530,17.0,0,0,0,0,,0,0,0.0,0.0,0.0,0.0,0.0,0.0,,,,,,,,,,,,,,,,,,,,,,,,,,,,,,,All Football Players Stats Top 5 Leagues 2023-24
2023-24,serie_a_league,Giovanni Simeone,ar ARG,FW,Napoli,28.0,1995.0,28,8,800,8.9,1,0,0,0,,3,0,3.4,3.4,0.6,11.0,13.0,76.0,,,,,,,,,,,,,,,,,,,,,,,,,,,,,,,All Football Players Stats Top 5 Leagues 2023-24
2023-24,serie_a_league,Jan-Carlo Simic,rs SRB,DF,Milan,18.0,2005.0,4,0,146,1.6,1,0,0,0,,0,0,0.6,0.6,0.0,0.0,6.0,0.0,,,,,,,,,,,,,,,,,,,,,,,,,,,,,,,All Football Players Stats Top 5 Leagues 2023-24
2023-24,serie_a_league,Leo Skiri Østigård,no NOR,DF,Napoli,23.0,1999.0,25,18,1625,18.1,1,0,0,0,,3,0,0.6,0.6,0.1,13.0,76.0,3.0,,,,,,,,,,,,,,,,,,,,,,,,,,,,,,,All Football Players Stats Top 5 Leagues 2023-24
2023-24,serie_a_league,Łukasz Skorupski,pl POL,GK,Bologna,32.0,1991.0,32,32,2880,32.0,0,0,0,0,,2,0,0.0,0.0,0.0,0.0,1.0,0.0,,,,,,,,,,,,,,,,,,,,,,,,,,,,,,,All Football Players Stats Top 5 Leagues 2023-24
2023-24,serie_a_league,Chris Smalling,eng ENG,DF,Roma,33.0,1989.0,8,4,390,4.3,0,0,0,0,,0,0,0.0,0.0,0.4,1.0,13.0,2.0,,,,,,,,,,,,,,,,,,,,,,,,,,,,,,,All Football Players Stats Top 5 Leagues 2023-24
2023-24,serie_a_league,Andrea Sodero,it ITA,MF,Empoli,18.0,2004.0,1,0,5,0.1,0,0,0,0,,0,0,0.0,0.0,0.0,0.0,0.0,1.0,,,,,,,,,,,,,,,,,,,,,,,,,,,,,,,All Football Players Stats Top 5 Leagues 2023-24
2023-24,serie_a_league,Ola Solbakken,no NOR,FW,Roma,24.0,1998.0,1,0,23,0.3,0,0,0,0,,0,0,0.0,0.0,0.0,1.0,0.0,4.0,,,,,,,,,,,,,,,,,,,,,,,,,,,,,,,All Football Players Stats Top 5 Leagues 2023-24
2023-24,serie_a_league,Daniele Sommariva,it ITA,GK,Genoa,26.0,1997.0,1,0,5,0.1,0,0,0,0,,0,0,0.0,0.0,0.0,0.0,0.0,0.0,,,,,,,,,,,,,,,,,,,,,,,,,,,,,,,All Football Players Stats Top 5 Leagues 2023-24
2023-24,serie_a_league,Yann Sommer,ch SUI,GK,Inter,34.0,1988.0,34,34,3060,34.0,0,0,0,0,,1,0,0.0,0.0,0.0,0.0,0.0,0.0,,,,,,,,,,,,,,,,,,,,,,,,,,,,,,,All Football Players Stats Top 5 Leagues 2023-24
2023-24,serie_a_league,Brandon Soppy,fr FRA,DF,Torino,21.0,2002.0,5,2,178,2.0,0,0,0,0,,0,0,0.0,0.0,0.1,9.0,6.0,3.0,,,,,,,,,,,,,,,,,,,,,,,,,,,,,,,All Football Players Stats Top 5 Leagues 2023-24
2023-24,serie_a_league,Alessandro Sorrentino,it ITA,GK,Monza,21.0,2002.0,7,5,548,6.1,0,0,0,0,,0,0,0.0,0.0,0.0,0.0,0.0,0.0,,,,,,,,,,,,,,,,,,,,,,,,,,,,,,,All Football Players Stats Top 5 Leagues 2023-24
2023-24,serie_a_league,Riccardo Sottil,it ITA,FW,Fiorentina,24.0,1999.0,22,13,1103,12.3,2,3,0,0,,1,0,2.6,2.6,2.5,66.0,33.0,139.0,,,,,,,,,,,,,,,,,,,,,,,,,,,,,,,All Football Players Stats Top 5 Leagues 2023-24
2023-24,serie_a_league,Matìas Soulé,ar ARG,"FW,MF",Frosinone,20.0,2003.0,36,36,3121,34.7,11,3,5,6,,4,0,10.5,5.7,6.6,115.0,198.0,211.0,,,,,,,,,,,,,,,,,,,,,,,,,,,,,,,All Football Players Stats Top 5 Leagues 2023-24
2023-24,serie_a_league,Djed Spence,eng ENG,DF,Genoa,22.0,2000.0,16,8,859,9.5,0,0,0,0,,1,0,0.2,0.2,0.3,17.0,25.0,31.0,,,,,,,,,,,,,,,,,,,,,,,,,,,,,,,All Football Players Stats Top 5 Leagues 2023-24
2023-24,serie_a_league,Leonardo Spinazzola,it ITA,DF,Roma,30.0,1993.0,24,15,1312,14.6,1,2,0,0,,0,0,0.2,0.2,3.0,108.0,52.0,74.0,,,,,,,,,,,,,,,,,,,,,,,,,,,,,,,All Football Players Stats Top 5 Leagues 2023-24
2023-24,serie_a_league,Marco Sportiello,it ITA,GK,Milan,31.0,1992.0,7,7,630,7.0,0,0,0,0,,0,0,0.0,0.0,0.0,0.0,0.0,0.0,,,,,,,,,,,,,,,,,,,,,,,,,,,,,,,All Football Players Stats Top 5 Leagues 2023-24
2023-24,serie_a_league,Trivante Stewart,jm JAM,"FW,MF",Salernitana,23.0,2000.0,4,0,100,1.1,0,0,0,0,,0,0,0.1,0.1,0.1,2.0,0.0,6.0,,,,,,,,,,,,,,,,,,,,,,,,,,,,,,,All Football Players Stats Top 5 Leagues 2023-24
2023-24,serie_a_league,Gabriel Strefezza,br BRA,FW,Lecce,26.0,1997.0,19,13,1112,12.4,1,0,1,1,,4,0,2.5,1.7,1.2,34.0,54.0,81.0,,,,,,,,,,,,,,,,,,,,,,,,,,,,,,,All Football Players Stats Top 5 Leagues 2023-24
2023-24,serie_a_league,Kevin Strootman,nl NED,MF,Genoa,33.0,1990.0,27,15,1207,13.4,0,2,0,0,,4,0,0.1,0.1,1.3,13.0,61.0,22.0,,,,,,,,,,,,,,,,,,,,,,,,,,,,,,,All Football Players Stats Top 5 Leagues 2023-24
2023-24,serie_a_league,Isaac Success,ng NGA,"FW,MF",Udinese,27.0,1996.0,27,9,880,9.8,1,1,0,1,,4,0,2.7,1.9,1.1,15.0,17.0,51.0,,,,,,,,,,,,,,,,,,,,,,,,,,,,,,,All Football Players Stats Top 5 Leagues 2023-24
2023-24,serie_a_league,Ibrahim Sulemana,gh GHA,MF,Cagliari,20.0,2003.0,21,16,1339,14.9,2,0,0,0,,4,0,0.8,0.8,0.1,15.0,27.0,14.0,,,,,,,,,,,,,,,,,,,,,,,,,,,,,,,All Football Players Stats Top 5 Leagues 2023-24
2023-24,serie_a_league,Tomáš Suslov,sk SVK,"MF,FW",Hellas Verona,21.0,2002.0,32,23,2092,23.2,3,5,1,1,,7,0,3.5,2.6,3.6,46.0,64.0,74.0,,,,,,,,,,,,,,,,,,,,,,,,,,,,,,,All Football Players Stats Top 5 Leagues 2023-24
2023-24,serie_a_league,Mile Svilar,rs SRB,GK,Roma,23.0,1999.0,15,15,1350,15.0,0,0,0,0,,1,0,0.0,0.0,0.0,0.0,0.0,0.0,,,,,,,,,,,,,,,,,,,,,,,,,,,,,,,All Football Players Stats Top 5 Leagues 2023-24
2023-24,serie_a_league,Karol Świderski,pl POL,"FW,MF",Hellas Verona,26.0,1997.0,15,3,504,5.6,2,0,0,0,,0,0,1.7,1.7,0.4,3.0,13.0,19.0,,,,,,,,,,,,,,,,,,,,,,,,,,,,,,,All Football Players Stats Top 5 Leagues 2023-24
2023-24,serie_a_league,Wojciech Szczęsny,pl POL,GK,Juventus,33.0,1990.0,35,35,3150,35.0,0,0,0,0,,1,0,0.0,0.0,0.0,0.0,0.0,0.0,,,,,,,,,,,,,,,,,,,,,,,,,,,,,,,All Football Players Stats Top 5 Leagues 2023-24
2023-24,serie_a_league,Przemysław Szymiński,pl POL,MF,Frosinone,29.0,1994.0,1,0,9,0.1,0,0,0,0,,0,0,0.0,0.0,0.0,0.0,0.0,0.0,,,,,,,,,,,,,,,,,,,,,,,,,,,,,,,All Football Players Stats Top 5 Leagues 2023-24
2023-24,serie_a_league,Adrien Tameze,cm CMR,"DF,MF",Torino,29.0,1994.0,29,25,2146,23.8,0,2,0,0,,6,1,0.7,0.7,2.2,22.0,90.0,39.0,,,,,,,,,,,,,,,,,,,,,,,,,,,,,,,All Football Players Stats Top 5 Leagues 2023-24
2023-24,serie_a_league,Elayis Tavsan,nl NED,"MF,FW",Hellas Verona,22.0,2001.0,3,0,50,0.6,0,0,0,0,,0,0,0.1,0.1,0.0,2.0,2.0,1.0,,,,,,,,,,,,,,,,,,,,,,,,,,,,,,,All Football Players Stats Top 5 Leagues 2023-24
2023-24,serie_a_league,Loum Tchaouna,fr FRA,"FW,MF",Salernitana,19.0,2003.0,33,23,2100,23.3,4,3,0,0,,4,0,2.6,2.6,1.5,72.0,59.0,151.0,,,,,,,,,,,,,,,,,,,,,,,,,,,,,,,All Football Players Stats Top 5 Leagues 2023-24
2023-24,serie_a_league,Jackson Tchatchoua,cm CMR,DF,Hellas Verona,21.0,2001.0,26,19,1725,19.2,0,2,0,0,,2,0,0.0,0.0,1.3,34.0,53.0,66.0,,,,,,,,,,,,,,,,,,,,,,,,,,,,,,,All Football Players Stats Top 5 Leagues 2023-24
2023-24,serie_a_league,Filippo Terracciano,it ITA,DF,Hellas Verona,20.0,2003.0,18,14,1296,14.4,0,1,0,0,,1,0,0.3,0.3,1.0,26.0,51.0,28.0,,,,,,,,,,,,,,,,,,,,,,,,,,,,,,,All Football Players Stats Top 5 Leagues 2023-24
2023-24,serie_a_league,Filippo Terracciano,it ITA,"DF,FW",Milan,20.0,2003.0,3,1,76,0.8,0,0,0,0,,1,0,0.0,0.0,0.0,0.0,1.0,1.0,,,,,,,,,,,,,,,,,,,,,,,,,,,,,,,All Football Players Stats Top 5 Leagues 2023-24
2023-24,serie_a_league,Pietro Terracciano,it ITA,GK,Fiorentina,33.0,1990.0,33,33,2970,33.0,0,0,0,0,,3,0,0.0,0.0,0.2,0.0,0.0,0.0,,,,,,,,,,,,,,,,,,,,,,,,,,,,,,,All Football Players Stats Top 5 Leagues 2023-24
2023-24,serie_a_league,Florian Thauvin,fr FRA,FW,Udinese,30.0,1993.0,29,19,1710,19.0,5,3,1,1,,4,0,4.7,3.9,4.2,71.0,69.0,97.0,,,,,,,,,,,,,,,,,,,,,,,,,,,,,,,All Football Players Stats Top 5 Leagues 2023-24
2023-24,serie_a_league,Malick Thiaw,de GER,DF,Milan,21.0,2001.0,21,19,1619,18.0,0,1,0,0,,5,1,0.6,0.6,0.1,15.0,70.0,1.0,,,,,,,,,,,,,,,,,,,,,,,,,,,,,,,All Football Players Stats Top 5 Leagues 2023-24
2023-24,serie_a_league,Morten Thorsby,no NOR,MF,Genoa,27.0,1996.0,24,9,1157,12.9,2,2,0,0,,2,0,1.8,1.8,1.4,6.0,28.0,39.0,,,,,,,,,,,,,,,,,,,,,,,,,,,,,,,All Football Players Stats Top 5 Leagues 2023-24
2023-24,serie_a_league,Kristian Thorstvedt,no NOR,MF,Sassuolo,24.0,1999.0,34,30,2397,26.6,6,1,0,0,,7,0,4.4,4.4,1.6,30.0,130.0,94.0,,,,,,,,,,,,,,,,,,,,,,,,,,,,,,,All Football Players Stats Top 5 Leagues 2023-24
2023-24,serie_a_league,Marcus Thuram,fr FRA,FW,Inter,25.0,1997.0,35,34,2687,29.9,13,7,0,0,,3,0,14.3,14.3,3.7,68.0,47.0,192.0,,,,,,,,,,,,,,,,,,,,,,,,,,,,,,,All Football Players Stats Top 5 Leagues 2023-24
2023-24,serie_a_league,Antonio Tikvić,hr CRO,DF,Udinese,19.0,2004.0,1,0,1,0.0,0,0,0,0,,0,0,0.0,0.0,0.0,0.0,0.0,0.0,,,,,,,,,,,,,,,,,,,,,,,,,,,,,,,All Football Players Stats Top 5 Leagues 2023-24
2023-24,serie_a_league,Jeremy Toljan,de GER,DF,Sassuolo,28.0,1994.0,25,24,2083,23.1,0,5,0,0,,1,0,0.6,0.6,1.6,35.0,79.0,85.0,,,,,,,,,,,,,,,,,,,,,,,,,,,,,,,All Football Players Stats Top 5 Leagues 2023-24
2023-24,serie_a_league,Rafael Tolói,it ITA,DF,Atalanta,32.0,1990.0,18,10,965,10.7,0,0,0,0,,6,1,0.1,0.1,0.1,8.0,53.0,10.0,,,,,,,,,,,,,,,,,,,,,,,,,,,,,,,All Football Players Stats Top 5 Leagues 2023-24
2023-24,serie_a_league,Fikayo Tomori,eng ENG,DF,Milan,25.0,1997.0,26,24,2121,23.6,4,0,0,0,,8,1,3.7,3.7,0.2,16.0,63.0,2.0,,,,,,,,,,,,,,,,,,,,,,,,,,,,,,,All Football Players Stats Top 5 Leagues 2023-24
2023-24,serie_a_league,Ahmed Touba,dz ALG,DF,Lecce,25.0,1998.0,6,3,277,3.1,0,0,0,0,,1,0,0.0,0.0,0.0,0.0,2.0,1.0,,,,,,,,,,,,,,,,,,,,,,,,,,,,,,,All Football Players Stats Top 5 Leagues 2023-24
2023-24,serie_a_league,Chaka Traorè,ci CIV,FW,Milan,18.0,2004.0,2,0,20,0.2,1,0,0,0,,0,0,0.1,0.1,0.0,2.0,0.0,2.0,,,,,,,,,,,,,,,,,,,,,,,,,,,,,,,All Football Players Stats Top 5 Leagues 2023-24
2023-24,serie_a_league,Stefano Turati,it ITA,GK,Frosinone,21.0,2001.0,31,31,2745,30.5,0,0,0,0,,0,0,0.0,0.0,0.0,0.0,0.0,0.0,,,,,,,,,,,,,,,,,,,,,,,,,,,,,,,All Football Players Stats Top 5 Leagues 2023-24
2023-24,serie_a_league,Kacper Urbanski,pl POL,"MF,FW",Bologna,18.0,2004.0,22,9,926,10.3,0,1,0,0,,2,0,1.1,1.1,0.8,25.0,31.0,78.0,,,,,,,,,,,,,,,,,,,,,,,,,,,,,,,All Football Players Stats Top 5 Leagues 2023-24
2023-24,serie_a_league,Emanuele Valeri,it ITA,DF,Frosinone,24.0,1998.0,16,14,1178,13.1,0,1,0,0,,3,0,0.9,0.9,2.4,38.0,41.0,61.0,,,,,,,,,,,,,,,,,,,,,,,,,,,,,,,All Football Players Stats Top 5 Leagues 2023-24
2023-24,serie_a_league,Johan Vásquez,mx MEX,DF,Genoa,24.0,1998.0,37,32,2850,31.7,1,1,0,0,,6,0,1.9,1.9,0.8,29.0,81.0,61.0,,,,,,,,,,,,,,,,,,,,,,,,,,,,,,,All Football Players Stats Top 5 Leagues 2023-24
2023-24,serie_a_league,Matías Vecino,uy URU,MF,Lazio,31.0,1991.0,31,8,1153,12.8,6,1,0,0,,8,0,3.7,3.7,0.4,16.0,74.0,43.0,,,,,,,,,,,,,,,,,,,,,,,,,,,,,,,All Football Players Stats Top 5 Leagues 2023-24
2023-24,serie_a_league,Lorenzo Venuti,it ITA,DF,Lecce,28.0,1995.0,14,3,364,4.0,0,0,0,0,,1,0,0.1,0.1,0.3,7.0,16.0,15.0,,,,,,,,,,,,,,,,,,,,,,,,,,,,,,,All Football Players Stats Top 5 Leagues 2023-24
2023-24,serie_a_league,Simone Verdi,it ITA,FW,Torino,31.0,1992.0,1,0,4,0.0,0,0,0,0,,0,0,0.0,0.0,0.1,0.0,0.0,0.0,,,,,,,,,,,,,,,,,,,,,,,,,,,,,,,All Football Players Stats Top 5 Leagues 2023-24
2023-24,serie_a_league,Emanuel Vignato,it ITA,"MF,FW",Salernitana,22.0,2000.0,9,3,311,3.5,0,1,0,0,,1,0,0.0,0.0,0.3,5.0,11.0,14.0,,,,,,,,,,,,,,,,,,,,,,,,,,,,,,,All Football Players Stats Top 5 Leagues 2023-24
2023-24,serie_a_league,Samuele Vignato,it ITA,"MF,FW",Monza,19.0,2004.0,10,3,343,3.8,1,0,0,0,,2,0,1.7,1.7,0.2,13.0,13.0,20.0,,,,,,,,,,,,,,,,,,,,,,,,,,,,,,,All Football Players Stats Top 5 Leagues 2023-24
2023-24,serie_a_league,Matías Viña,uy URU,DF,Sassuolo,25.0,1997.0,15,13,1014,11.3,0,3,0,0,,1,0,0.3,0.3,1.4,24.0,46.0,37.0,,,,,,,,,,,,,,,,,,,,,,,,,,,,,,,All Football Players Stats Top 5 Leagues 2023-24
2023-24,serie_a_league,Rúben Vinagre,pt POR,"DF,FW",Hellas Verona,24.0,1999.0,12,2,282,3.1,0,0,0,0,,0,0,0.0,0.0,0.3,6.0,8.0,13.0,,,,,,,,,,,,,,,,,,,,,,,,,,,,,,,All Football Players Stats Top 5 Leagues 2023-24
2023-24,serie_a_league,Nicolas Viola,it ITA,"MF,FW",Cagliari,33.0,1989.0,26,11,1207,13.4,5,2,0,1,,3,0,3.4,2.6,3.9,22.0,57.0,68.0,,,,,,,,,,,,,,,,,,,,,,,,,,,,,,,All Football Players Stats Top 5 Leagues 2023-24
2023-24,serie_a_league,Mattia Viti,it ITA,DF,Sassuolo,21.0,2002.0,15,12,979,10.9,1,0,0,0,,0,0,1.0,1.0,0.0,2.0,36.0,13.0,,,,,,,,,,,,,,,,,,,,,,,,,,,,,,,All Football Players Stats Top 5 Leagues 2023-24
2023-24,serie_a_league,Vitinha,pt POR,"FW,MF",Genoa,23.0,2000.0,9,2,285,3.2,2,0,0,0,,2,0,1.1,1.1,0.1,10.0,4.0,21.0,,,,,,,,,,,,,,,,,,,,,,,,,,,,,,,All Football Players Stats Top 5 Leagues 2023-24
2023-24,serie_a_league,Dušan Vlahović,rs SRB,FW,Juventus,23.0,2000.0,33,27,2307,25.6,16,4,2,4,,8,1,16.6,13.3,2.3,36.0,46.0,174.0,,,,,,,,,,,,,,,,,,,,,,,,,,,,,,,All Football Players Stats Top 5 Leagues 2023-24
2023-24,serie_a_league,Nikola Vlašić,hr CRO,"MF,FW",Torino,25.0,1997.0,33,30,2608,29.0,3,2,0,0,,3,0,2.4,2.4,2.9,67.0,150.0,174.0,,,,,,,,,,,,,,,,,,,,,,,,,,,,,,,All Football Players Stats Top 5 Leagues 2023-24
2023-24,serie_a_league,Alessandro Vogliacco,it ITA,DF,Genoa,24.0,1998.0,20,14,1169,13.0,0,1,0,0,,4,0,0.4,0.4,0.5,8.0,49.0,12.0,,,,,,,,,,,,,,,,,,,,,,,,,,,,,,,All Football Players Stats Top 5 Leagues 2023-24
2023-24,serie_a_league,Mërgim Vojvoda,xk KVX,DF,Torino,28.0,1995.0,28,15,1379,15.3,0,3,0,0,,3,0,0.4,0.4,1.4,30.0,91.0,72.0,,,,,,,,,,,,,,,,,,,,,,,,,,,,,,,All Football Players Stats Top 5 Leagues 2023-24
2023-24,serie_a_league,Cristian Volpato,it ITA,"MF,FW",Sassuolo,19.0,2003.0,22,5,645,7.2,1,0,0,0,,1,0,0.5,0.5,1.4,34.0,53.0,49.0,,,,,,,,,,,,,,,,,,,,,,,,,,,,,,,All Football Players Stats Top 5 Leagues 2023-24
2023-24,serie_a_league,Stefan de Vrij,nl NED,DF,Inter,31.0,1992.0,25,17,1586,17.6,1,0,0,0,,0,0,0.6,0.6,0.3,6.0,43.0,2.0,,,,,,,,,,,,,,,,,,,,,,,,,,,,,,,All Football Players Stats Top 5 Leagues 2023-24
2023-24,serie_a_league,Walace,br BRA,MF,Udinese,28.0,1995.0,37,37,3238,36.0,2,0,0,0,,7,0,0.8,0.8,1.1,37.0,127.0,22.0,,,,,,,,,,,,,,,,,,,,,,,,,,,,,,,All Football Players Stats Top 5 Leagues 2023-24
2023-24,serie_a_league,Sebastian Walukiewicz,pl POL,DF,Empoli,23.0,2000.0,27,23,2055,22.8,0,0,0,0,,6,0,0.1,0.1,0.1,14.0,45.0,5.0,,,,,,,,,,,,,,,,,,,,,,,,,,,,,,,All Football Players Stats Top 5 Leagues 2023-24
2023-24,serie_a_league,Timothy Weah,us USA,"DF,FW",Juventus,23.0,2000.0,30,12,1258,14.0,0,1,0,0,,5,0,1.5,1.5,1.1,35.0,48.0,84.0,,,,,,,,,,,,,,,,,,,,,,,,,,,,,,,All Football Players Stats Top 5 Leagues 2023-24
2023-24,serie_a_league,Shon Weissman,il ISR,"FW,DF",Salernitana,27.0,1996.0,11,5,494,5.5,1,0,0,0,,0,0,1.0,1.0,0.1,0.0,4.0,22.0,,,,,,,,,,,,,,,,,,,,,,,,,,,,,,,All Football Players Stats Top 5 Leagues 2023-24
2023-24,serie_a_league,Mateusz Wieteska,pl POL,DF,Cagliari,26.0,1997.0,19,10,965,10.7,0,1,0,0,,5,1,0.3,0.3,0.6,16.0,33.0,1.0,,,,,,,,,,,,,,,,,,,,,,,,,,,,,,,All Football Players Stats Top 5 Leagues 2023-24
2023-24,serie_a_league,Kenan Yıldız,tr TUR,"FW,MF",Juventus,18.0,2005.0,27,9,952,10.6,2,0,0,0,,3,0,1.6,1.6,1.1,32.0,40.0,73.0,,,,,,,,,,,,,,,,,,,,,,,,,,,,,,,All Football Players Stats Top 5 Leagues 2023-24
2023-24,serie_a_league,Mattia Zaccagni,it ITA,"FW,MF",Lazio,28.0,1995.0,28,24,1956,21.7,6,1,0,0,,8,0,4.7,4.7,2.9,88.0,55.0,209.0,,,,,,,,,,,,,,,,,,,,,,,,,,,,,,,All Football Players Stats Top 5 Leagues 2023-24
2023-24,serie_a_league,Nicola Zalewski,pl POL,"DF,FW",Roma,21.0,2002.0,22,10,968,10.8,0,1,0,0,,3,1,0.8,0.8,1.6,54.0,33.0,62.0,,,,,,,,,,,,,,,,,,,,,,,,,,,,,,,All Football Players Stats Top 5 Leagues 2023-24
2023-24,serie_a_league,Andre-Frank Zambo Anguissa,cm CMR,MF,Napoli,27.0,1995.0,34,32,2786,31.0,0,2,0,0,,2,0,3.4,3.3,3.0,43.0,163.0,139.0,,,,,,,,,,,,,,,,,,,,,,,,,,,,,,,All Football Players Stats Top 5 Leagues 2023-24
2023-24,serie_a_league,Alessandro Zanoli,it ITA,DF,Salernitana,22.0,2000.0,17,10,921,10.2,0,2,0,0,,3,0,0.2,0.2,1.8,27.0,28.0,45.0,,,,,,,,,,,,,,,,,,,,,,,,,,,,,,,All Football Players Stats Top 5 Leagues 2023-24
2023-24,serie_a_league,Alessandro Zanoli,it ITA,"DF,FW",Napoli,22.0,2000.0,4,0,52,0.6,0,0,0,0,,1,0,0.0,0.0,0.0,2.0,4.0,3.0,,,,,,,,,,,,,,,,,,,,,,,,,,,,,,,All Football Players Stats Top 5 Leagues 2023-24
2023-24,serie_a_league,Duván Zapata,co COL,FW,Torino,32.0,1991.0,35,34,2880,32.0,12,4,0,0,,2,0,10.9,10.9,3.0,74.0,52.0,242.0,,,,,,,,,,,,,,,,,,,,,,,,,,,,,,,All Football Players Stats Top 5 Leagues 2023-24
2023-24,serie_a_league,Duván Zapata,co COL,FW,Atalanta,32.0,1991.0,2,2,112,1.2,1,0,0,0,,0,0,0.4,0.4,0.1,3.0,3.0,13.0,,,,,,,,,,,,,,,,,,,,,,,,,,,,,,,All Football Players Stats Top 5 Leagues 2023-24
2023-24,serie_a_league,Gabriele Zappa,it ITA,DF,Cagliari,23.0,1999.0,38,25,2561,28.5,1,3,0,0,,2,0,1.5,1.5,3.3,35.0,99.0,84.0,,,,,,,,,,,,,,,,,,,,,,,,,,,,,,,All Football Players Stats Top 5 Leagues 2023-24
2023-24,serie_a_league,Davide Zappacosta,it ITA,DF,Atalanta,31.0,1992.0,31,23,1867,20.7,2,1,0,0,,5,0,2.2,2.2,1.4,67.0,78.0,132.0,,,,,,,,,,,,,,,,,,,,,,,,,,,,,,,All Football Players Stats Top 5 Leagues 2023-24
2023-24,serie_a_league,Oier Zarraga,es ESP,MF,Udinese,24.0,1999.0,15,4,404,4.5,2,0,0,0,,0,0,0.6,0.6,0.0,5.0,8.0,10.0,,,,,,,,,,,,,,,,,,,,,,,,,,,,,,,All Football Players Stats Top 5 Leagues 2023-24
2023-24,serie_a_league,Jordan Zemura,zw ZIM,DF,Udinese,23.0,1999.0,27,10,1038,11.5,1,0,0,0,,1,0,0.8,0.8,0.4,23.0,32.0,52.0,,,,,,,,,,,,,,,,,,,,,,,,,,,,,,,All Football Players Stats Top 5 Leagues 2023-24
2023-24,serie_a_league,Alessio Zerbin,it ITA,"DF,FW",Monza,24.0,1999.0,13,7,684,7.6,0,1,0,0,,2,1,0.4,0.4,0.8,17.0,20.0,46.0,,,,,,,,,,,,,,,,,,,,,,,,,,,,,,,All Football Players Stats Top 5 Leagues 2023-24
2023-24,serie_a_league,Alessio Zerbin,it ITA,"FW,DF",Napoli,24.0,1999.0,7,1,150,1.7,0,0,0,0,,0,0,0.2,0.2,0.6,6.0,3.0,18.0,,,,,,,,,,,,,,,,,,,,,,,,,,,,,,,All Football Players Stats Top 5 Leagues 2023-24
2023-24,serie_a_league,Kevin Zeroli,it ITA,MF,Milan,18.0,2005.0,3,0,28,0.3,0,0,0,0,,0,0,0.0,0.0,0.0,0.0,1.0,2.0,,,,,,,,,,,,,,,,,,,,,,,,,,,,,,,All Football Players Stats Top 5 Leagues 2023-24
2023-24,serie_a_league,Piotr Zieliński,pl POL,MF,Napoli,29.0,1994.0,28,23,1924,21.4,3,2,1,1,,1,0,2.6,1.8,3.4,38.0,131.0,88.0,,,,,,,,,,,,,,,,,,,,,,,,,,,,,,,All Football Players Stats Top 5 Leagues 2023-24
2023-24,serie_a_league,David Zima,cz CZE,DF,Torino,22.0,2000.0,5,0,91,1.0,0,0,0,0,,0,0,0.0,0.0,0.0,1.0,1.0,0.0,,,,,,,,,,,,,,,,,,,,,,,,,,,,,,,All Football Players Stats Top 5 Leagues 2023-24
2023-24,serie_a_league,Joshua Zirkzee,nl NED,FW,Bologna,22.0,2001.0,34,32,2759,30.7,11,4,2,2,,8,0,9.0,7.4,5.2,53.0,86.0,182.0,,,,,,,,,,,,,,,,,,,,,,,,,,,,,,,All Football Players Stats Top 5 Leagues 2023-24
2023-24,serie_a_league,Nadir Zortea,it ITA,DF,Frosinone,24.0,1999.0,14,14,1258,14.0,1,5,0,0,,3,0,0.4,0.4,2.8,31.0,42.0,71.0,,,,,,,,,,,,,,,,,,,,,,,,,,,,,,,All Football Players Stats Top 5 Leagues 2023-24
2023-24,serie_a_league,Nadir Zortea,it ITA,DF,Atalanta,24.0,1999.0,5,0,149,1.7,1,0,0,0,,1,0,0.1,0.1,0.3,7.0,10.0,22.0,,,,,,,,,,,,,,,,,,,,,,,,,,,,,,,All Football Players Stats Top 5 Leagues 2023-24
2023-24,serie_a_league,Szymon Żurkowski,pl POL,MF,Empoli,25.0,1997.0,13,10,868,9.6,4,0,0,0,,4,0,1.0,1.0,0.1,17.0,20.0,37.0,,,,,,,,,,,,,,,,,,,,,,,,,,,,,,,All Football Players Stats Top 5 Leagues 2023-24
2023-24,serie_a_league,Milan Đurić,ba BIH,FW,Hellas Verona,33.0,1990.0,20,13,1204,13.4,5,1,1,3,,2,0,4.5,2.2,1.2,3.0,15.0,33.0,,,,,,,,,,,,,,,,,,,,,,,,,,,,,,,All Football Players Stats Top 5 Leagues 2023-24
2023-24,serie_a_league,Milan Đurić,ba BIH,FW,Monza,33.0,1990.0,17,13,1257,14.0,4,1,0,0,,2,0,3.0,3.0,0.7,2.0,8.0,31.0,,,,,,,,,,,,,,,,,,,,,,,,,,,,,,,All Football Players Stats Top 5 Leagues 2023-24
2023-24,serie_a_league,Mateusz Łęgowski,pl POL,MF,Salernitana,20.0,2003.0,29,10,1145,12.7,0,0,0,0,,3,0,0.2,0.2,0.2,16.0,37.0,17.0,,,,,,,,,,,,,,,,,,,,,,,,,,,,,,,All Football Players Stats Top 5 Leagues 2023-24
2024-25,serie_a_league,James Abankwah,ie IRL,"DF,MF",Udinese,20.0,2004.0,6,0,88,1.0,0,0,0,0,0.0,1,0,0.1,0.1,0.0,3.0,4.0,1.0,1.0,0.0,36.0,46.0,78.3,0.0,0.0,4.0,2.0,1.0,3.0,0.0,65.0,2.0,0.0,0.0,29.0,2.0,1.0,1.0,0.0,7.0,4.0,0.0,2.0,2.0,,,,,Football Players Stats 2024-2025
2024-25,serie_a_league,Saud Abdulhamid,sa KSA,DF,Roma,25.0,1999.0,4,2,205,2.3,0,1,0,0,0.0,0,0,0.0,0.0,0.2,6.0,9.0,26.0,1.0,0.0,118.0,136.0,86.8,2.0,7.0,3.0,2.0,2.0,0.0,0.0,157.0,7.0,8.0,3.0,90.0,4.0,2.0,6.0,1.0,3.0,2.0,1.0,0.0,1.0,,,,,Football Players Stats 2024-2025
2024-25,serie_a_league,Oliver Abildgaard,dk DEN,MF,Como,28.0,1996.0,1,0,7,0.1,0,0,0,0,0.0,0,0,0.0,0.0,0.0,0.0,0.0,0.0,0.0,0.0,1.0,1.0,100.0,0.0,0.0,0.0,0.0,0.0,0.0,0.0,2.0,0.0,0.0,0.0,0.0,0.0,0.0,0.0,0.0,0.0,0.0,0.0,0.0,0.0,,,,,Football Players Stats 2024-2025
2024-25,serie_a_league,Tammy Abraham,eng ENG,FW,Roma,26.0,1997.0,1,0,1,0.0,0,0,0,0,0.0,0,0,0.0,0.0,0.0,0.0,1.0,2.0,0.0,0.0,1.0,3.0,33.3,0.0,0.0,0.0,0.0,0.0,0.0,0.0,4.0,1.0,0.0,0.0,3.0,1.0,0.0,0.0,0.0,0.0,0.0,0.0,1.0,0.0,,,,,Football Players Stats 2024-2025
2024-25,serie_a_league,Tammy Abraham,eng ENG,FW,Milan,26.0,1997.0,28,12,1183,13.1,3,4,1,2,0.0,1,0,7.1,5.4,2.2,8.0,26.0,69.0,26.0,11.0,152.0,221.0,68.8,14.0,3.0,17.0,11.0,2.0,16.0,0.0,367.0,57.0,14.0,4.0,158.0,13.0,6.0,33.0,9.0,12.0,23.0,1.0,36.0,33.0,,,,,Football Players Stats 2024-2025
2024-25,serie_a_league,Federico Accornero,it ITA,MF,Genoa,20.0,2004.0,1,0,5,0.1,0,0,0,0,0.0,0,0,0.0,0.0,0.0,0.0,0.0,0.0,0.0,0.0,4.0,6.0,66.7,0.0,1.0,0.0,0.0,0.0,0.0,0.0,8.0,0.0,0.0,0.0,5.0,0.0,1.0,0.0,0.0,1.0,0.0,0.0,0.0,1.0,,,,,Football Players Stats 2024-2025
2024-25,serie_a_league,Francesco Acerbi,it ITA,DF,Inter,36.0,1988.0,23,20,1710,19.0,0,1,0,0,0.0,0,0,0.4,0.4,0.6,19.0,62.0,22.0,5.0,1.0,1200.0,1297.0,92.5,9.0,10.0,23.0,19.0,26.0,81.0,0.0,1484.0,20.0,4.0,3.0,915.0,59.0,20.0,20.0,1.0,62.0,11.0,0.0,61.0,30.0,,,,,Football Players Stats 2024-2025
2024-25,serie_a_league,Che Adams,sct SCO,FW,Torino,28.0,1996.0,36,30,2652,29.5,9,3,0,1,0.0,2,0,9.0,8.2,2.0,23.0,40.0,153.0,63.0,25.0,414.0,557.0,74.3,26.0,10.0,12.0,6.0,2.0,18.0,0.0,802.0,104.0,37.0,11.0,509.0,32.0,18.0,63.0,5.0,50.0,29.0,5.0,36.0,62.0,,,,,Football Players Stats 2024-2025
2024-25,serie_a_league,Yacine Adli,fr FRA,MF,Fiorentina,24.0,2000.0,25,14,1219,13.5,4,6,0,0,0.0,3,1,1.0,1.0,2.4,24.0,103.0,30.0,14.0,5.0,718.0,890.0,80.7,23.0,63.0,32.0,19.0,6.0,19.0,0.0,1021.0,11.0,32.0,12.0,618.0,84.0,28.0,50.0,10.0,77.0,9.0,1.0,5.0,16.0,,,,,Football Players Stats 2024-2025
2024-25,serie_a_league,Vasilije Adžić,me MNE,"MF,FW",Juventus,18.0,2006.0,6,0,42,0.5,0,0,0,0,0.0,0,0,0.0,0.0,0.0,0.0,1.0,3.0,1.0,1.0,15.0,20.0,75.0,0.0,0.0,2.0,2.0,0.0,0.0,0.0,24.0,2.0,1.0,0.0,14.0,1.0,1.0,2.0,0.0,3.0,1.0,0.0,2.0,3.0,,,,,Football Players Stats 2024-2025
2024-25,serie_a_league,Michel Aebischer,ch SUI,MF,Bologna,27.0,1997.0,14,9,724,8.0,0,0,0,0,0.0,2,0,0.4,0.4,0.4,8.0,33.0,17.0,10.0,5.0,366.0,419.0,87.4,8.0,14.0,18.0,13.0,7.0,6.0,0.0,485.0,10.0,6.0,3.0,291.0,41.0,12.0,18.0,0.0,35.0,16.0,0.0,5.0,9.0,,,,,Football Players Stats 2024-2025
2024-25,serie_a_league,Honest Ahanor,it ITA,"DF,MF",Genoa,16.0,2008.0,6,3,270,3.0,0,0,0,0,0.0,0,0,0.5,0.5,0.1,3.0,3.0,7.0,3.0,1.0,51.0,76.0,67.1,2.0,4.0,7.0,5.0,1.0,9.0,0.0,106.0,7.0,1.0,0.0,52.0,0.0,1.0,5.0,0.0,14.0,2.0,1.0,5.0,3.0,,,,,Football Players Stats 2024-2025
2024-25,serie_a_league,Junior Ajayi,ci CIV,FW,Hellas Verona,19.0,2004.0,2,0,13,0.1,0,0,0,0,0.0,0,0,0.0,0.0,0.0,0.0,1.0,0.0,0.0,0.0,4.0,4.0,100.0,0.0,0.0,0.0,0.0,0.0,0.0,0.0,5.0,0.0,0.0,0.0,5.0,0.0,0.0,0.0,0.0,1.0,1.0,0.0,0.0,0.0,,,,,Football Players Stats 2024-2025
2024-25,serie_a_league,Jean-Daniel Akpa-Akpro,ci CIV,MF,Monza,31.0,1992.0,14,12,966,10.7,0,0,0,0,0.0,4,0,0.3,0.3,0.2,21.0,19.0,22.0,4.0,2.0,275.0,346.0,79.5,3.0,6.0,30.0,18.0,13.0,16.0,1.0,505.0,7.0,38.0,12.0,306.0,19.0,15.0,12.0,1.0,54.0,24.0,1.0,11.0,15.0,,,,,Football Players Stats 2024-2025
2024-25,serie_a_league,David Akpan Ankeye,ng NGA,"FW,MF",Genoa,22.0,2002.0,4,0,45,0.5,0,0,0,0,0.0,0,0,0.0,0.0,0.0,0.0,1.0,3.0,0.0,0.0,6.0,7.0,85.7,0.0,0.0,0.0,0.0,0.0,1.0,0.0,9.0,0.0,1.0,1.0,6.0,0.0,1.0,1.0,1.0,0.0,3.0,1.0,0.0,1.0,,,,,Football Players Stats 2024-2025
2024-25,serie_a_league,Faride Alidou,de GER,"FW,MF",Hellas Verona,23.0,2001.0,3,0,71,0.8,0,0,0,0,0.0,0,0,0.0,0.0,0.0,1.0,1.0,2.0,1.0,0.0,16.0,20.0,80.0,1.0,3.0,0.0,0.0,1.0,3.0,1.0,31.0,0.0,4.0,2.0,17.0,0.0,3.0,2.0,0.0,0.0,1.0,0.0,1.0,0.0,,,,,Football Players Stats 2024-2025
2024-25,serie_a_league,Dele Alli,eng ENG,MF,Como,28.0,1996.0,1,0,9,0.1,0,0,0,0,0.0,0,1,0.0,0.0,0.0,0.0,0.0,1.0,0.0,0.0,3.0,3.0,100.0,0.0,0.0,0.0,0.0,0.0,0.0,0.0,4.0,0.0,0.0,0.0,3.0,0.0,0.0,0.0,0.0,0.0,1.0,0.0,0.0,0.0,,,,,Football Players Stats 2024-2025
2024-25,serie_a_league,Pontus Almqvist,se SWE,"FW,MF",Parma,25.0,1999.0,29,10,1112,12.4,1,1,0,0,0.0,5,0,2.1,2.1,1.3,42.0,12.0,85.0,26.0,9.0,215.0,297.0,72.4,10.0,11.0,17.0,13.0,19.0,8.0,0.0,462.0,53.0,50.0,20.0,298.0,4.0,18.0,26.0,2.0,40.0,15.0,3.0,9.0,15.0,,,,,Football Players Stats 2024-2025
2024-25,serie_a_league,Giorgio Altare,it ITA,DF,Venezia,25.0,1998.0,12,8,753,8.4,0,0,0,0,1.0,2,0,0.2,0.2,0.1,4.0,20.0,5.0,3.0,1.0,283.0,389.0,72.8,1.0,7.0,13.0,12.0,17.0,49.0,0.0,505.0,6.0,6.0,5.0,235.0,15.0,10.0,5.0,0.0,27.0,10.0,0.0,19.0,17.0,,,,,Football Players Stats 2024-2025
2024-25,serie_a_league,Sofyan Amrabat,ma MAR,MF,Fiorentina,27.0,1996.0,2,2,180,2.0,0,0,0,0,0.0,0,0,0.0,0.0,0.1,2.0,14.0,1.0,0.0,0.0,112.0,133.0,84.2,2.0,3.0,3.0,2.0,0.0,2.0,0.0,140.0,0.0,0.0,0.0,84.0,10.0,0.0,4.0,0.0,7.0,4.0,0.0,1.0,1.0,,,,,Football Players Stats 2024-2025
2024-25,serie_a_league,Angeliño,es ESP,DF,Roma,27.0,1997.0,38,36,3177,35.3,2,1,0,0,0.0,1,0,1.4,1.4,3.7,66.0,172.0,172.0,24.0,6.0,1544.0,1969.0,78.4,50.0,116.0,46.0,24.0,28.0,98.0,0.0,2266.0,47.0,27.0,11.0,1202.0,135.0,52.0,89.0,7.0,101.0,32.0,4.0,30.0,27.0,,,,,Football Players Stats 2024-2025
2024-25,serie_a_league,Lorenzo Anghelè,it ITA,FW,Juventus,19.0,2005.0,1,0,6,0.1,0,0,0,0,0.0,0,0,0.0,0.0,0.0,0.0,1.0,0.0,0.0,0.0,4.0,4.0,100.0,0.0,0.0,0.0,0.0,0.0,0.0,0.0,5.0,0.0,1.0,1.0,3.0,0.0,1.0,0.0,0.0,0.0,0.0,0.0,0.0,2.0,,,,,Football Players Stats 2024-2025
2024-25,serie_a_league,Faustino Anjorin,eng ENG,MF,Empoli,22.0,2001.0,22,14,1114,12.4,2,3,0,0,0.0,3,0,0.9,0.9,1.7,28.0,55.0,35.0,23.0,7.0,355.0,441.0,80.5,17.0,17.0,29.0,13.0,13.0,20.0,0.0,628.0,17.0,41.0,16.0,327.0,44.0,17.0,32.0,5.0,65.0,24.0,2.0,9.0,15.0,,,,,Football Players Stats 2024-2025
2024-25,serie_a_league,Marko Arnautović,at AUT,FW,Inter,35.0,1989.0,17,5,527,5.9,4,2,0,0,0.0,1,0,3.3,3.3,1.2,4.0,16.0,61.0,13.0,6.0,113.0,158.0,71.5,7.0,5.0,7.0,5.0,1.0,1.0,0.0,198.0,39.0,3.0,2.0,99.0,6.0,3.0,15.0,2.0,10.0,3.0,0.0,12.0,7.0,,,,,Football Players Stats 2024-2025
2024-25,serie_a_league,Kristjan Asllani,al ALB,MF,Inter,22.0,2002.0,21,10,980,10.9,2,2,2,2,0.0,4,0,2.5,0.9,1.9,7.0,55.0,20.0,14.0,3.0,868.0,973.0,89.2,15.0,43.0,14.0,3.0,9.0,13.0,1.0,1061.0,9.0,6.0,1.0,700.0,74.0,14.0,31.0,3.0,49.0,8.0,1.0,4.0,3.0,,,,,Football Players Stats 2024-2025
2024-25,serie_a_league,Arthur Atta,fr FRA,"MF,FW",Udinese,21.0,2003.0,27,12,1251,13.9,0,1,0,0,0.0,5,0,1.3,1.3,1.4,31.0,57.0,77.0,26.0,7.0,509.0,633.0,80.4,18.0,24.0,20.0,12.0,7.0,15.0,1.0,813.0,39.0,61.0,27.0,515.0,42.0,31.0,46.0,2.0,57.0,16.0,1.0,14.0,20.0,,,,,Football Players Stats 2024-2025
2024-25,serie_a_league,Emil Audero,id IDN,GK,Como,27.0,1997.0,8,8,720,8.0,0,0,0,0,0.0,0,0,0.0,0.0,0.0,0.0,0.0,0.0,0.0,0.0,209.0,253.0,82.6,0.0,0.0,0.0,0.0,0.0,4.0,1.0,269.0,0.0,0.0,0.0,177.0,1.0,0.0,0.0,0.0,12.0,0.0,0.0,2.0,1.0,0.0,18.0,16.0,0.0,Football Players Stats 2024-2025
2024-25,serie_a_league,Tommaso Augello,it ITA,DF,Cagliari,29.0,1994.0,38,30,2713,30.1,0,7,0,0,0.0,3,0,0.3,0.3,4.6,58.0,118.0,113.0,8.0,0.0,1179.0,1640.0,71.9,39.0,207.0,49.0,28.0,16.0,109.0,2.0,1902.0,12.0,43.0,24.0,882.0,79.0,37.0,73.0,11.0,135.0,15.0,0.0,49.0,22.0,,,,,Football Players Stats 2024-2025
2024-25,serie_a_league,Carlos Augusto,br BRA,DF,Inter,25.0,1999.0,28,15,1625,18.1,3,2,0,0,0.0,1,0,2.8,2.8,1.6,31.0,80.0,83.0,24.0,6.0,1083.0,1227.0,88.3,9.0,19.0,29.0,14.0,9.0,50.0,0.0,1413.0,43.0,12.0,7.0,837.0,61.0,26.0,24.0,3.0,70.0,9.0,2.0,57.0,35.0,,,,,Football Players Stats 2024-2025
2024-25,serie_a_league,Yann Aurel Bisseck,de GER,DF,Inter,23.0,2000.0,26,16,1553,17.3,3,2,0,0,0.0,4,0,2.6,2.6,0.9,32.0,93.0,44.0,21.0,5.0,1179.0,1284.0,91.8,7.0,8.0,17.0,11.0,17.0,64.0,1.0,1465.0,43.0,15.0,3.0,998.0,77.0,27.0,20.0,4.0,66.0,15.0,1.0,47.0,15.0,,,,,Football Players Stats 2024-2025
2024-25,serie_a_league,Paulo Azzi,br BRA,DF,Cagliari,30.0,1994.0,6,5,426,4.7,0,0,0,0,0.0,2,0,0.5,0.5,0.9,15.0,13.0,26.0,8.0,3.0,126.0,180.0,70.0,5.0,22.0,11.0,9.0,5.0,11.0,0.0,242.0,8.0,13.0,8.0,119.0,7.0,10.0,15.0,0.0,24.0,5.0,0.0,6.0,5.0,,,,,Football Players Stats 2024-2025
2024-25,serie_a_league,Oussama El Azzouzi,ma MAR,MF,Bologna,23.0,2001.0,2,0,19,0.2,0,0,0,0,0.0,0,0,0.0,0.0,0.0,0.0,4.0,0.0,0.0,0.0,17.0,18.0,94.4,0.0,0.0,0.0,0.0,2.0,0.0,0.0,20.0,0.0,0.0,0.0,14.0,2.0,0.0,2.0,0.0,1.0,0.0,0.0,0.0,0.0,,,,,Football Players Stats 2024-2025
2024-25,serie_a_league,Jacopo Bacci,it ITA,MF,Empoli,19.0,2005.0,3,0,31,0.3,0,0,0,0,0.0,0,0,0.0,0.0,0.0,0.0,1.0,0.0,0.0,0.0,6.0,11.0,54.5,0.0,0.0,1.0,0.0,1.0,1.0,0.0,14.0,0.0,0.0,0.0,5.0,1.0,0.0,0.0,0.0,0.0,0.0,0.0,1.0,0.0,,,,,Football Players Stats 2024-2025
2024-25,serie_a_league,Milan Badelj,hr CRO,MF,Genoa,35.0,1989.0,23,21,1472,16.4,1,0,0,0,0.0,2,0,1.0,1.0,1.1,8.0,83.0,14.0,14.0,2.0,681.0,836.0,81.5,12.0,5.0,29.0,16.0,20.0,43.0,0.0,1014.0,13.0,20.0,9.0,499.0,73.0,8.0,26.0,1.0,74.0,18.0,2.0,10.0,6.0,,,,,Football Players Stats 2024-2025
2024-25,serie_a_league,Mitchel Bakker,nl NED,MF,Atalanta,24.0,2000.0,1,0,22,0.2,0,0,0,0,0.0,0,0,0.0,0.0,0.0,0.0,1.0,1.0,0.0,0.0,7.0,9.0,77.8,0.0,1.0,1.0,0.0,0.0,0.0,0.0,10.0,0.0,0.0,0.0,6.0,1.0,0.0,0.0,0.0,2.0,1.0,0.0,1.0,1.0,,,,,Football Players Stats 2024-2025
2024-25,serie_a_league,Tommaso Baldanzi,it ITA,"MF,FW",Roma,21.0,2003.0,31,5,832,9.2,1,1,0,0,0.0,2,0,1.4,1.4,1.0,39.0,23.0,57.0,20.0,4.0,305.0,363.0,84.0,10.0,7.0,12.0,4.0,6.0,8.0,0.0,472.0,38.0,39.0,17.0,292.0,22.0,31.0,36.0,4.0,48.0,7.0,2.0,1.0,3.0,,,,,Football Players Stats 2024-2025
2024-25,serie_a_league,Keita Baldé,sn SEN,FW,Monza,29.0,1995.0,11,8,638,7.1,2,0,0,0,0.0,2,0,1.1,1.1,0.2,19.0,35.0,29.0,14.0,5.0,199.0,223.0,89.2,4.0,6.0,1.0,1.0,2.0,0.0,0.0,289.0,17.0,16.0,5.0,216.0,19.0,15.0,21.0,0.0,12.0,7.0,2.0,5.0,11.0,,,,,Football Players Stats 2024-2025
2024-25,serie_a_league,Botond Balogh,hu HUN,DF,Parma,22.0,2002.0,29,23,2053,22.8,0,1,0,0,0.0,5,0,0.4,0.4,0.1,7.0,37.0,1.0,3.0,0.0,861.0,964.0,89.3,2.0,1.0,36.0,16.0,25.0,141.0,2.0,1228.0,8.0,0.0,0.0,621.0,24.0,3.0,8.0,2.0,64.0,17.0,0.0,34.0,29.0,,,,,Football Players Stats 2024-2025
2024-25,serie_a_league,Mario Balotelli,it ITA,"FW,MF",Genoa,33.0,1990.0,6,0,62,0.7,0,0,0,0,0.0,2,0,0.0,0.0,0.0,0.0,1.0,5.0,2.0,0.0,4.0,15.0,26.7,0.0,3.0,0.0,0.0,0.0,1.0,0.0,23.0,1.0,0.0,0.0,10.0,0.0,1.0,0.0,0.0,1.0,2.0,0.0,2.0,2.0,,,,,Football Players Stats 2024-2025
2024-25,serie_a_league,Lameck Banda,zm ZAM,"FW,MF",Lecce,23.0,2001.0,15,6,610,6.8,0,1,0,0,0.0,1,0,1.2,1.2,1.1,27.0,7.0,46.0,17.0,4.0,125.0,162.0,77.2,11.0,26.0,8.0,5.0,2.0,8.0,1.0,252.0,21.0,28.0,10.0,169.0,3.0,10.0,23.0,1.0,30.0,10.0,3.0,2.0,13.0,,,,,Football Players Stats 2024-2025
2024-25,serie_a_league,Daniel Bandeira,pt POR,MF,Hellas Verona,24.0,2000.0,11,4,407,4.5,0,0,0,0,0.0,1,0,0.0,0.0,0.1,1.0,25.0,4.0,2.0,1.0,194.0,235.0,82.6,3.0,8.0,4.0,0.0,6.0,8.0,0.0,266.0,0.0,1.0,1.0,148.0,18.0,2.0,6.0,0.0,36.0,4.0,0.0,7.0,3.0,,,,,Football Players Stats 2024-2025
2024-25,serie_a_league,Mattia Bani,it ITA,DF,Genoa,30.0,1993.0,20,19,1507,16.7,0,0,0,0,0.0,3,0,1.2,1.2,0.2,6.0,25.0,3.0,8.0,3.0,768.0,879.0,87.4,2.0,4.0,19.0,10.0,22.0,85.0,2.0,1048.0,10.0,5.0,2.0,558.0,18.0,1.0,7.0,2.0,60.0,7.0,0.0,22.0,23.0,,,,,Football Players Stats 2024-2025
2024-25,serie_a_league,Antonín Barák,cz CZE,MF,Fiorentina,29.0,1994.0,1,1,54,0.6,0,0,0,0,0.0,0,0,0.1,0.1,0.3,2.0,2.0,5.0,2.0,2.0,17.0,20.0,85.0,3.0,1.0,2.0,0.0,0.0,0.0,0.0,25.0,3.0,1.0,0.0,20.0,1.0,1.0,3.0,0.0,2.0,0.0,0.0,0.0,1.0,,,,,Football Players Stats 2024-2025
2024-25,serie_a_league,Federico Barba,it ITA,DF,Como,30.0,1993.0,7,5,431,4.8,0,0,0,0,0.0,0,0,0.2,0.2,0.0,5.0,25.0,5.0,2.0,1.0,258.0,292.0,88.4,0.0,3.0,2.0,2.0,4.0,15.0,0.0,320.0,5.0,0.0,0.0,201.0,18.0,2.0,3.0,0.0,19.0,3.0,0.0,5.0,8.0,,,,,Football Players Stats 2024-2025
2024-25,serie_a_league,Nicolò Barella,it ITA,MF,Inter,27.0,1997.0,32,28,2456,27.3,3,6,0,0,0.0,4,0,2.2,2.2,4.5,63.0,235.0,133.0,42.0,9.0,1484.0,1808.0,82.1,55.0,68.0,50.0,31.0,12.0,16.0,1.0,2064.0,42.0,57.0,23.0,1393.0,172.0,47.0,112.0,15.0,165.0,25.0,4.0,26.0,25.0,,,,,Football Players Stats 2024-2025
2024-25,serie_a_league,Davide Bartesaghi,it ITA,DF,Milan,18.0,2005.0,4,1,118,1.3,0,0,0,0,0.0,0,1,0.0,0.0,0.1,2.0,2.0,17.0,1.0,1.0,65.0,76.0,85.5,2.0,10.0,4.0,2.0,3.0,1.0,0.0,89.0,2.0,2.0,0.0,55.0,1.0,3.0,2.0,0.0,2.0,1.0,0.0,1.0,0.0,,,,,Football Players Stats 2024-2025
2024-25,serie_a_league,Federico Baschirotto,it ITA,DF,Lecce,27.0,1996.0,38,38,3420,38.0,2,0,0,0,0.0,3,0,1.2,1.2,0.2,13.0,71.0,5.0,22.0,8.0,1409.0,1635.0,86.2,4.0,5.0,37.0,25.0,23.0,237.0,2.0,2043.0,36.0,5.0,4.0,940.0,51.0,9.0,17.0,1.0,93.0,31.0,0.0,104.0,55.0,,,,,Football Players Stats 2024-2025
2024-25,serie_a_league,Daniele Baselli,it ITA,MF,Como,32.0,1992.0,2,1,22,0.2,0,0,0,0,0.0,0,0,0.0,0.0,0.0,2.0,4.0,0.0,0.0,0.0,24.0,27.0,88.9,0.0,0.0,0.0,0.0,1.0,1.0,0.0,31.0,0.0,0.0,0.0,22.0,2.0,0.0,0.0,0.0,0.0,0.0,0.0,0.0,1.0,,,,,Football Players Stats 2024-2025
2024-25,serie_a_league,Alessandro Bastoni,it ITA,DF,Inter,25.0,1999.0,32,30,2333,25.9,1,5,0,0,0.0,6,1,0.8,0.8,2.3,62.0,162.0,83.0,12.0,2.0,1966.0,2225.0,88.4,27.0,61.0,46.0,23.0,21.0,52.0,1.0,2446.0,28.0,16.0,7.0,1633.0,128.0,72.0,71.0,11.0,96.0,43.0,3.0,44.0,24.0,,,,,Football Players Stats 2024-2025
2024-25,serie_a_league,Reda Belahyane,ma MAR,MF,Hellas Verona,20.0,2004.0,22,17,1658,18.4,0,2,0,0,0.0,6,1,0.2,0.2,1.0,22.0,73.0,13.0,6.0,2.0,587.0,701.0,83.7,16.0,3.0,36.0,26.0,10.0,22.0,1.0,884.0,8.0,52.0,33.0,551.0,71.0,17.0,41.0,3.0,109.0,31.0,1.0,5.0,15.0,,,,,Football Players Stats 2024-2025
2024-25,serie_a_league,Reda Belahyane,ma MAR,MF,Lazio,20.0,2004.0,6,1,198,2.2,0,0,0,0,0.0,0,1,0.0,0.0,0.0,4.0,10.0,1.0,0.0,0.0,85.0,94.0,90.4,0.0,0.0,8.0,6.0,1.0,5.0,0.0,118.0,0.0,6.0,3.0,76.0,9.0,1.0,0.0,0.0,13.0,4.0,0.0,2.0,0.0,,,,,Football Players Stats 2024-2025
2024-25,serie_a_league,Raoul Bellanova,it ITA,DF,Torino,24.0,2000.0,1,1,87,1.0,0,0,0,0,0.0,0,0,0.0,0.0,0.1,4.0,0.0,5.0,1.0,0.0,31.0,43.0,72.1,1.0,5.0,0.0,0.0,0.0,4.0,0.0,51.0,1.0,1.0,0.0,34.0,1.0,3.0,1.0,0.0,4.0,1.0,0.0,1.0,0.0,,,,,Football Players Stats 2024-2025
2024-25,serie_a_league,Raoul Bellanova,it ITA,DF,Atalanta,24.0,2000.0,34,27,2402,26.7,0,9,0,0,0.0,3,0,1.1,1.1,4.7,83.0,87.0,191.0,18.0,5.0,977.0,1264.0,77.3,34.0,156.0,24.0,14.0,18.0,45.0,0.0,1469.0,48.0,48.0,21.0,822.0,45.0,51.0,56.0,11.0,117.0,15.0,1.0,23.0,23.0,,,,,Football Players Stats 2024-2025
2024-25,serie_a_league,Andrea Belotti,it ITA,FW,Como,30.0,1993.0,18,7,593,6.6,2,0,0,0,0.0,1,0,2.5,2.5,0.4,9.0,9.0,33.0,19.0,3.0,90.0,120.0,75.0,7.0,5.0,7.0,5.0,1.0,8.0,0.0,185.0,28.0,6.0,2.0,106.0,5.0,5.0,14.0,0.0,17.0,9.0,2.0,18.0,26.0,,,,,Football Players Stats 2024-2025
2024-25,serie_a_league,Lucas Beltrán,ar ARG,"FW,MF",Fiorentina,23.0,2001.0,32,20,1864,20.7,5,4,2,3,0.0,6,0,5.4,3.1,3.0,23.0,64.0,94.0,26.0,6.0,459.0,591.0,77.7,29.0,7.0,23.0,10.0,5.0,14.0,0.0,791.0,51.0,30.0,15.0,468.0,38.0,18.0,63.0,9.0,59.0,31.0,2.0,32.0,53.0,,,,,Football Players Stats 2024-2025
2024-25,serie_a_league,Adrian Benedyczak,pl POL,"FW,MF",Parma,23.0,2000.0,9,2,214,2.4,0,0,0,0,0.0,0,0,0.3,0.3,0.1,3.0,3.0,12.0,3.0,0.0,35.0,52.0,67.3,2.0,1.0,0.0,0.0,0.0,8.0,0.0,79.0,4.0,2.0,0.0,44.0,2.0,2.0,3.0,0.0,3.0,4.0,0.0,9.0,12.0,,,,,Football Players Stats 2024-2025
2024-25,serie_a_league,Ismaël Bennacer,dz ALG,MF,Milan,26.0,1997.0,6,4,300,3.3,0,0,0,0,0.0,2,0,0.1,0.1,0.1,8.0,23.0,12.0,3.0,2.0,197.0,221.0,89.1,4.0,6.0,5.0,4.0,3.0,1.0,0.0,249.0,1.0,10.0,9.0,156.0,22.0,4.0,12.0,1.0,17.0,5.0,0.0,3.0,1.0,,,,,Football Players Stats 2024-2025
2024-25,serie_a_league,Medon Berisha,al ALB,MF,Lecce,20.0,2003.0,17,7,716,8.0,0,1,0,0,0.0,5,0,0.7,0.7,0.6,13.0,42.0,17.0,24.0,6.0,312.0,400.0,78.0,11.0,29.0,12.0,8.0,11.0,5.0,2.0,486.0,7.0,9.0,3.0,279.0,46.0,7.0,29.0,2.0,36.0,16.0,2.0,7.0,7.0,,,,,Football Players Stats 2024-2025
2024-25,serie_a_league,Adrian Bernabe,es ESP,MF,Parma,23.0,2001.0,21,18,1453,16.1,1,1,0,0,0.0,1,0,1.3,1.3,1.1,37.0,115.0,20.0,27.0,5.0,823.0,984.0,83.6,22.0,29.0,29.0,18.0,7.0,26.0,1.0,1140.0,8.0,33.0,15.0,738.0,103.0,39.0,58.0,4.0,72.0,9.0,4.0,4.0,4.0,,,,,Football Players Stats 2024-2025
2024-25,serie_a_league,Antoine Bernede,fr FRA,MF,Hellas Verona,25.0,1999.0,14,7,594,6.6,1,0,0,0,0.0,2,0,0.8,0.8,0.5,7.0,29.0,22.0,4.0,2.0,178.0,242.0,73.6,10.0,13.0,15.0,8.0,5.0,3.0,0.0,297.0,3.0,4.0,2.0,156.0,25.0,6.0,22.0,1.0,38.0,16.0,0.0,6.0,8.0,,,,,Football Players Stats 2024-2025
2024-25,serie_a_league,Sam Beukema,nl NED,DF,Bologna,25.0,1998.0,35,33,3012,33.5,0,1,0,0,0.0,1,0,1.5,1.5,0.9,27.0,153.0,9.0,15.0,4.0,1826.0,2114.0,86.4,10.0,8.0,54.0,29.0,30.0,111.0,0.0,2419.0,32.0,2.0,1.0,1519.0,169.0,33.0,36.0,6.0,135.0,28.0,0.0,93.0,71.0,,,,,Football Players Stats 2024-2025
2024-25,serie_a_league,Alessandro Bianco,it ITA,MF,Monza,21.0,2002.0,34,29,2600,28.9,1,0,0,0,0.0,9,0,1.3,1.3,1.2,35.0,125.0,24.0,26.0,6.0,1314.0,1525.0,86.2,18.0,23.0,51.0,28.0,22.0,53.0,4.0,1818.0,14.0,41.0,17.0,1186.0,139.0,32.0,38.0,0.0,122.0,43.0,0.0,16.0,28.0,,,,,Football Players Stats 2024-2025
2024-25,serie_a_league,Alessandro Bianco,it ITA,MF,Fiorentina,21.0,2002.0,1,0,18,0.2,0,0,0,0,0.0,0,0,0.0,0.0,0.0,0.0,0.0,1.0,0.0,0.0,9.0,12.0,75.0,0.0,0.0,0.0,0.0,0.0,0.0,0.0,14.0,0.0,0.0,0.0,8.0,1.0,0.0,0.0,0.0,3.0,0.0,0.0,0.0,0.0,,,,,Football Players Stats 2024-2025
2024-25,serie_a_league,Jaka Bijol,si SVN,DF,Udinese,25.0,1999.0,34,34,2963,32.9,1,0,0,0,1.0,13,1,2.0,2.0,0.6,22.0,98.0,10.0,19.0,6.0,1432.0,1712.0,83.6,12.0,3.0,43.0,25.0,38.0,182.0,1.0,2083.0,49.0,3.0,2.0,1211.0,109.0,12.0,30.0,1.0,101.0,49.0,0.0,109.0,52.0,,,,,Football Players Stats 2024-2025
2024-25,serie_a_league,Philip Billing,dk DEN,MF,Napoli,28.0,1996.0,10,1,197,2.2,1,0,0,0,0.0,1,0,1.5,1.5,0.1,1.0,5.0,8.0,6.0,3.0,79.0,101.0,78.2,3.0,2.0,9.0,6.0,4.0,6.0,0.0,136.0,5.0,3.0,1.0,62.0,6.0,0.0,8.0,1.0,8.0,10.0,1.0,11.0,10.0,,,,,Football Players Stats 2024-2025
2024-25,serie_a_league,Cristiano Biraghi,it ITA,DF,Torino,31.0,1992.0,15,13,1158,12.9,0,0,0,0,1.0,0,0,0.5,0.5,2.7,24.0,36.0,49.0,10.0,1.0,513.0,717.0,71.5,25.0,107.0,16.0,10.0,8.0,44.0,0.0,832.0,12.0,8.0,1.0,390.0,45.0,18.0,41.0,0.0,39.0,9.0,1.0,8.0,11.0,,,,,Football Players Stats 2024-2025
2024-25,serie_a_league,Cristiano Biraghi,it ITA,DF,Fiorentina,31.0,1992.0,8,5,433,4.8,1,0,0,0,0.0,1,0,0.2,0.2,0.3,3.0,15.0,17.0,5.0,2.0,259.0,309.0,83.8,6.0,30.0,4.0,4.0,4.0,11.0,0.0,335.0,1.0,0.0,0.0,178.0,16.0,2.0,8.0,0.0,10.0,4.0,0.0,2.0,3.0,,,,,Football Players Stats 2024-2025
2024-25,serie_a_league,Samuele Birindelli,it ITA,"DF,MF",Monza,25.0,1999.0,21,18,1468,16.3,3,0,0,0,0.0,2,0,2.1,2.1,1.4,40.0,35.0,100.0,16.0,10.0,470.0,621.0,75.7,18.0,64.0,22.0,15.0,10.0,34.0,2.0,757.0,29.0,10.0,5.0,457.0,24.0,27.0,35.0,2.0,47.0,16.0,1.0,5.0,15.0,,,,,Football Players Stats 2024-2025
2024-25,serie_a_league,Bjarki Bjarkason,is ISL,"DF,MF",Venezia,24.0,2000.0,9,1,165,1.8,0,0,0,0,0.0,2,0,0.0,0.0,0.1,6.0,10.0,13.0,0.0,0.0,78.0,89.0,87.6,1.0,7.0,3.0,2.0,2.0,4.0,0.0,111.0,0.0,6.0,1.0,71.0,5.0,2.0,1.0,0.0,9.0,2.0,0.0,0.0,0.0,,,,,Football Players Stats 2024-2025
2024-25,serie_a_league,Emil Bohinen,no NOR,MF,Genoa,25.0,1999.0,3,1,166,1.8,0,0,0,0,0.0,0,0,0.1,0.1,0.1,6.0,5.0,2.0,2.0,0.0,69.0,86.0,80.2,3.0,0.0,4.0,4.0,1.0,6.0,0.0,109.0,3.0,0.0,0.0,51.0,1.0,3.0,5.0,0.0,9.0,3.0,1.0,2.0,1.0,,,,,Football Players Stats 2024-2025
2024-25,serie_a_league,Warren Bondo,fr FRA,MF,Monza,20.0,2003.0,20,19,1618,18.0,0,0,0,0,0.0,5,1,0.4,0.4,0.3,25.0,39.0,21.0,13.0,1.0,547.0,615.0,88.9,5.0,7.0,35.0,24.0,5.0,8.0,4.0,741.0,7.0,40.0,20.0,511.0,35.0,19.0,26.0,1.0,91.0,31.0,4.0,5.0,8.0,,,,,Football Players Stats 2024-2025
2024-25,serie_a_league,Warren Bondo,fr FRA,MF,Milan,20.0,2003.0,4,3,162,1.8,0,0,0,0,0.0,1,0,0.0,0.0,0.1,2.0,7.0,0.0,1.0,1.0,77.0,84.0,91.7,1.0,1.0,5.0,3.0,0.0,2.0,0.0,97.0,0.0,1.0,1.0,66.0,9.0,3.0,1.0,0.0,12.0,1.0,0.0,1.0,1.0,,,,,Football Players Stats 2024-2025
2024-25,serie_a_league,Kevin Bonifazi,it ITA,DF,Lecce,28.0,1996.0,3,0,65,0.7,0,0,0,0,0.0,0,0,0.0,0.0,0.0,0.0,1.0,1.0,0.0,0.0,37.0,42.0,88.1,0.0,0.0,1.0,1.0,2.0,3.0,0.0,54.0,0.0,2.0,1.0,28.0,2.0,0.0,0.0,0.0,7.0,0.0,0.0,1.0,1.0,,,,,Football Players Stats 2024-2025
2024-25,serie_a_league,Ange-Yoan Bonny,fr FRA,FW,Parma,20.0,2003.0,37,30,2529,28.1,6,4,2,3,0.0,2,0,9.4,7.1,2.9,41.0,53.0,163.0,61.0,19.0,431.0,573.0,75.2,30.0,14.0,34.0,16.0,3.0,17.0,0.0,898.0,112.0,67.0,33.0,527.0,31.0,35.0,67.0,8.0,64.0,21.0,5.0,23.0,70.0,,,,,Football Players Stats 2024-2025
2024-25,serie_a_league,Edoardo Bove,it ITA,"MF,FW",Fiorentina,22.0,2002.0,11,10,836,9.3,1,2,0,0,0.0,3,0,0.6,0.6,1.5,12.0,37.0,24.0,7.0,2.0,282.0,344.0,82.0,11.0,2.0,24.0,17.0,6.0,8.0,0.0,437.0,21.0,16.0,7.0,251.0,18.0,19.0,31.0,7.0,45.0,15.0,3.0,11.0,15.0,,,,,Football Players Stats 2024-2025
2024-25,serie_a_league,Domagoj Bradarić,hr CRO,DF,Hellas Verona,24.0,1999.0,28,24,1933,21.5,1,0,0,0,0.0,6,0,0.8,0.8,2.2,30.0,46.0,83.0,9.0,4.0,565.0,780.0,72.4,25.0,78.0,36.0,28.0,15.0,49.0,1.0,988.0,23.0,37.0,15.0,426.0,28.0,32.0,47.0,1.0,80.0,21.0,1.0,16.0,21.0,,,,,Football Players Stats 2024-2025
2024-25,serie_a_league,Matthias Braunöder,at AUT,MF,Como,22.0,2002.0,8,3,268,3.0,0,0,0,0,0.0,3,1,0.1,0.1,0.0,2.0,18.0,0.0,2.0,0.0,128.0,146.0,87.7,0.0,0.0,10.0,4.0,2.0,4.0,1.0,175.0,3.0,4.0,1.0,88.0,13.0,4.0,4.0,0.0,8.0,10.0,1.0,1.0,4.0,,,,,Football Players Stats 2024-2025
2024-25,serie_a_league,Iker Bravo,es ESP,"FW,MF",Udinese,19.0,2005.0,29,4,682,7.6,2,1,0,0,0.0,3,0,0.9,0.9,0.4,7.0,18.0,39.0,13.0,3.0,159.0,196.0,81.1,7.0,8.0,10.0,6.0,1.0,4.0,0.0,294.0,28.0,29.0,11.0,157.0,10.0,5.0,14.0,0.0,30.0,12.0,0.0,12.0,28.0,,,,,Football Players Stats 2024-2025
2024-25,serie_a_league,Gleison Bremer,br BRA,DF,Juventus,27.0,1997.0,6,6,540,6.0,0,0,0,0,0.0,2,0,0.1,0.1,0.0,2.0,21.0,0.0,3.0,0.0,468.0,504.0,92.9,0.0,0.0,15.0,7.0,6.0,16.0,0.0,569.0,3.0,4.0,3.0,352.0,26.0,1.0,3.0,0.0,23.0,9.0,0.0,11.0,7.0,,,,,Football Players Stats 2024-2025
2024-25,serie_a_league,Brenner,br BRA,"MF,FW",Udinese,24.0,2000.0,9,5,386,4.3,1,2,0,0,0.0,0,0,0.6,0.6,0.5,5.0,7.0,16.0,7.0,4.0,87.0,114.0,76.3,5.0,11.0,6.0,4.0,1.0,6.0,0.0,151.0,6.0,5.0,3.0,94.0,5.0,4.0,11.0,1.0,16.0,0.0,0.0,2.0,3.0,,,,,Football Players Stats 2024-2025
2024-25,serie_a_league,Marco Brescianini,it ITA,MF,Atalanta,24.0,2000.0,29,9,991,11.0,4,2,0,0,0.0,1,0,3.1,3.1,1.0,46.0,36.0,69.0,20.0,8.0,334.0,420.0,79.5,7.0,18.0,18.0,11.0,2.0,6.0,0.0,547.0,38.0,26.0,8.0,355.0,27.0,30.0,26.0,6.0,50.0,22.0,0.0,12.0,10.0,,,,,Football Players Stats 2024-2025
2024-25,serie_a_league,Arvid Brorsson,se SWE,DF,Monza,25.0,1999.0,6,3,362,4.0,0,0,0,0,0.0,0,0,0.0,0.0,0.0,1.0,9.0,1.0,0.0,0.0,224.0,247.0,90.7,0.0,0.0,4.0,3.0,2.0,35.0,1.0,303.0,0.0,1.0,1.0,185.0,5.0,1.0,1.0,0.0,14.0,1.0,0.0,7.0,6.0,,,,,Football Players Stats 2024-2025
2024-25,serie_a_league,Tajon Buchanan,ca CAN,"DF,FW",Inter,25.0,1999.0,6,0,95,1.1,0,0,0,0,0.0,0,0,0.0,0.0,0.1,6.0,2.0,8.0,0.0,0.0,40.0,48.0,83.3,1.0,3.0,3.0,0.0,0.0,3.0,0.0,64.0,2.0,9.0,3.0,42.0,2.0,3.0,3.0,0.0,6.0,2.0,0.0,1.0,0.0,,,,,Football Players Stats 2024-2025
2024-25,serie_a_league,Alessandro Buongiorno,it ITA,DF,Napoli,25.0,1999.0,22,22,1924,21.4,1,0,0,0,0.0,2,0,0.8,0.8,0.6,27.0,82.0,8.0,8.0,4.0,1161.0,1279.0,90.8,5.0,1.0,39.0,23.0,35.0,73.0,2.0,1489.0,15.0,7.0,1.0,902.0,67.0,7.0,19.0,2.0,84.0,17.0,0.0,43.0,21.0,,,,,Football Players Stats 2024-2025
2024-25,serie_a_league,Rareș-Cătălin Burnete,ro ROU,FW,Lecce,20.0,2004.0,4,0,28,0.3,0,0,0,0,0.0,0,0,0.1,0.1,0.0,0.0,0.0,4.0,1.0,0.0,7.0,11.0,63.6,0.0,0.0,0.0,0.0,0.0,0.0,0.0,22.0,4.0,2.0,1.0,12.0,0.0,0.0,0.0,0.0,3.0,2.0,0.0,0.0,1.0,,,,,Football Players Stats 2024-2025
2024-25,serie_a_league,Gianluca Busio,us USA,MF,Venezia,22.0,2002.0,33,28,2518,28.0,2,0,0,0,0.0,4,0,2.4,2.4,1.6,60.0,95.0,135.0,36.0,7.0,696.0,917.0,75.9,28.0,29.0,46.0,31.0,19.0,52.0,0.0,1250.0,56.0,48.0,15.0,747.0,46.0,57.0,65.0,2.0,107.0,26.0,5.0,32.0,34.0,,,,,Football Players Stats 2024-2025
2024-25,serie_a_league,Jean Butez,fr FRA,GK,Como,29.0,1995.0,19,18,1666,18.5,0,0,0,0,0.0,0,0,0.0,0.0,0.0,0.0,1.0,0.0,0.0,0.0,588.0,752.0,78.2,1.0,0.0,0.0,0.0,0.0,18.0,1.0,799.0,0.0,0.0,0.0,534.0,20.0,0.0,5.0,0.0,43.0,1.0,0.0,6.0,0.0,5.0,20.0,48.0,0.0,Football Players Stats 2024-2025
2024-25,serie_a_league,Liberato Cacace,nz NZL,"MF,DF",Empoli,23.0,2000.0,33,24,2230,24.8,2,4,0,0,0.0,6,0,2.6,2.6,1.7,53.0,70.0,97.0,29.0,9.0,619.0,912.0,67.9,25.0,102.0,37.0,25.0,22.0,59.0,0.0,1187.0,56.0,51.0,14.0,542.0,54.0,34.0,54.0,4.0,98.0,27.0,1.0,41.0,51.0,,,,,Football Players Stats 2024-2025
2024-25,serie_a_league,Alessio Cacciamani,it ITA,"MF,DF",Torino,17.0,2007.0,2,0,31,0.3,0,0,0,0,0.0,0,0,0.0,0.0,0.0,2.0,1.0,2.0,0.0,0.0,12.0,15.0,80.0,0.0,3.0,0.0,0.0,1.0,0.0,0.0,18.0,1.0,1.0,1.0,14.0,0.0,1.0,1.0,0.0,1.0,0.0,0.0,1.0,1.0,,,,,Football Players Stats 2024-2025
2024-25,serie_a_league,Davide Calabria,it ITA,DF,Bologna,27.0,1996.0,11,7,632,7.0,0,1,0,0,0.0,3,0,0.1,0.1,1.3,7.0,40.0,20.0,3.0,0.0,354.0,429.0,82.5,13.0,17.0,12.0,8.0,3.0,22.0,1.0,490.0,4.0,3.0,0.0,271.0,26.0,7.0,24.0,3.0,30.0,7.0,0.0,9.0,9.0,,,,,Football Players Stats 2024-2025
2024-25,serie_a_league,Davide Calabria,it ITA,DF,Milan,27.0,1996.0,7,4,316,3.5,0,0,0,0,0.0,0,0,0.3,0.3,0.2,8.0,24.0,31.0,2.0,0.0,193.0,223.0,86.5,1.0,16.0,10.0,7.0,8.0,8.0,0.0,258.0,4.0,5.0,3.0,159.0,23.0,5.0,9.0,0.0,16.0,3.0,1.0,2.0,0.0,,,,,Football Players Stats 2024-2025
2024-25,serie_a_league,Luca Caldirola,it ITA,DF,Monza,33.0,1991.0,14,10,876,9.7,0,0,0,0,0.0,5,0,0.3,0.3,0.1,5.0,22.0,4.0,4.0,2.0,556.0,615.0,90.4,2.0,1.0,11.0,7.0,11.0,43.0,1.0,699.0,4.0,1.0,1.0,461.0,25.0,5.0,5.0,0.0,19.0,18.0,0.0,13.0,13.0,,,,,Football Players Stats 2024-2025
2024-25,serie_a_league,Hakan Çalhanoğlu,tr TUR,MF,Inter,30.0,1994.0,28,25,1879,20.9,5,6,3,4,0.0,5,0,4.4,1.3,5.6,52.0,173.0,51.0,41.0,12.0,1464.0,1690.0,86.6,49.0,112.0,43.0,22.0,17.0,24.0,0.0,1881.0,23.0,7.0,3.0,1150.0,144.0,53.0,99.0,14.0,110.0,20.0,0.0,16.0,18.0,,,,,Football Players Stats 2024-2025
2024-25,serie_a_league,Drissa Camara,ci CIV,"MF,FW",Parma,22.0,2002.0,21,1,447,5.0,0,0,0,0,0.0,3,0,1.2,1.2,0.8,18.0,27.0,35.0,15.0,5.0,133.0,182.0,73.1,5.0,5.0,9.0,7.0,3.0,1.0,0.0,251.0,24.0,27.0,17.0,174.0,15.0,10.0,15.0,2.0,29.0,17.0,2.0,3.0,9.0,,,,,Football Players Stats 2024-2025
2024-25,serie_a_league,Francesco Camarda,it ITA,"FW,MF",Milan,16.0,2008.0,10,1,206,2.3,0,0,0,0,0.0,0,0,0.6,0.6,0.5,2.0,1.0,16.0,8.0,1.0,37.0,44.0,84.1,5.0,1.0,5.0,2.0,0.0,3.0,0.0,80.0,17.0,7.0,2.0,34.0,1.0,1.0,7.0,1.0,6.0,8.0,0.0,6.0,6.0,,,,,Football Players Stats 2024-2025
2024-25,serie_a_league,Nicolò Cambiaghi,it ITA,FW,Bologna,23.0,2000.0,18,4,620,6.9,1,3,0,0,0.0,0,0,0.8,0.8,1.9,45.0,25.0,63.0,14.0,4.0,177.0,245.0,72.2,12.0,47.0,16.0,10.0,2.0,2.0,0.0,334.0,36.0,25.0,11.0,241.0,9.0,9.0,30.0,8.0,29.0,9.0,4.0,3.0,8.0,,,,,Football Players Stats 2024-2025
2024-25,serie_a_league,Andrea Cambiaso,it ITA,"DF,FW",Juventus,24.0,2000.0,33,25,2221,24.7,2,3,0,0,0.0,4,0,0.7,0.7,2.6,78.0,111.0,122.0,17.0,6.0,1476.0,1667.0,88.5,34.0,66.0,46.0,30.0,16.0,34.0,5.0,1911.0,42.0,50.0,27.0,1195.0,82.0,63.0,85.0,9.0,116.0,28.0,2.0,6.0,11.0,,,,,Football Players Stats 2024-2025
2024-25,serie_a_league,Thomas Campaniello,it ITA,FW,Empoli,16.0,2008.0,3,0,25,0.3,0,0,0,0,0.0,0,0,0.5,0.5,0.0,0.0,0.0,6.0,1.0,0.0,9.0,14.0,64.3,0.0,0.0,0.0,0.0,0.0,0.0,0.0,17.0,1.0,0.0,0.0,5.0,0.0,0.0,0.0,0.0,0.0,0.0,0.0,1.0,3.0,,,,,Football Players Stats 2024-2025
2024-25,serie_a_league,Matteo Cancellieri,it ITA,"FW,MF",Parma,22.0,2002.0,27,19,1424,15.8,3,0,0,0,0.0,2,1,2.7,2.7,0.7,40.0,24.0,79.0,22.0,7.0,211.0,313.0,67.4,11.0,21.0,26.0,16.0,13.0,30.0,0.0,531.0,40.0,70.0,28.0,314.0,16.0,20.0,27.0,3.0,55.0,26.0,5.0,29.0,28.0,,,,,Football Players Stats 2024-2025
2024-25,serie_a_league,Fali Candé,gw GNB,DF,Venezia,26.0,1998.0,17,17,1530,17.0,1,1,0,0,0.0,4,0,1.1,1.1,0.6,5.0,47.0,3.0,5.0,2.0,761.0,939.0,81.0,4.0,7.0,25.0,19.0,15.0,90.0,2.0,1131.0,8.0,10.0,9.0,557.0,59.0,9.0,14.0,3.0,79.0,24.0,1.0,37.0,41.0,,,,,Football Players Stats 2024-2025
2024-25,serie_a_league,Antonio Candela,it ITA,DF,Venezia,24.0,2000.0,14,12,1008,11.2,0,1,0,0,1.0,2,0,0.3,0.3,0.8,12.0,27.0,25.0,5.0,0.0,299.0,403.0,74.2,9.0,22.0,31.0,21.0,8.0,22.0,2.0,505.0,13.0,12.0,6.0,250.0,26.0,5.0,17.0,1.0,38.0,14.0,0.0,14.0,13.0,,,,,Football Players Stats 2024-2025
2024-25,serie_a_league,Gianluca Caprari,it ITA,"MF,FW",Monza,31.0,1993.0,34,18,1651,18.3,3,2,2,2,0.0,3,0,4.2,2.6,2.4,43.0,81.0,104.0,28.0,9.0,579.0,732.0,79.1,30.0,80.0,19.0,11.0,8.0,2.0,1.0,912.0,39.0,40.0,10.0,629.0,39.0,37.0,63.0,5.0,57.0,18.0,1.0,4.0,14.0,,,,,Football Players Stats 2024-2025
2024-25,serie_a_league,Elia Caprile,it ITA,GK,Cagliari,22.0,2001.0,18,18,1620,18.0,0,0,0,0,0.0,0,0,0.0,0.0,0.0,0.0,0.0,0.0,0.0,0.0,482.0,706.0,68.3,0.0,0.0,1.0,0.0,0.0,9.0,1.0,756.0,0.0,0.0,0.0,408.0,6.0,0.0,0.0,0.0,16.0,0.0,0.0,4.0,0.0,5.0,22.0,44.0,0.0,Football Players Stats 2024-2025
2024-25,serie_a_league,Elia Caprile,it ITA,GK,Napoli,22.0,2001.0,4,3,325,3.6,0,0,0,0,0.0,0,0,0.0,0.0,0.0,0.0,0.0,0.0,0.0,0.0,81.0,98.0,82.7,0.0,0.0,0.0,0.0,0.0,2.0,0.0,105.0,0.0,0.0,0.0,44.0,2.0,0.0,0.0,0.0,3.0,0.0,0.0,1.0,0.0,3.0,1.0,7.0,0.0,Football Players Stats 2024-2025
2024-25,serie_a_league,Francesco Caputo,it ITA,FW,Empoli,36.0,1987.0,1,0,6,0.1,0,0,0,0,0.0,0,0,0.0,0.0,0.0,0.0,0.0,1.0,0.0,0.0,2.0,2.0,100.0,0.0,0.0,0.0,0.0,0.0,0.0,0.0,2.0,0.0,0.0,0.0,1.0,0.0,0.0,0.0,0.0,1.0,0.0,0.0,0.0,0.0,,,,,Football Players Stats 2024-2025
2024-25,serie_a_league,Maxence Caqueret,fr FRA,MF,Como,24.0,2000.0,18,15,1087,12.1,2,3,0,0,0.0,4,0,0.8,0.8,1.5,15.0,76.0,46.0,8.0,3.0,472.0,568.0,83.1,19.0,16.0,36.0,21.0,7.0,4.0,1.0,698.0,24.0,33.0,14.0,455.0,67.0,17.0,41.0,8.0,69.0,17.0,1.0,3.0,10.0,,,,,Football Players Stats 2024-2025
2024-25,serie_a_league,Andrea Carboni,it ITA,DF,Monza,23.0,2001.0,26,25,2191,24.3,0,1,0,0,0.0,5,0,0.3,0.3,0.3,9.0,51.0,32.0,8.0,1.0,989.0,1157.0,85.5,4.0,15.0,60.0,35.0,27.0,106.0,4.0,1412.0,18.0,9.0,5.0,822.0,51.0,13.0,11.0,2.0,62.0,29.0,0.0,38.0,42.0,,,,,Football Players Stats 2024-2025
2024-25,serie_a_league,Franco Carboni,it ITA,DF,Venezia,21.0,2003.0,8,3,226,2.5,0,0,0,0,0.0,2,0,0.0,0.0,0.1,2.0,6.0,11.0,1.0,0.0,61.0,92.0,66.3,2.0,8.0,5.0,3.0,0.0,11.0,0.0,128.0,2.0,6.0,2.0,70.0,3.0,1.0,5.0,1.0,13.0,3.0,1.0,2.0,3.0,,,,,Football Players Stats 2024-2025
2024-25,serie_a_league,Marco Carnesecchi,it ITA,GK,Atalanta,24.0,2000.0,34,34,3060,34.0,0,0,0,0,0.0,1,0,0.0,0.0,0.2,0.0,0.0,0.0,0.0,0.0,811.0,1082.0,75.0,1.0,0.0,0.0,0.0,0.0,26.0,2.0,1178.0,0.0,0.0,0.0,678.0,9.0,0.0,5.0,1.0,57.0,0.0,0.0,7.0,0.0,13.0,34.0,97.0,0.0,Football Players Stats 2024-2025
2024-25,serie_a_league,Cesare Casadei,it ITA,MF,Torino,21.0,2003.0,15,13,1017,11.3,1,1,0,0,0.0,1,0,1.2,1.2,0.4,14.0,36.0,12.0,14.0,7.0,323.0,406.0,79.6,7.0,2.0,12.0,5.0,5.0,26.0,0.0,508.0,22.0,10.0,7.0,259.0,35.0,8.0,19.0,2.0,41.0,16.0,1.0,64.0,25.0,,,,,Football Players Stats 2024-2025
2024-25,serie_a_league,Nicolò Casale,it ITA,DF,Bologna,26.0,1998.0,15,9,900,10.0,0,1,0,0,1.0,1,0,0.5,0.5,0.5,3.0,29.0,2.0,4.0,1.0,448.0,512.0,87.5,3.0,0.0,11.0,5.0,17.0,43.0,3.0,615.0,9.0,3.0,3.0,328.0,22.0,1.0,12.0,2.0,43.0,23.0,0.0,32.0,23.0,,,,,Football Players Stats 2024-2025
2024-25,serie_a_league,Nicolò Casale,it ITA,DF,Lazio,26.0,1998.0,2,2,135,1.5,0,0,0,0,0.0,0,0,0.0,0.0,0.0,0.0,6.0,0.0,1.0,1.0,100.0,110.0,90.9,0.0,0.0,5.0,3.0,1.0,2.0,0.0,124.0,2.0,0.0,0.0,83.0,12.0,1.0,0.0,0.0,1.0,2.0,0.0,6.0,0.0,,,,,Football Players Stats 2024-2025
2024-25,serie_a_league,Federico Cassa,it ITA,"MF,FW",Atalanta,18.0,2006.0,2,0,14,0.2,0,0,0,0,0.0,0,0,0.0,0.0,0.0,1.0,1.0,2.0,0.0,0.0,5.0,6.0,83.3,0.0,0.0,0.0,0.0,0.0,0.0,0.0,9.0,0.0,1.0,0.0,9.0,0.0,2.0,1.0,0.0,1.0,2.0,1.0,0.0,0.0,,,,,Football Players Stats 2024-2025
2024-25,serie_a_league,Valentín Castellanos,ar ARG,FW,Lazio,25.0,1998.0,29,28,2384,26.5,10,3,2,3,0.0,9,1,13.4,11.3,3.6,27.0,66.0,149.0,105.0,36.0,366.0,541.0,67.7,26.0,25.0,13.0,6.0,6.0,25.0,0.0,835.0,155.0,37.0,16.0,423.0,48.0,22.0,73.0,14.0,51.0,38.0,5.0,68.0,60.0,,,,,Football Players Stats 2024-2025
2024-25,serie_a_league,Santiago Castro,ar ARG,FW,Bologna,19.0,2004.0,36,27,2294,25.5,8,4,0,1,1.0,7,0,7.7,6.9,2.9,17.0,39.0,136.0,62.0,20.0,354.0,461.0,76.8,28.0,8.0,18.0,10.0,3.0,20.0,0.0,722.0,101.0,43.0,18.0,428.0,23.0,23.0,69.0,11.0,69.0,49.0,8.0,37.0,68.0,,,,,Football Players Stats 2024-2025
2024-25,serie_a_league,Gaetano Castrovilli,it ITA,MF,Monza,27.0,1997.0,12,7,596,6.6,0,0,0,0,0.0,0,0,0.3,0.3,0.4,10.0,24.0,28.0,6.0,0.0,188.0,238.0,79.0,7.0,14.0,12.0,7.0,2.0,9.0,0.0,305.0,10.0,11.0,5.0,187.0,12.0,8.0,15.0,2.0,27.0,8.0,0.0,1.0,6.0,,,,,Football Players Stats 2024-2025
2024-25,serie_a_league,Gaetano Castrovilli,it ITA,"MF,FW",Lazio,27.0,1997.0,9,1,148,1.6,0,0,0,0,0.0,0,0,0.1,0.1,0.7,5.0,10.0,6.0,2.0,0.0,66.0,78.0,84.6,2.0,0.0,5.0,2.0,3.0,1.0,0.0,99.0,6.0,2.0,1.0,58.0,7.0,1.0,3.0,0.0,8.0,4.0,0.0,0.0,0.0,,,,,Football Players Stats 2024-2025
2024-25,serie_a_league,Danilo Cataldi,it ITA,MF,Fiorentina,29.0,1994.0,24,22,1712,19.0,3,0,0,0,0.0,1,0,1.1,1.1,0.8,18.0,90.0,16.0,13.0,5.0,845.0,1000.0,84.5,15.0,21.0,25.0,16.0,22.0,35.0,0.0,1147.0,7.0,10.0,3.0,657.0,83.0,22.0,32.0,1.0,114.0,15.0,1.0,6.0,5.0,,,,,Football Players Stats 2024-2025
2024-25,serie_a_league,Zeki Çelik,tr TUR,DF,Roma,27.0,1997.0,31,27,2256,25.1,0,2,0,0,0.0,5,0,0.6,0.6,1.6,28.0,106.0,93.0,13.0,4.0,1121.0,1364.0,82.2,19.0,42.0,62.0,37.0,15.0,84.0,3.0,1627.0,40.0,14.0,8.0,836.0,110.0,27.0,38.0,4.0,75.0,31.0,0.0,30.0,26.0,,,,,Football Players Stats 2024-2025
2024-25,serie_a_league,Alberto Cerri,it ITA,FW,Como,28.0,1996.0,5,0,87,1.0,0,0,0,0,0.0,0,0,1.0,1.0,0.0,0.0,0.0,11.0,4.0,1.0,15.0,23.0,65.2,0.0,0.0,0.0,0.0,0.0,1.0,0.0,36.0,9.0,0.0,0.0,20.0,0.0,0.0,1.0,0.0,3.0,3.0,0.0,4.0,4.0,,,,,Football Players Stats 2024-2025
2024-25,serie_a_league,Gabriel Charpentier,cg CGO,FW,Parma,25.0,1999.0,10,0,271,3.0,1,2,0,0,0.0,1,0,1.3,1.3,0.9,6.0,7.0,16.0,9.0,4.0,33.0,55.0,60.0,7.0,2.0,4.0,3.0,0.0,9.0,0.0,111.0,12.0,6.0,2.0,55.0,3.0,4.0,11.0,3.0,12.0,13.0,2.0,9.0,14.0,,,,,Football Players Stats 2024-2025
2024-25,serie_a_league,Walid Cheddira,ma MAR,FW,Napoli,26.0,1998.0,1,0,12,0.1,0,0,0,0,0.0,0,0,0.0,0.0,0.0,0.0,1.0,1.0,0.0,0.0,2.0,3.0,66.7,1.0,0.0,0.0,0.0,0.0,0.0,0.0,3.0,0.0,0.0,0.0,1.0,1.0,0.0,1.0,0.0,0.0,0.0,0.0,0.0,1.0,,,,,Football Players Stats 2024-2025
2024-25,serie_a_league,Leandro Chichizola,ar ARG,GK,Parma,34.0,1990.0,1,1,90,1.0,0,0,0,0,0.0,0,0,0.0,0.0,0.0,0.0,1.0,0.0,0.0,0.0,36.0,50.0,72.0,0.0,0.0,0.0,0.0,0.0,2.0,0.0,54.0,0.0,0.0,0.0,30.0,1.0,0.0,2.0,0.0,0.0,0.0,0.0,1.0,0.0,0.0,3.0,3.0,0.0,Football Players Stats 2024-2025
2024-25,serie_a_league,Samuel Chukwueze,ng NGA,"FW,MF",Milan,25.0,1999.0,26,9,925,10.3,3,2,0,0,0.0,0,0,2.7,2.7,3.0,48.0,36.0,116.0,32.0,8.0,320.0,422.0,75.8,27.0,50.0,17.0,11.0,2.0,9.0,0.0,556.0,54.0,47.0,26.0,369.0,18.0,37.0,49.0,2.0,38.0,3.0,1.0,6.0,10.0,,,,,Football Players Stats 2024-2025
2024-25,serie_a_league,Aaron Ciammaglichella,it ITA,MF,Torino,19.0,2005.0,1,0,1,0.0,0,0,0,0,0.0,0,0,0.0,0.0,0.0,0.0,0.0,0.0,0.0,0.0,0.0,0.0,,0.0,0.0,0.0,0.0,0.0,0.0,0.0,0.0,0.0,0.0,0.0,0.0,0.0,0.0,0.0,0.0,0.0,0.0,0.0,0.0,0.0,,,,,Football Players Stats 2024-2025
2024-25,serie_a_league,Giuseppe Ciocci,it ITA,GK,Cagliari,22.0,2002.0,1,0,9,0.1,0,0,0,0,0.0,0,0,0.0,0.0,0.0,0.0,0.0,0.0,0.0,0.0,1.0,1.0,100.0,0.0,0.0,0.0,0.0,0.0,0.0,0.0,1.0,0.0,0.0,0.0,1.0,0.0,0.0,0.0,0.0,0.0,0.0,0.0,0.0,0.0,0.0,0.0,0.0,0.0,Football Players Stats 2024-2025
2024-25,serie_a_league,Alessandro Circati,au AUS,DF,Parma,20.0,2003.0,6,6,540,6.0,0,0,0,0,0.0,1,0,0.3,0.3,0.0,1.0,10.0,0.0,2.0,0.0,197.0,229.0,86.0,1.0,0.0,7.0,5.0,3.0,42.0,1.0,301.0,3.0,0.0,0.0,123.0,6.0,0.0,3.0,0.0,11.0,4.0,0.0,17.0,4.0,,,,,Football Players Stats 2024-2025
2024-25,serie_a_league,Alphadjo Cissè,it ITA,"FW,MF",Hellas Verona,17.0,2006.0,2,0,9,0.1,0,0,0,0,0.0,0,0,0.0,0.0,0.0,0.0,1.0,0.0,2.0,2.0,6.0,8.0,75.0,0.0,0.0,0.0,0.0,0.0,0.0,0.0,11.0,0.0,0.0,0.0,6.0,1.0,0.0,1.0,0.0,0.0,1.0,0.0,1.0,0.0,,,,,Football Players Stats 2024-2025
2024-25,serie_a_league,Patrick Ciurria,it ITA,"MF,DF",Monza,29.0,1995.0,21,12,1111,12.3,1,1,0,0,0.0,1,0,0.8,0.8,2.3,19.0,27.0,52.0,11.0,2.0,313.0,433.0,72.3,13.0,61.0,22.0,14.0,6.0,22.0,0.0,542.0,17.0,12.0,5.0,306.0,19.0,10.0,26.0,2.0,32.0,17.0,0.0,5.0,15.0,,,,,Football Players Stats 2024-2025
2024-25,serie_a_league,Saúl Coco,gq EQG,DF,Torino,25.0,1999.0,32,32,2845,31.6,2,0,0,0,1.0,10,0,1.2,1.2,0.0,17.0,70.0,3.0,20.0,5.0,1350.0,1529.0,88.3,1.0,2.0,46.0,26.0,38.0,157.0,4.0,1879.0,17.0,9.0,7.0,1135.0,74.0,8.0,16.0,1.0,87.0,53.0,1.0,62.0,58.0,,,,,Football Players Stats 2024-2025
2024-25,serie_a_league,Lorenzo Colombo,it ITA,"FW,MF",Empoli,22.0,2002.0,37,26,2233,24.8,6,2,1,1,0.0,5,1,5.9,5.1,2.9,27.0,48.0,116.0,55.0,18.0,343.0,508.0,67.5,21.0,10.0,31.0,14.0,2.0,16.0,1.0,837.0,83.0,50.0,24.0,438.0,25.0,28.0,55.0,3.0,73.0,46.0,8.0,53.0,121.0,,,,,Football Players Stats 2024-2025
2024-25,serie_a_league,Andrea Colpani,it ITA,"FW,MF",Fiorentina,25.0,1999.0,24,17,1432,15.9,2,1,0,0,0.0,1,0,2.7,2.7,1.3,37.0,57.0,129.0,35.0,12.0,376.0,466.0,80.7,17.0,33.0,15.0,9.0,8.0,10.0,0.0,609.0,49.0,27.0,12.0,395.0,19.0,35.0,43.0,5.0,46.0,21.0,1.0,10.0,15.0,,,,,Football Players Stats 2024-2025
2024-25,serie_a_league,Florinel Coman,ro ROU,"FW,MF",Cagliari,26.0,1998.0,9,2,263,2.9,1,0,0,0,0.0,2,0,0.2,0.2,0.0,5.0,5.0,22.0,4.0,1.0,67.0,82.0,81.7,1.0,2.0,5.0,3.0,1.0,3.0,0.0,121.0,8.0,5.0,2.0,84.0,4.0,8.0,4.0,1.0,12.0,8.0,1.0,4.0,2.0,,,,,Football Players Stats 2024-2025
2024-25,serie_a_league,Pietro Comuzzo,it ITA,DF,Fiorentina,19.0,2005.0,32,23,2110,23.4,1,0,0,0,0.0,5,0,0.5,0.5,0.6,14.0,75.0,12.0,5.0,2.0,1085.0,1266.0,85.7,7.0,3.0,43.0,21.0,29.0,113.0,4.0,1533.0,9.0,2.0,0.0,892.0,69.0,11.0,20.0,1.0,86.0,24.0,0.0,63.0,43.0,,,,,Football Players Stats 2024-2025
2024-25,serie_a_league,Francisco Conceição,pt POR,"FW,MF",Juventus,21.0,2002.0,26,12,1340,14.9,3,3,0,0,0.0,5,1,2.3,2.3,4.3,95.0,35.0,143.0,40.0,13.0,427.0,545.0,78.3,28.0,62.0,23.0,14.0,6.0,6.0,0.0,739.0,92.0,79.0,35.0,548.0,16.0,32.0,64.0,9.0,55.0,24.0,1.0,2.0,9.0,,,,,Football Players Stats 2024-2025
2024-25,serie_a_league,Diego Coppola,it ITA,DF,Hellas Verona,20.0,2003.0,34,33,2927,32.5,2,0,0,0,0.0,10,0,0.7,0.7,0.1,4.0,48.0,3.0,10.0,4.0,920.0,1135.0,81.1,3.0,0.0,66.0,36.0,72.0,194.0,2.0,1576.0,23.0,5.0,1.0,749.0,32.0,4.0,10.0,1.0,89.0,44.0,0.0,133.0,72.0,,,,,Football Players Stats 2024-2025
2024-25,serie_a_league,Maxwel Cornet,ci CIV,"FW,MF",Genoa,27.0,1996.0,7,2,246,2.7,2,1,0,0,0.0,0,0,1.0,1.0,0.6,8.0,4.0,26.0,5.0,3.0,49.0,71.0,69.0,5.0,8.0,2.0,1.0,2.0,2.0,0.0,97.0,13.0,9.0,3.0,54.0,2.0,7.0,8.0,1.0,14.0,0.0,0.0,1.0,9.0,,,,,Football Players Stats 2024-2025
2024-25,serie_a_league,Joaquín Correa,ar ARG,"FW,MF",Inter,29.0,1994.0,19,6,731,8.1,2,2,0,0,0.0,3,0,2.1,2.1,2.0,22.0,42.0,45.0,14.0,6.0,310.0,361.0,85.9,10.0,8.0,11.0,5.0,0.0,6.0,0.0,438.0,39.0,10.0,6.0,295.0,24.0,17.0,25.0,4.0,31.0,8.0,1.0,6.0,18.0,,,,,Football Players Stats 2024-2025
2024-25,serie_a_league,Alberto costa,pt POR,DF,Juventus,20.0,2003.0,9,3,357,4.0,0,1,0,0,0.0,3,0,0.6,0.6,0.2,8.0,8.0,25.0,7.0,0.0,176.0,212.0,83.0,2.0,2.0,14.0,10.0,4.0,14.0,0.0,276.0,14.0,11.0,4.0,148.0,7.0,6.0,7.0,1.0,23.0,8.0,0.0,5.0,3.0,,,,,Football Players Stats 2024-2025
2024-25,serie_a_league,Lassana Coulibaly,ml MLI,MF,Lecce,28.0,1996.0,38,30,2667,29.6,1,0,0,0,0.0,3,0,0.8,0.8,0.9,21.0,93.0,49.0,9.0,3.0,775.0,955.0,81.2,12.0,13.0,48.0,29.0,18.0,46.0,1.0,1229.0,19.0,38.0,18.0,623.0,68.0,18.0,46.0,2.0,146.0,39.0,7.0,31.0,41.0,,,,,Football Players Stats 2024-2025
2024-25,serie_a_league,Woyo Coulibaly,ml MLI,DF,Parma,25.0,1999.0,14,12,1084,12.0,0,1,0,0,1.0,1,1,0.1,0.1,0.9,36.0,41.0,23.0,3.0,0.0,514.0,593.0,86.7,8.0,5.0,13.0,10.0,8.0,25.0,0.0,706.0,12.0,17.0,8.0,404.0,44.0,15.0,19.0,3.0,60.0,12.0,1.0,9.0,9.0,,,,,Football Players Stats 2024-2025
2024-25,serie_a_league,Bryan Cristante,it ITA,MF,Roma,29.0,1995.0,30,23,2045,22.7,4,2,0,0,0.0,8,0,2.1,2.1,1.4,25.0,145.0,41.0,30.0,7.0,1067.0,1296.0,82.3,18.0,15.0,48.0,29.0,19.0,36.0,1.0,1497.0,41.0,14.0,6.0,833.0,143.0,30.0,51.0,5.0,109.0,37.0,1.0,61.0,58.0,,,,,Football Players Stats 2024-2025
2024-25,serie_a_league,Domen Črnigoj,si SVN,MF,Venezia,28.0,1995.0,8,1,136,1.5,0,0,0,0,0.0,0,0,0.1,0.1,0.0,4.0,4.0,6.0,1.0,0.0,25.0,49.0,51.0,0.0,2.0,4.0,2.0,4.0,4.0,0.0,76.0,3.0,1.0,0.0,36.0,1.0,2.0,2.0,0.0,8.0,2.0,1.0,2.0,5.0,,,,,Football Players Stats 2024-2025
2024-25,serie_a_league,Juan Cuadrado,co COL,"DF,MF",Atalanta,36.0,1988.0,23,7,832,9.2,0,2,0,0,0.0,3,0,0.9,0.9,2.0,41.0,64.0,90.0,16.0,4.0,476.0,601.0,79.2,19.0,56.0,19.0,9.0,7.0,9.0,0.0,722.0,40.0,40.0,17.0,462.0,34.0,43.0,37.0,3.0,31.0,9.0,2.0,12.0,4.0,,,,,Football Players Stats 2024-2025
2024-25,serie_a_league,Patrick Cutrone,it ITA,FW,Como,26.0,1998.0,33,23,2047,22.7,7,4,0,1,0.0,1,0,7.1,6.3,2.1,53.0,31.0,155.0,69.0,26.0,336.0,478.0,70.3,19.0,30.0,16.0,11.0,5.0,7.0,0.0,692.0,119.0,24.0,9.0,445.0,16.0,16.0,49.0,6.0,54.0,23.0,3.0,23.0,66.0,,,,,Football Players Stats 2024-2025
2024-25,serie_a_league,Wylan Cyprien,fr FRA,MF,Parma,29.0,1995.0,2,0,28,0.3,0,0,0,0,0.0,0,0,0.2,0.2,0.0,1.0,2.0,0.0,1.0,0.0,14.0,21.0,66.7,0.0,0.0,0.0,0.0,1.0,0.0,0.0,28.0,1.0,0.0,0.0,11.0,2.0,1.0,0.0,0.0,6.0,0.0,0.0,0.0,0.0,,,,,Football Players Stats 2024-2025
2024-25,serie_a_league,Danilo D'Ambrosio,it ITA,DF,Monza,35.0,1988.0,20,12,1095,12.2,0,1,0,0,0.0,2,1,0.5,0.5,0.4,10.0,34.0,16.0,9.0,4.0,566.0,652.0,86.8,5.0,9.0,28.0,15.0,15.0,36.0,2.0,776.0,19.0,7.0,2.0,443.0,26.0,6.0,8.0,1.0,46.0,18.0,0.0,16.0,23.0,,,,,Football Players Stats 2024-2025
2024-25,serie_a_league,Lucas Da Cunha,fr FRA,MF,Como,23.0,2001.0,36,30,2613,29.0,3,2,0,0,0.0,4,0,2.0,2.0,3.8,63.0,154.0,85.0,37.0,14.0,1439.0,1702.0,84.5,55.0,102.0,45.0,25.0,17.0,30.0,1.0,1929.0,40.0,30.0,12.0,1200.0,140.0,52.0,110.0,7.0,157.0,21.0,4.0,16.0,25.0,,,,,Football Players Stats 2024-2025
2024-25,serie_a_league,Samuel Dahl,se SWE,"DF,MF",Roma,24.0,2000.0,2,0,43,0.5,0,0,0,0,0.0,0,0,0.0,0.0,0.0,1.0,2.0,4.0,0.0,0.0,24.0,28.0,85.7,0.0,1.0,2.0,2.0,0.0,0.0,0.0,37.0,0.0,1.0,0.0,21.0,2.0,2.0,1.0,0.0,1.0,2.0,0.0,0.0,1.0,,,,,Football Players Stats 2024-2025
2024-25,serie_a_league,Thijs Dallinga,nl NED,FW,Bologna,23.0,2000.0,31,11,1154,12.8,3,2,0,0,0.0,1,0,4.3,4.3,0.6,9.0,17.0,84.0,31.0,11.0,210.0,293.0,71.7,12.0,3.0,10.0,5.0,1.0,13.0,1.0,439.0,65.0,11.0,2.0,243.0,14.0,6.0,27.0,5.0,35.0,24.0,3.0,41.0,36.0,,,,,Football Players Stats 2024-2025
2024-25,serie_a_league,Maat Daniel Caprini,it ITA,FW,Fiorentina,18.0,2006.0,1,0,7,0.1,0,0,0,0,0.0,0,0,0.0,0.0,0.0,0.0,1.0,3.0,0.0,0.0,5.0,6.0,83.3,0.0,0.0,0.0,0.0,0.0,0.0,0.0,13.0,0.0,2.0,0.0,5.0,0.0,0.0,0.0,0.0,2.0,0.0,0.0,0.0,2.0,,,,,Football Players Stats 2024-2025
2024-25,serie_a_league,Flavius Daniliuc,at AUT,DF,Hellas Verona,23.0,2001.0,18,9,1004,11.2,0,0,0,0,0.0,0,0,0.1,0.1,0.1,8.0,38.0,8.0,3.0,1.0,375.0,449.0,83.5,2.0,6.0,26.0,21.0,7.0,27.0,0.0,538.0,10.0,7.0,4.0,285.0,28.0,4.0,11.0,0.0,44.0,12.0,1.0,18.0,17.0,,,,,Football Players Stats 2024-2025
2024-25,serie_a_league,Danilo,br BRA,DF,Juventus,33.0,1991.0,12,6,581,6.5,0,1,0,0,0.0,2,0,0.1,0.1,0.4,16.0,45.0,7.0,1.0,0.0,519.0,573.0,90.6,3.0,3.0,10.0,4.0,9.0,21.0,1.0,625.0,4.0,0.0,0.0,381.0,51.0,9.0,10.0,1.0,24.0,11.0,0.0,16.0,7.0,,,,,Football Players Stats 2024-2025
2024-25,serie_a_league,Matteo Darmian,it ITA,DF,Inter,34.0,1989.0,29,20,1781,19.8,3,2,0,0,1.0,3,0,1.9,1.9,1.5,14.0,45.0,102.0,11.0,3.0,844.0,1007.0,83.8,15.0,32.0,28.0,17.0,10.0,39.0,0.0,1144.0,33.0,9.0,4.0,593.0,39.0,11.0,34.0,4.0,39.0,26.0,2.0,13.0,15.0,,,,,Football Players Stats 2024-2025
2024-25,serie_a_league,Juan David Cabal,co COL,DF,Juventus,23.0,2001.0,7,6,460,5.1,0,0,0,0,0.0,0,0,0.1,0.1,0.0,14.0,17.0,19.0,5.0,0.0,307.0,350.0,87.7,1.0,7.0,10.0,4.0,2.0,14.0,1.0,401.0,3.0,7.0,4.0,242.0,20.0,11.0,3.0,3.0,20.0,7.0,0.0,8.0,3.0,,,,,Football Players Stats 2024-2025
2024-25,serie_a_league,Keinan Davis,eng ENG,FW,Udinese,26.0,1998.0,23,10,1066,11.8,2,1,0,0,0.0,2,0,2.9,2.9,2.1,26.0,22.0,77.0,29.0,11.0,208.0,275.0,75.6,20.0,3.0,9.0,4.0,1.0,5.0,0.0,404.0,67.0,35.0,17.0,231.0,13.0,12.0,35.0,2.0,34.0,24.0,0.0,37.0,40.0,,,,,Football Players Stats 2024-2025
2024-25,serie_a_league,Paweł Dawidowicz,pl POL,"DF,MF",Hellas Verona,29.0,1995.0,26,24,1845,20.5,0,0,0,0,0.0,7,1,0.3,0.3,0.0,10.0,39.0,3.0,4.0,0.0,653.0,797.0,81.9,0.0,1.0,45.0,24.0,20.0,70.0,2.0,982.0,10.0,4.0,2.0,457.0,52.0,7.0,8.0,1.0,54.0,36.0,0.0,33.0,27.0,,,,,Football Players Stats 2024-2025
2024-25,serie_a_league,Charles De Ketelaere,be BEL,"MF,FW",Atalanta,23.0,2001.0,36,25,2070,23.0,7,7,0,0,0.0,1,0,7.3,7.3,6.0,108.0,140.0,211.0,48.0,20.0,754.0,995.0,75.8,39.0,56.0,13.0,9.0,3.0,9.0,1.0,1238.0,135.0,95.0,43.0,832.0,81.0,75.0,88.0,14.0,78.0,22.0,3.0,36.0,38.0,,,,,Football Players Stats 2024-2025
2024-25,serie_a_league,Mattia De Sciglio,it ITA,DF,Empoli,31.0,1992.0,16,7,769,8.5,1,0,0,0,0.0,0,0,0.6,0.6,0.2,4.0,18.0,7.0,5.0,3.0,233.0,299.0,77.9,3.0,7.0,18.0,13.0,8.0,35.0,1.0,394.0,9.0,4.0,1.0,161.0,12.0,3.0,8.0,0.0,27.0,8.0,1.0,6.0,2.0,,,,,Football Players Stats 2024-2025
2024-25,serie_a_league,Lorenzo De Silvestri,it ITA,DF,Bologna,36.0,1988.0,18,13,1060,11.8,1,0,0,0,0.0,1,0,0.8,0.8,0.3,4.0,46.0,30.0,9.0,4.0,446.0,564.0,79.1,5.0,23.0,11.0,6.0,10.0,32.0,0.0,657.0,11.0,5.0,1.0,313.0,40.0,7.0,14.0,2.0,26.0,17.0,0.0,12.0,16.0,,,,,Football Players Stats 2024-2025
2024-25,serie_a_league,Koni De Winter,be BEL,DF,Genoa,22.0,2002.0,25,23,2135,23.7,3,0,0,0,0.0,6,0,2.1,2.1,0.2,10.0,56.0,10.0,13.0,7.0,1116.0,1289.0,86.6,3.0,4.0,33.0,19.0,25.0,118.0,3.0,1551.0,34.0,17.0,6.0,807.0,42.0,6.0,15.0,1.0,114.0,43.0,1.0,74.0,34.0,,,,,Football Players Stats 2024-2025
2024-25,serie_a_league,Alessandro Deiola,it ITA,MF,Cagliari,28.0,1995.0,29,16,1432,15.9,2,1,0,0,0.0,6,0,1.7,1.7,0.6,11.0,40.0,36.0,18.0,5.0,384.0,523.0,73.4,6.0,14.0,31.0,20.0,13.0,38.0,0.0,686.0,20.0,4.0,3.0,332.0,45.0,4.0,26.0,3.0,68.0,32.0,2.0,37.0,29.0,,,,,Football Players Stats 2024-2025
2024-25,serie_a_league,Enrico Del Prato,it ITA,DF,Parma,24.0,1999.0,34,32,2947,32.7,4,0,0,0,0.0,8,0,2.0,2.0,1.2,8.0,81.0,31.0,12.0,5.0,1288.0,1534.0,84.0,14.0,16.0,33.0,17.0,19.0,132.0,2.0,1830.0,32.0,4.0,2.0,1006.0,68.0,10.0,32.0,1.0,120.0,20.0,1.0,38.0,43.0,,,,,Football Players Stats 2024-2025
2024-25,serie_a_league,Fisayo Dele-Bashiru,ng NGA,"MF,FW",Lazio,23.0,2001.0,20,12,947,10.5,3,1,0,0,0.0,0,0,1.1,1.1,0.8,23.0,26.0,57.0,16.0,5.0,315.0,359.0,87.7,10.0,7.0,10.0,6.0,4.0,5.0,0.0,436.0,29.0,22.0,14.0,257.0,23.0,11.0,24.0,1.0,48.0,8.0,0.0,3.0,13.0,,,,,Football Players Stats 2024-2025
2024-25,serie_a_league,Ali Dembélé,fr FRA,DF,Torino,20.0,2004.0,15,4,388,4.3,1,0,0,0,0.0,4,1,0.4,0.4,0.1,8.0,12.0,8.0,5.0,2.0,127.0,168.0,75.6,3.0,7.0,9.0,5.0,1.0,11.0,1.0,222.0,11.0,6.0,2.0,101.0,2.0,3.0,7.0,0.0,15.0,9.0,0.0,5.0,11.0,,,,,Football Players Stats 2024-2025
2024-25,serie_a_league,Michele Di Gregorio,it ITA,GK,Juventus,27.0,1997.0,33,33,2970,33.0,0,0,0,0,0.0,0,0,0.0,0.0,0.5,0.0,0.0,0.0,0.0,0.0,761.0,994.0,76.6,1.0,0.0,0.0,0.0,1.0,14.0,0.0,1046.0,0.0,0.0,0.0,672.0,25.0,0.0,2.0,0.0,36.0,0.0,0.0,7.0,1.0,14.0,32.0,71.0,0.0,Football Players Stats 2024-2025
2024-25,serie_a_league,Giovanni Di Lorenzo,it ITA,DF,Napoli,30.0,1993.0,37,37,3330,37.0,3,2,0,0,0.0,6,0,2.8,2.8,3.9,50.0,224.0,163.0,21.0,6.0,1870.0,2236.0,83.6,37.0,63.0,66.0,44.0,31.0,85.0,1.0,2541.0,67.0,31.0,4.0,1202.0,170.0,31.0,80.0,8.0,94.0,46.0,1.0,45.0,46.0,,,,,Football Players Stats 2024-2025
2024-25,serie_a_league,Boulaye Dia,sn SEN,"MF,FW",Lazio,27.0,1996.0,35,27,2177,24.2,9,3,0,0,0.0,2,0,7.1,7.1,4.2,23.0,51.0,114.0,39.0,19.0,494.0,591.0,83.6,26.0,2.0,22.0,10.0,6.0,16.0,1.0,802.0,94.0,42.0,17.0,452.0,37.0,14.0,55.0,8.0,55.0,23.0,2.0,21.0,56.0,,,,,Football Players Stats 2024-2025
2024-25,serie_a_league,Assane Diao,sn SEN,"FW,MF",Como,18.0,2005.0,15,14,1252,13.9,8,1,0,0,0.0,2,0,4.0,4.0,0.4,50.0,36.0,116.0,28.0,13.0,241.0,304.0,79.3,8.0,12.0,25.0,14.0,3.0,19.0,0.0,523.0,58.0,72.0,19.0,376.0,13.0,33.0,31.0,4.0,41.0,20.0,3.0,16.0,34.0,,,,,Football Players Stats 2024-2025
2024-25,serie_a_league,Federico Dimarco,it ITA,"DF,FW",Inter,26.0,1997.0,32,28,2140,23.8,4,7,0,0,0.0,3,0,3.3,3.3,6.1,47.0,83.0,232.0,55.0,20.0,973.0,1275.0,76.3,48.0,188.0,25.0,14.0,14.0,33.0,2.0,1475.0,90.0,10.0,4.0,789.0,47.0,35.0,96.0,14.0,76.0,18.0,2.0,7.0,13.0,,,,,Football Players Stats 2024-2025
2024-25,serie_a_league,Berat Djimsiti,al ALB,DF,Atalanta,31.0,1993.0,34,32,2640,29.3,1,2,0,0,1.0,6,0,2.7,2.7,1.3,32.0,109.0,42.0,20.0,4.0,1483.0,1691.0,87.7,11.0,11.0,53.0,33.0,40.0,141.0,2.0,2023.0,45.0,4.0,1.0,1097.0,84.0,34.0,30.0,7.0,102.0,23.0,0.0,90.0,58.0,,,,,Football Players Stats 2024-2025
2024-25,serie_a_league,Dodô,br BRA,DF,Fiorentina,25.0,1998.0,34,34,3025,33.6,0,4,0,0,0.0,8,0,1.4,1.4,4.2,143.0,128.0,193.0,25.0,5.0,1341.0,1728.0,77.6,36.0,142.0,44.0,29.0,34.0,58.0,2.0,2083.0,66.0,113.0,52.0,1278.0,80.0,84.0,75.0,11.0,183.0,24.0,8.0,12.0,16.0,,,,,Football Players Stats 2024-2025
2024-25,serie_a_league,Benjamín Domínguez,ar ARG,FW,Bologna,20.0,2003.0,24,16,1281,14.2,3,2,0,0,0.0,0,0,2.2,2.2,0.8,50.0,32.0,123.0,30.0,17.0,272.0,348.0,78.2,10.0,11.0,18.0,7.0,4.0,7.0,0.0,555.0,55.0,74.0,28.0,396.0,12.0,26.0,41.0,7.0,62.0,10.0,4.0,2.0,21.0,,,,,Football Players Stats 2024-2025
2024-25,serie_a_league,Patrick Dorgu,dk DEN,"DF,FW",Lecce,19.0,2004.0,21,21,1840,20.4,3,1,0,0,1.0,2,1,3.3,3.3,1.5,68.0,54.0,117.0,36.0,10.0,580.0,748.0,77.5,19.0,40.0,45.0,27.0,18.0,42.0,2.0,1011.0,50.0,44.0,13.0,557.0,42.0,40.0,58.0,7.0,99.0,24.0,9.0,31.0,21.0,,,,,Football Players Stats 2024-2025
2024-25,serie_a_league,Alberto Dossena,it ITA,DF,Como,25.0,1998.0,23,20,1825,20.3,0,2,0,0,0.0,1,1,0.8,0.8,0.7,4.0,36.0,1.0,12.0,3.0,894.0,1020.0,87.6,5.0,1.0,33.0,20.0,22.0,89.0,1.0,1220.0,20.0,6.0,4.0,693.0,33.0,1.0,11.0,2.0,68.0,22.0,0.0,59.0,24.0,,,,,Football Players Stats 2024-2025
2024-25,serie_a_league,Issa Doumbia,it ITA,MF,Venezia,20.0,2003.0,24,10,939,10.4,0,0,0,0,0.0,0,0,1.0,1.0,0.1,12.0,22.0,29.0,16.0,5.0,203.0,271.0,74.9,3.0,10.0,14.0,8.0,9.0,14.0,1.0,401.0,16.0,16.0,11.0,219.0,17.0,11.0,17.0,2.0,45.0,18.0,0.0,18.0,21.0,,,,,Football Players Stats 2024-2025
2024-25,serie_a_league,Anastasios Douvikas,gr GRE,FW,Como,24.0,1999.0,13,6,580,6.4,2,2,0,0,0.0,1,0,2.5,2.5,1.1,8.0,6.0,36.0,14.0,5.0,81.0,106.0,76.4,9.0,2.0,3.0,2.0,1.0,3.0,0.0,182.0,34.0,9.0,5.0,113.0,6.0,8.0,19.0,1.0,11.0,13.0,1.0,8.0,19.0,,,,,Football Players Stats 2024-2025
2024-25,serie_a_league,Artem Dovbyk,ua UKR,FW,Roma,27.0,1997.0,32,27,2418,26.9,12,2,2,2,0.0,0,0,11.9,10.3,2.4,24.0,16.0,175.0,61.0,25.0,321.0,433.0,74.1,25.0,1.0,4.0,2.0,2.0,12.0,0.0,654.0,145.0,18.0,7.0,355.0,17.0,10.0,52.0,6.0,26.0,30.0,1.0,42.0,60.0,,,,,Football Players Stats 2024-2025
2024-25,serie_a_league,Ondrej Duda,sk SVK,MF,Hellas Verona,29.0,1994.0,28,27,2395,26.6,1,3,0,0,0.0,12,1,1.0,1.0,3.2,23.0,117.0,26.0,25.0,5.0,943.0,1204.0,78.3,32.0,89.0,46.0,27.0,31.0,30.0,4.0,1467.0,5.0,42.0,25.0,711.0,101.0,26.0,73.0,7.0,188.0,51.0,4.0,14.0,15.0,,,,,Football Players Stats 2024-2025
2024-25,serie_a_league,Denzel Dumfries,nl NED,"DF,FW",Inter,28.0,1996.0,28,19,1865,20.7,7,2,0,0,0.0,4,0,5.4,5.4,3.2,55.0,51.0,173.0,36.0,19.0,603.0,831.0,72.6,21.0,54.0,25.0,15.0,6.0,26.0,1.0,1047.0,95.0,45.0,13.0,534.0,22.0,27.0,55.0,4.0,65.0,53.0,4.0,57.0,18.0,,,,,Football Players Stats 2024-2025
2024-25,serie_a_league,Alfred Duncan,gh GHA,MF,Venezia,31.0,1993.0,16,12,957,10.6,0,0,0,0,0.0,2,0,0.8,0.8,1.1,11.0,53.0,12.0,15.0,4.0,404.0,498.0,81.1,11.0,17.0,17.0,8.0,8.0,8.0,0.0,587.0,6.0,22.0,13.0,311.0,37.0,14.0,32.0,2.0,52.0,22.0,0.0,10.0,8.0,,,,,Football Players Stats 2024-2025
2024-25,serie_a_league,Paulo Dybala,ar ARG,"FW,MF",Roma,30.0,1993.0,24,16,1417,15.7,6,3,3,3,0.0,2,0,6.4,4.0,5.0,41.0,79.0,122.0,47.0,15.0,596.0,729.0,81.8,40.0,62.0,17.0,7.0,2.0,2.0,0.0,909.0,75.0,43.0,11.0,595.0,47.0,42.0,84.0,8.0,63.0,6.0,11.0,8.0,17.0,,,,,Football Players Stats 2024-2025
2024-25,serie_a_league,Enzo Ebosse,cm CMR,DF,Udinese,25.0,1999.0,2,0,90,1.0,0,0,0,0,0.0,1,0,0.0,0.0,0.0,0.0,5.0,0.0,0.0,0.0,48.0,55.0,87.3,1.0,0.0,0.0,0.0,1.0,1.0,0.0,61.0,0.0,1.0,1.0,34.0,7.0,0.0,3.0,0.0,5.0,1.0,0.0,1.0,0.0,,,,,Football Players Stats 2024-2025
2024-25,serie_a_league,Tyronne Ebuehi,ng NGA,"DF,MF",Empoli,28.0,1995.0,4,0,74,0.8,0,0,0,0,0.0,0,0,0.0,0.0,0.0,3.0,4.0,3.0,0.0,0.0,33.0,46.0,71.7,0.0,2.0,3.0,2.0,2.0,0.0,0.0,59.0,3.0,1.0,1.0,20.0,3.0,0.0,1.0,0.0,6.0,0.0,0.0,3.0,2.0,,,,,Football Players Stats 2024-2025
2024-25,serie_a_league,Éderson,br BRA,MF,Atalanta,25.0,1999.0,37,32,2881,32.0,4,1,0,0,0.0,5,1,4.1,4.1,4.3,40.0,216.0,79.0,39.0,12.0,1700.0,1966.0,86.5,37.0,23.0,52.0,32.0,35.0,36.0,1.0,2308.0,56.0,52.0,23.0,1490.0,193.0,57.0,98.0,10.0,186.0,31.0,2.0,53.0,36.0,,,,,Football Players Stats 2024-2025
2024-25,serie_a_league,Kingsley Ehizibue,nl NED,DF,Udinese,29.0,1995.0,33,30,2498,27.8,0,1,0,0,0.0,5,0,1.2,1.2,2.2,54.0,55.0,116.0,14.0,4.0,753.0,982.0,76.7,22.0,61.0,55.0,35.0,23.0,70.0,5.0,1272.0,35.0,30.0,12.0,576.0,29.0,36.0,51.0,2.0,110.0,33.0,3.0,29.0,33.0,,,,,Football Players Stats 2024-2025
2024-25,serie_a_league,Jeff Ekhator,it ITA,"FW,MF",Genoa,17.0,2006.0,24,6,769,8.5,1,1,0,0,0.0,1,0,1.3,1.3,1.0,4.0,14.0,51.0,10.0,3.0,110.0,165.0,66.7,11.0,10.0,7.0,4.0,2.0,5.0,0.0,254.0,26.0,13.0,4.0,130.0,8.0,5.0,21.0,2.0,32.0,15.0,4.0,15.0,32.0,,,,,Football Players Stats 2024-2025
2024-25,serie_a_league,Jurgen Ekkelenkamp,nl NED,MF,Udinese,24.0,2000.0,34,20,1892,21.0,3,2,0,0,0.0,2,0,2.8,2.8,1.3,34.0,72.0,86.0,27.0,9.0,550.0,690.0,79.7,15.0,12.0,36.0,25.0,12.0,26.0,0.0,868.0,39.0,30.0,10.0,457.0,42.0,28.0,38.0,6.0,82.0,29.0,1.0,18.0,13.0,,,,,Football Players Stats 2024-2025
2024-25,serie_a_league,Emmanuel Ekong,se SWE,"MF,FW",Empoli,22.0,2002.0,15,0,186,2.1,0,0,0,0,0.0,1,0,0.1,0.1,0.1,8.0,5.0,19.0,4.0,1.0,30.0,44.0,68.2,2.0,0.0,4.0,3.0,1.0,1.0,0.0,84.0,6.0,20.0,7.0,50.0,2.0,2.0,6.0,0.0,10.0,3.0,0.0,2.0,7.0,,,,,Football Players Stats 2024-2025
2024-25,serie_a_league,Caleb Ekuban,gh GHA,FW,Genoa,30.0,1994.0,18,3,555,6.2,1,3,0,0,0.0,1,0,2.8,2.8,0.8,7.0,8.0,42.0,18.0,6.0,72.0,107.0,67.3,8.0,3.0,3.0,3.0,1.0,6.0,0.0,174.0,26.0,10.0,3.0,97.0,6.0,4.0,14.0,3.0,20.0,15.0,1.0,12.0,19.0,,,,,Football Players Stats 2024-2025
2024-25,serie_a_league,Mikael Ellertsson,is ISL,"DF,MF",Venezia,22.0,2002.0,36,29,2470,27.4,2,2,0,0,0.0,2,0,1.1,1.1,1.6,33.0,36.0,92.0,21.0,4.0,431.0,607.0,71.0,20.0,28.0,58.0,26.0,17.0,79.0,0.0,938.0,51.0,42.0,16.0,460.0,23.0,21.0,46.0,5.0,74.0,22.0,5.0,16.0,16.0,,,,,Football Players Stats 2024-2025
2024-25,serie_a_league,Elif Elmas,mk MKD,"FW,MF",Torino,24.0,1999.0,13,12,1021,11.3,4,0,0,0,0.0,0,0,1.4,1.4,0.4,42.0,34.0,58.0,19.0,9.0,270.0,336.0,80.4,9.0,23.0,10.0,7.0,6.0,5.0,2.0,444.0,38.0,38.0,13.0,303.0,22.0,28.0,29.0,3.0,33.0,13.0,2.0,2.0,3.0,,,,,Football Players Stats 2024-2025
2024-25,serie_a_league,Emerson,br BRA,DF,Milan,25.0,1999.0,17,16,1377,15.3,0,0,0,0,0.0,5,0,0.4,0.4,0.7,23.0,68.0,71.0,10.0,2.0,784.0,909.0,86.2,15.0,45.0,45.0,28.0,14.0,56.0,0.0,1102.0,22.0,18.0,7.0,584.0,44.0,19.0,33.0,1.0,59.0,34.0,2.0,24.0,14.0,,,,,Football Players Stats 2024-2025
2024-25,serie_a_league,Yannik Engelhardt,de GER,"MF,DF",Como,23.0,2001.0,26,11,1164,12.9,1,1,0,0,0.0,4,0,0.6,0.6,1.5,18.0,54.0,18.0,8.0,2.0,622.0,701.0,88.7,12.0,1.0,30.0,12.0,11.0,27.0,0.0,836.0,16.0,15.0,9.0,525.0,39.0,13.0,24.0,2.0,62.0,21.0,1.0,11.0,9.0,,,,,Football Players Stats 2024-2025
2024-25,serie_a_league,Martin Erlic,hr CRO,DF,Bologna,26.0,1998.0,8,5,334,3.7,0,0,0,0,0.0,0,0,0.2,0.2,0.0,4.0,11.0,1.0,6.0,0.0,220.0,240.0,91.7,0.0,0.0,2.0,0.0,2.0,9.0,0.0,268.0,7.0,1.0,0.0,179.0,12.0,1.0,4.0,1.0,11.0,7.0,1.0,10.0,9.0,,,,,Football Players Stats 2024-2025
2024-25,serie_a_league,Sebastiano Esposito,it ITA,"FW,MF",Empoli,22.0,2002.0,33,27,2331,25.9,8,0,1,2,0.0,1,0,5.7,4.2,2.1,31.0,93.0,106.0,59.0,19.0,445.0,739.0,60.2,36.0,55.0,57.0,29.0,12.0,14.0,0.0,1081.0,95.0,67.0,29.0,565.0,57.0,26.0,79.0,6.0,106.0,47.0,7.0,26.0,56.0,,,,,Football Players Stats 2024-2025
2024-25,serie_a_league,Estanis,es ESP,FW,Bologna,20.0,2003.0,1,0,9,0.1,0,0,0,0,0.0,0,0,0.1,0.1,0.2,1.0,0.0,1.0,2.0,0.0,7.0,8.0,87.5,2.0,0.0,0.0,0.0,0.0,0.0,0.0,13.0,6.0,3.0,2.0,5.0,0.0,0.0,3.0,0.0,0.0,1.0,0.0,0.0,0.0,,,,,Football Players Stats 2024-2025
2024-25,serie_a_league,Nahuel Estévez,ar ARG,MF,Parma,28.0,1995.0,14,7,657,7.3,0,0,0,0,0.0,3,0,0.1,0.1,0.8,3.0,30.0,4.0,5.0,1.0,237.0,313.0,75.7,6.0,16.0,16.0,6.0,3.0,26.0,0.0,379.0,2.0,3.0,3.0,148.0,26.0,0.0,13.0,1.0,28.0,9.0,0.0,14.0,3.0,,,,,Football Players Stats 2024-2025
2024-25,serie_a_league,Giovanni Fabbian,it ITA,MF,Bologna,21.0,2003.0,30,9,1023,11.4,3,1,0,0,0.0,2,0,2.3,2.3,1.3,14.0,17.0,43.0,21.0,5.0,151.0,210.0,71.9,9.0,9.0,10.0,6.0,2.0,4.0,0.0,328.0,47.0,16.0,2.0,198.0,15.0,6.0,19.0,0.0,31.0,21.0,1.0,19.0,35.0,,,,,Football Players Stats 2024-2025
2024-25,serie_a_league,Alieu Fadera,gm GAM,"FW,DF",Como,22.0,2001.0,28,20,1644,18.3,1,3,0,0,0.0,2,1,1.7,1.7,4.0,74.0,36.0,160.0,28.0,9.0,441.0,591.0,74.6,23.0,39.0,64.0,47.0,12.0,10.0,0.0,844.0,60.0,68.0,26.0,544.0,14.0,34.0,54.0,7.0,95.0,40.0,6.0,11.0,15.0,,,,,Football Players Stats 2024-2025
2024-25,serie_a_league,Nicolò Fagioli,it ITA,MF,Fiorentina,23.0,2001.0,15,10,962,10.7,1,2,0,0,0.0,0,0,0.5,0.5,3.0,15.0,50.0,19.0,10.0,4.0,519.0,617.0,84.1,23.0,27.0,19.0,10.0,5.0,12.0,2.0,713.0,8.0,22.0,10.0,480.0,45.0,27.0,43.0,4.0,46.0,8.0,1.0,1.0,4.0,,,,,Football Players Stats 2024-2025
2024-25,serie_a_league,Nicolò Fagioli,it ITA,MF,Juventus,23.0,2001.0,17,5,571,6.3,0,0,0,0,0.0,4,0,0.6,0.6,0.1,19.0,41.0,18.0,12.0,1.0,370.0,418.0,88.5,4.0,13.0,14.0,10.0,2.0,5.0,0.0,470.0,10.0,3.0,2.0,311.0,36.0,22.0,10.0,1.0,33.0,11.0,0.0,2.0,2.0,,,,,Football Players Stats 2024-2025
2024-25,serie_a_league,Wladimiro Falcone,it ITA,GK,Lecce,29.0,1995.0,38,38,3420,38.0,0,0,0,0,0.0,2,0,0.0,0.0,0.0,0.0,0.0,0.0,0.0,0.0,731.0,1200.0,60.9,0.0,0.0,0.0,0.0,0.0,29.0,3.0,1321.0,0.0,0.0,0.0,727.0,22.0,0.0,11.0,1.0,32.0,1.0,0.0,13.0,0.0,9.0,58.0,125.0,1.0,Football Players Stats 2024-2025
2024-25,serie_a_league,Davide Faraoni,it ITA,DF,Hellas Verona,32.0,1991.0,8,3,260,2.9,0,0,0,0,0.0,1,0,0.2,0.2,0.1,2.0,3.0,13.0,1.0,0.0,65.0,95.0,68.4,2.0,12.0,10.0,9.0,2.0,12.0,1.0,136.0,4.0,1.0,0.0,55.0,6.0,1.0,3.0,0.0,9.0,7.0,0.0,1.0,9.0,,,,,Football Players Stats 2024-2025
2024-25,serie_a_league,Jacopo Fazzini,it ITA,MF,Empoli,21.0,2003.0,20,16,1383,15.4,4,1,0,0,0.0,1,1,3.1,3.1,0.5,34.0,49.0,88.0,27.0,9.0,305.0,426.0,71.6,12.0,32.0,32.0,19.0,6.0,24.0,0.0,639.0,43.0,48.0,23.0,364.0,27.0,25.0,49.0,7.0,70.0,23.0,7.0,19.0,24.0,,,,,Football Players Stats 2024-2025
2024-25,serie_a_league,Mattia Felici,it ITA,"MF,FW",Cagliari,23.0,2001.0,20,9,925,10.3,0,3,0,0,0.0,1,0,0.6,0.6,1.0,39.0,19.0,75.0,10.0,6.0,188.0,277.0,67.9,10.0,25.0,17.0,12.0,7.0,7.0,1.0,422.0,37.0,57.0,19.0,259.0,12.0,18.0,31.0,4.0,51.0,18.0,1.0,7.0,10.0,,,,,Football Players Stats 2024-2025
2024-25,serie_a_league,João Félix,pt POR,MF,Milan,24.0,1999.0,15,8,760,8.4,2,0,0,0,0.0,3,0,2.7,2.7,1.2,20.0,40.0,56.0,29.0,8.0,246.0,301.0,81.7,10.0,5.0,6.0,6.0,1.0,9.0,0.0,408.0,43.0,35.0,15.0,275.0,31.0,24.0,35.0,6.0,30.0,12.0,3.0,7.0,7.0,,,,,Football Players Stats 2024-2025
2024-25,serie_a_league,Lewis Ferguson,sct SCO,MF,Bologna,24.0,1999.0,16,10,983,10.9,1,1,1,1,0.0,0,0,1.0,0.2,1.1,20.0,53.0,26.0,5.0,1.0,569.0,658.0,86.5,14.0,18.0,24.0,13.0,5.0,9.0,0.0,748.0,18.0,9.0,5.0,471.0,57.0,21.0,32.0,1.0,28.0,27.0,0.0,16.0,14.0,,,,,Football Players Stats 2024-2025
2024-25,serie_a_league,Daniel Fila,cz CZE,FW,Venezia,21.0,2002.0,10,6,492,5.5,2,0,0,0,0.0,3,1,1.4,1.4,0.3,5.0,8.0,30.0,8.0,5.0,70.0,90.0,77.8,6.0,0.0,2.0,0.0,0.0,5.0,0.0,147.0,19.0,4.0,2.0,82.0,4.0,6.0,15.0,0.0,9.0,13.0,3.0,7.0,20.0,,,,,Football Players Stats 2024-2025
2024-25,serie_a_league,Alessandro Florenzi,it ITA,FW,Milan,33.0,1991.0,1,0,5,0.1,0,0,0,0,0.0,0,0,0.0,0.0,0.0,0.0,0.0,0.0,0.0,0.0,3.0,4.0,75.0,0.0,1.0,0.0,0.0,0.0,0.0,0.0,4.0,0.0,0.0,0.0,4.0,0.0,0.0,0.0,0.0,0.0,0.0,0.0,0.0,0.0,,,,,Football Players Stats 2024-2025
2024-25,serie_a_league,Youssouf Fofana,fr FRA,MF,Milan,25.0,1999.0,35,29,2504,27.8,1,6,0,0,0.0,5,0,1.3,1.3,3.4,44.0,176.0,32.0,36.0,5.0,1237.0,1444.0,85.7,23.0,10.0,56.0,34.0,19.0,24.0,3.0,1655.0,21.0,31.0,14.0,986.0,140.0,49.0,62.0,6.0,151.0,28.0,0.0,11.0,21.0,,,,,Football Players Stats 2024-2025
2024-25,serie_a_league,Michael Folorunsho,it ITA,"FW,MF",Fiorentina,26.0,1998.0,14,6,650,7.2,0,0,0,0,0.0,5,0,1.1,1.1,0.6,13.0,21.0,33.0,9.0,3.0,178.0,252.0,70.6,3.0,21.0,19.0,12.0,4.0,10.0,0.0,342.0,16.0,18.0,9.0,190.0,13.0,5.0,14.0,1.0,29.0,15.0,1.0,16.0,11.0,,,,,Football Players Stats 2024-2025
2024-25,serie_a_league,Michael Folorunsho,it ITA,"FW,MF",Napoli,26.0,1998.0,6,0,35,0.4,0,0,0,0,0.0,0,0,0.1,0.1,0.0,0.0,0.0,2.0,1.0,0.0,10.0,14.0,71.4,0.0,0.0,3.0,2.0,1.0,1.0,1.0,26.0,1.0,3.0,0.0,6.0,0.0,0.0,0.0,0.0,2.0,2.0,0.0,2.0,2.0,,,,,Football Players Stats 2024-2025
2024-25,serie_a_league,Omari Forson,eng ENG,"MF,FW",Monza,20.0,2004.0,9,1,223,2.5,0,0,0,0,0.0,0,0,0.2,0.2,0.5,14.0,10.0,18.0,5.0,1.0,92.0,113.0,81.4,8.0,9.0,3.0,3.0,1.0,1.0,0.0,140.0,2.0,9.0,6.0,103.0,7.0,14.0,14.0,0.0,11.0,2.0,1.0,0.0,2.0,,,,,Football Players Stats 2024-2025
2024-25,serie_a_league,Davide Frattesi,it ITA,MF,Inter,24.0,1999.0,27,9,1158,12.9,5,1,0,0,0.0,1,0,4.0,4.0,0.8,23.0,31.0,50.0,26.0,7.0,297.0,360.0,82.5,7.0,8.0,17.0,8.0,5.0,14.0,1.0,499.0,44.0,18.0,7.0,296.0,20.0,15.0,19.0,2.0,48.0,11.0,2.0,10.0,13.0,,,,,Football Players Stats 2024-2025
2024-25,serie_a_league,Morten Frendrup,dk DEN,MF,Genoa,23.0,2001.0,35,35,3103,34.5,2,0,0,0,1.0,5,0,1.6,1.6,0.9,24.0,106.0,29.0,30.0,9.0,1067.0,1250.0,85.4,14.0,3.0,102.0,61.0,47.0,57.0,0.0,1647.0,22.0,24.0,10.0,737.0,79.0,20.0,53.0,4.0,184.0,51.0,3.0,30.0,37.0,,,,,Football Players Stats 2024-2025
2024-25,serie_a_league,Martin Frese,dk DEN,DF,Hellas Verona,26.0,1998.0,11,5,549,6.1,0,0,0,0,0.0,0,0,0.1,0.1,0.2,7.0,19.0,12.0,2.0,0.0,182.0,256.0,71.1,5.0,10.0,18.0,11.0,8.0,16.0,1.0,320.0,4.0,2.0,0.0,153.0,14.0,6.0,10.0,1.0,14.0,9.0,1.0,10.0,10.0,,,,,Football Players Stats 2024-2025
2024-25,serie_a_league,Remo Freuler,ch SUI,MF,Bologna,32.0,1992.0,37,37,3204,35.6,1,2,0,0,0.0,6,0,1.3,1.3,1.5,39.0,208.0,56.0,17.0,4.0,1704.0,1944.0,87.7,36.0,19.0,79.0,40.0,38.0,57.0,1.0,2245.0,32.0,13.0,5.0,1216.0,204.0,44.0,74.0,3.0,146.0,47.0,1.0,28.0,28.0,,,,,Football Players Stats 2024-2025
2024-25,serie_a_league,Matteo Gabbia,it ITA,DF,Milan,24.0,1999.0,26,24,2152,23.9,2,0,0,0,0.0,4,0,1.1,1.1,0.2,13.0,74.0,2.0,14.0,4.0,1316.0,1443.0,91.2,2.0,2.0,21.0,15.0,15.0,103.0,1.0,1635.0,21.0,1.0,1.0,1023.0,82.0,5.0,22.0,3.0,69.0,20.0,1.0,47.0,36.0,,,,,Football Players Stats 2024-2025
2024-25,serie_a_league,Tommaso Gabellini,it ITA,FW,Torino,17.0,2006.0,1,0,10,0.1,0,0,0,0,0.0,0,0,0.1,0.1,0.0,1.0,0.0,0.0,1.0,0.0,1.0,3.0,33.3,0.0,0.0,0.0,0.0,0.0,0.0,0.0,4.0,0.0,0.0,0.0,4.0,0.0,1.0,0.0,0.0,1.0,0.0,0.0,0.0,0.0,,,,,Football Players Stats 2024-2025
2024-25,serie_a_league,Tiago Gabriel,pt POR,DF,Lecce,19.0,2004.0,2,0,96,1.1,0,0,0,0,0.0,0,0,0.0,0.0,0.0,0.0,1.0,0.0,0.0,0.0,35.0,40.0,87.5,0.0,0.0,0.0,0.0,0.0,11.0,0.0,56.0,0.0,0.0,0.0,31.0,3.0,0.0,1.0,0.0,2.0,0.0,0.0,5.0,1.0,,,,,Football Players Stats 2024-2025
2024-25,serie_a_league,Alessandro Gabrielloni,it ITA,"FW,MF",Como,30.0,1994.0,15,0,142,1.6,1,1,0,0,0.0,1,0,0.3,0.3,0.8,5.0,6.0,13.0,5.0,2.0,28.0,49.0,57.1,4.0,1.0,0.0,0.0,0.0,1.0,0.0,64.0,7.0,0.0,0.0,43.0,3.0,2.0,6.0,1.0,12.0,6.0,1.0,3.0,11.0,,,,,Football Players Stats 2024-2025
2024-25,serie_a_league,Gianluca Gaetano,it ITA,"MF,FW",Cagliari,24.0,2000.0,28,8,1009,11.2,2,4,0,0,0.0,0,0,4.9,4.9,2.2,11.0,41.0,82.0,30.0,6.0,258.0,357.0,72.3,22.0,24.0,11.0,8.0,6.0,8.0,0.0,490.0,43.0,27.0,14.0,297.0,27.0,15.0,48.0,5.0,34.0,16.0,3.0,10.0,20.0,,,,,Football Players Stats 2024-2025
2024-25,serie_a_league,Roberto Gagliardini,it ITA,"MF,DF",Monza,30.0,1994.0,8,0,180,2.0,0,0,0,0,0.0,1,0,0.0,0.0,0.2,5.0,11.0,3.0,0.0,0.0,107.0,124.0,86.3,1.0,1.0,3.0,2.0,2.0,4.0,0.0,141.0,1.0,2.0,1.0,101.0,12.0,1.0,4.0,0.0,6.0,6.0,1.0,4.0,6.0,,,,,Football Players Stats 2024-2025
2024-25,serie_a_league,Antonino Gallo,it ITA,DF,Lecce,24.0,2000.0,31,31,2609,29.0,0,2,0,0,2.0,3,1,0.3,0.3,2.7,57.0,107.0,110.0,9.0,3.0,822.0,1241.0,66.2,44.0,116.0,65.0,42.0,20.0,133.0,0.0,1587.0,15.0,29.0,13.0,662.0,78.0,39.0,72.0,3.0,116.0,12.0,1.0,26.0,37.0,,,,,Football Players Stats 2024-2025
2024-25,serie_a_league,Silvère Ganvoula M'Boussy,cg CGO,FW,Monza,28.0,1996.0,7,4,326,3.6,0,0,0,0,0.0,0,0,0.4,0.4,0.2,3.0,4.0,21.0,4.0,1.0,37.0,60.0,61.7,1.0,0.0,0.0,0.0,1.0,5.0,0.0,103.0,11.0,8.0,2.0,73.0,3.0,4.0,4.0,0.0,6.0,4.0,1.0,15.0,12.0,,,,,Football Players Stats 2024-2025
2024-25,serie_a_league,Federico Gatti,it ITA,DF,Juventus,26.0,1998.0,30,26,2195,24.4,1,0,0,0,0.0,2,0,2.5,2.5,0.5,24.0,73.0,6.0,25.0,9.0,1387.0,1460.0,95.0,6.0,1.0,28.0,23.0,18.0,76.0,2.0,1687.0,27.0,13.0,7.0,1165.0,58.0,14.0,26.0,2.0,110.0,20.0,1.0,37.0,26.0,,,,,Football Players Stats 2024-2025
2024-25,serie_a_league,David de Gea,es ESP,GK,Fiorentina,33.0,1990.0,34,34,3060,34.0,0,1,0,0,0.0,1,0,0.0,0.0,0.4,0.0,0.0,0.0,0.0,0.0,832.0,1136.0,73.2,3.0,0.0,1.0,0.0,0.0,12.0,0.0,1207.0,0.0,0.0,0.0,675.0,22.0,0.0,10.0,3.0,26.0,0.0,0.0,6.0,0.0,10.0,38.0,94.0,2.0,Football Players Stats 2024-2025
2024-25,serie_a_league,Valentin Gendrey,fr FRA,DF,Lecce,24.0,2000.0,2,2,180,2.0,0,0,0,0,0.0,0,0,0.2,0.2,0.1,7.0,5.0,4.0,2.0,0.0,42.0,55.0,76.4,2.0,3.0,2.0,2.0,2.0,1.0,0.0,69.0,3.0,0.0,0.0,32.0,5.0,4.0,3.0,0.0,3.0,1.0,0.0,1.0,3.0,,,,,Football Players Stats 2024-2025
2024-25,serie_a_league,Daniele Ghilardi,it ITA,DF,Hellas Verona,21.0,2003.0,24,21,2029,22.5,0,0,0,0,0.0,7,1,0.6,0.6,0.2,16.0,57.0,7.0,12.0,4.0,633.0,807.0,78.4,6.0,10.0,44.0,29.0,30.0,106.0,0.0,1070.0,18.0,9.0,2.0,529.0,59.0,16.0,16.0,1.0,55.0,33.0,4.0,41.0,41.0,,,,,Football Players Stats 2024-2025
2024-25,serie_a_league,Lautaro Gianetti,ar ARG,DF,Udinese,30.0,1993.0,15,11,878,9.8,1,0,0,0,2.0,4,0,0.1,0.0,0.1,0.0,19.0,3.0,2.0,2.0,317.0,384.0,82.6,2.0,0.0,22.0,10.0,15.0,49.0,1.0,499.0,8.0,2.0,0.0,207.0,13.0,1.0,4.0,0.0,28.0,7.0,0.0,30.0,12.0,,,,,Football Players Stats 2024-2025
2024-25,serie_a_league,Samuel Gigot,fr FRA,DF,Lazio,30.0,1993.0,15,7,683,7.6,2,0,0,0,0.0,2,0,1.3,1.3,0.0,7.0,12.0,5.0,4.0,3.0,287.0,312.0,92.0,0.0,0.0,4.0,3.0,13.0,36.0,0.0,391.0,8.0,2.0,1.0,205.0,13.0,3.0,6.0,1.0,15.0,8.0,0.0,18.0,5.0,,,,,Football Players Stats 2024-2025
2024-25,serie_a_league,Mario Gila,es ESP,DF,Lazio,23.0,2000.0,32,31,2741,30.5,1,0,0,0,1.0,8,0,1.1,1.1,0.6,48.0,157.0,12.0,15.0,4.0,1877.0,2049.0,91.6,15.0,6.0,55.0,37.0,28.0,115.0,4.0,2339.0,28.0,15.0,4.0,1477.0,161.0,37.0,38.0,1.0,153.0,32.0,0.0,66.0,62.0,,,,,Football Players Stats 2024-2025
2024-25,serie_a_league,Billy Gilmour,sct SCO,MF,Napoli,23.0,2001.0,26,13,1177,13.1,0,1,0,0,0.0,0,0,0.5,0.5,1.8,11.0,67.0,18.0,9.0,1.0,804.0,908.0,88.5,21.0,18.0,24.0,16.0,9.0,23.0,0.0,1006.0,5.0,10.0,5.0,540.0,65.0,12.0,40.0,4.0,64.0,14.0,2.0,9.0,10.0,,,,,Football Players Stats 2024-2025
2024-25,serie_a_league,Santiago Giménez,mx MEX,FW,Milan,23.0,2001.0,14,7,669,7.4,5,2,0,1,0.0,3,1,4.8,4.0,0.9,13.0,6.0,38.0,22.0,9.0,79.0,98.0,80.6,6.0,2.0,5.0,3.0,1.0,13.0,0.0,189.0,37.0,19.0,7.0,101.0,5.0,5.0,16.0,4.0,14.0,11.0,0.0,7.0,11.0,,,,,Football Players Stats 2024-2025
2024-25,serie_a_league,Gvidas Gineitis,lt LTU,MF,Torino,20.0,2004.0,30,15,1430,15.9,3,1,0,0,0.0,5,0,1.3,1.3,2.0,15.0,36.0,43.0,29.0,8.0,399.0,534.0,74.7,21.0,51.0,25.0,15.0,18.0,32.0,0.0,715.0,24.0,17.0,8.0,388.0,38.0,10.0,39.0,2.0,57.0,23.0,2.0,14.0,18.0,,,,,Football Players Stats 2024-2025
2024-25,serie_a_league,Ben Godfrey,eng ENG,DF,Atalanta,26.0,1998.0,1,0,23,0.3,0,0,0,0,0.0,0,0,0.0,0.0,0.0,0.0,1.0,1.0,0.0,0.0,8.0,10.0,80.0,0.0,0.0,0.0,0.0,0.0,0.0,0.0,12.0,1.0,0.0,0.0,6.0,2.0,0.0,0.0,0.0,2.0,1.0,0.0,0.0,0.0,,,,,Football Players Stats 2024-2025
2024-25,serie_a_league,Saba Goglichidze,ge GEO,DF,Empoli,20.0,2004.0,33,29,2539,28.2,0,1,0,0,0.0,3,1,0.3,0.3,0.3,12.0,45.0,9.0,6.0,0.0,724.0,929.0,77.9,3.0,5.0,64.0,37.0,33.0,97.0,3.0,1200.0,13.0,10.0,4.0,564.0,48.0,13.0,13.0,2.0,108.0,26.0,0.0,28.0,54.0,,,,,Football Players Stats 2024-2025
2024-25,serie_a_league,Edoardo Goldaniga,it ITA,DF,Como,30.0,1993.0,32,28,2532,28.1,1,0,0,0,0.0,12,1,2.5,2.5,0.3,20.0,81.0,8.0,12.0,5.0,1310.0,1517.0,86.4,4.0,9.0,34.0,21.0,33.0,102.0,3.0,1757.0,25.0,7.0,3.0,1008.0,80.0,16.0,25.0,3.0,74.0,44.0,0.0,52.0,35.0,,,,,Football Players Stats 2024-2025
2024-25,serie_a_league,Pierluigi Gollini,it ITA,GK,Genoa,29.0,1995.0,7,7,630,7.0,0,0,0,0,0.0,1,0,0.0,0.0,0.0,0.0,0.0,0.0,0.0,0.0,206.0,250.0,82.4,0.0,0.0,0.0,0.0,0.0,2.0,1.0,269.0,0.0,0.0,0.0,131.0,3.0,0.0,4.0,0.0,5.0,0.0,0.0,0.0,0.0,1.0,15.0,16.0,1.0,Football Players Stats 2024-2025
2024-25,serie_a_league,Nicolás González,ar ARG,"FW,MF",Juventus,26.0,1998.0,26,23,1750,19.4,3,2,0,0,0.0,3,0,4.1,4.1,1.1,35.0,69.0,123.0,45.0,21.0,484.0,637.0,76.0,19.0,15.0,24.0,13.0,9.0,37.0,2.0,883.0,65.0,53.0,17.0,458.0,28.0,40.0,47.0,4.0,69.0,30.0,4.0,59.0,47.0,,,,,Football Players Stats 2024-2025
2024-25,serie_a_league,Robin Gosens,de GER,DF,Fiorentina,30.0,1994.0,31,28,2434,27.0,5,5,0,0,0.0,6,0,1.8,1.8,2.4,31.0,102.0,91.0,23.0,8.0,1020.0,1334.0,76.5,27.0,63.0,56.0,31.0,18.0,91.0,0.0,1606.0,56.0,10.0,4.0,781.0,71.0,21.0,66.0,14.0,69.0,24.0,1.0,71.0,43.0,,,,,Football Players Stats 2024-2025
2024-25,serie_a_league,Lucas Gourna-Douath,fr FRA,MF,Roma,20.0,2003.0,6,2,229,2.5,0,0,0,0,0.0,2,0,0.1,0.1,0.1,4.0,9.0,9.0,3.0,0.0,104.0,114.0,91.2,2.0,2.0,9.0,4.0,0.0,2.0,0.0,147.0,3.0,5.0,2.0,76.0,11.0,2.0,4.0,0.0,8.0,9.0,0.0,0.0,4.0,,,,,Football Players Stats 2024-2025
2024-25,serie_a_league,Alberto Grassi,it ITA,MF,Empoli,29.0,1995.0,28,27,2203,24.5,1,0,0,0,0.0,8,0,1.0,1.0,0.8,18.0,74.0,24.0,11.0,4.0,634.0,850.0,74.6,7.0,10.0,39.0,21.0,33.0,43.0,1.0,1058.0,26.0,12.0,5.0,441.0,65.0,12.0,27.0,2.0,124.0,28.0,3.0,29.0,21.0,,,,,Football Players Stats 2024-2025
2024-25,serie_a_league,Mattéo Guendouzi,fr FRA,MF,Lazio,25.0,1999.0,37,37,3270,36.3,1,3,0,0,0.0,7,0,1.4,1.4,3.2,89.0,316.0,64.0,27.0,8.0,1961.0,2183.0,89.8,43.0,21.0,37.0,21.0,32.0,50.0,2.0,2437.0,39.0,25.0,15.0,1549.0,287.0,81.0,118.0,7.0,173.0,28.0,1.0,18.0,22.0,,,,,Football Players Stats 2024-2025
2024-25,serie_a_league,Frederic Guilbert,fr FRA,DF,Lecce,29.0,1994.0,31,31,2435,27.1,0,1,0,0,0.0,3,2,0.3,0.3,1.8,48.0,88.0,45.0,11.0,0.0,981.0,1278.0,76.8,19.0,54.0,65.0,36.0,47.0,113.0,3.0,1610.0,8.0,37.0,18.0,665.0,81.0,34.0,45.0,2.0,84.0,33.0,0.0,40.0,29.0,,,,,Football Players Stats 2024-2025
2024-25,serie_a_league,Albert Guðmundsson,is ISL,"FW,MF",Fiorentina,27.0,1997.0,24,16,1273,14.1,6,1,2,2,0.0,2,0,4.5,2.9,1.8,35.0,37.0,59.0,25.0,13.0,415.0,500.0,83.0,15.0,24.0,9.0,5.0,6.0,9.0,1.0,624.0,32.0,27.0,15.0,402.0,34.0,27.0,39.0,5.0,53.0,13.0,4.0,4.0,12.0,,,,,Football Players Stats 2024-2025
2024-25,serie_a_league,Emmanuel Gyasi,gh GHA,"DF,FW",Empoli,30.0,1994.0,37,37,3217,35.7,2,1,0,0,1.0,5,0,3.9,3.9,0.7,22.0,53.0,108.0,22.0,8.0,836.0,1084.0,77.1,17.0,37.0,52.0,29.0,11.0,77.0,0.0,1390.0,51.0,35.0,20.0,570.0,44.0,18.0,40.0,5.0,135.0,56.0,1.0,43.0,68.0,,,,,Football Players Stats 2024-2025
2024-25,serie_a_league,Christian Gytkjær,dk DEN,FW,Venezia,34.0,1990.0,29,6,754,8.4,2,1,1,1,0.0,0,0,2.4,1.6,0.5,3.0,5.0,52.0,16.0,5.0,87.0,157.0,55.4,7.0,1.0,6.0,4.0,0.0,8.0,0.0,235.0,27.0,5.0,1.0,132.0,5.0,3.0,14.0,2.0,15.0,11.0,1.0,23.0,57.0,,,,,Football Players Stats 2024-2025
2024-25,serie_a_league,Nicolas Haas,ch SUI,MF,Empoli,28.0,1996.0,10,2,287,3.2,0,0,0,0,0.0,1,0,0.0,0.0,0.1,2.0,9.0,2.0,1.0,0.0,99.0,121.0,81.8,2.0,0.0,11.0,8.0,4.0,6.0,0.0,155.0,1.0,1.0,0.0,73.0,5.0,1.0,8.0,0.0,19.0,11.0,0.0,3.0,5.0,,,,,Football Players Stats 2024-2025
2024-25,serie_a_league,Saad El Haddad,ma MAR,MF,Venezia,19.0,2005.0,3,0,30,0.3,0,0,0,0,0.0,0,0,0.0,0.0,0.0,1.0,1.0,6.0,0.0,0.0,11.0,14.0,78.6,1.0,0.0,0.0,0.0,0.0,0.0,0.0,22.0,1.0,0.0,0.0,15.0,1.0,0.0,2.0,0.0,1.0,1.0,0.0,0.0,1.0,,,,,Football Players Stats 2024-2025
2024-25,serie_a_league,Antoine Hainaut,fr FRA,"DF,FW",Parma,22.0,2002.0,25,10,1206,13.4,2,0,0,0,0.0,4,0,0.8,0.8,1.0,22.0,34.0,37.0,6.0,3.0,372.0,496.0,75.0,9.0,26.0,26.0,14.0,15.0,59.0,1.0,676.0,14.0,27.0,13.0,322.0,28.0,14.0,19.0,2.0,58.0,13.0,1.0,33.0,16.0,,,,,Football Players Stats 2024-2025
2024-25,serie_a_league,Mohamed Haj,tn TUN,MF,Parma,19.0,2005.0,15,3,453,5.0,1,2,0,0,0.0,4,0,0.6,0.6,1.2,6.0,13.0,28.0,7.0,3.0,118.0,151.0,78.1,9.0,7.0,3.0,1.0,4.0,5.0,0.0,207.0,18.0,14.0,4.0,122.0,12.0,3.0,20.0,2.0,15.0,6.0,1.0,6.0,6.0,,,,,Football Players Stats 2024-2025
2024-25,serie_a_league,Ridgeciano Haps,sr SUR,DF,Venezia,31.0,1993.0,25,14,1369,15.2,1,1,0,0,0.0,3,0,1.2,1.2,0.7,26.0,52.0,47.0,15.0,3.0,460.0,592.0,77.7,7.0,26.0,30.0,16.0,7.0,48.0,0.0,738.0,26.0,15.0,5.0,365.0,33.0,12.0,20.0,2.0,54.0,14.0,1.0,14.0,18.0,,,,,Football Players Stats 2024-2025
2024-25,serie_a_league,Abdou Harroui,nl NED,"MF,FW",Hellas Verona,26.0,1998.0,10,5,463,5.1,1,2,0,0,0.0,1,0,2.2,2.2,0.4,23.0,21.0,34.0,15.0,4.0,160.0,202.0,79.2,4.0,9.0,9.0,6.0,2.0,5.0,0.0,283.0,17.0,20.0,6.0,175.0,16.0,20.0,15.0,3.0,22.0,10.0,0.0,8.0,7.0,,,,,Football Players Stats 2024-2025
2024-25,serie_a_league,Liam Henderson,sct SCO,MF,Empoli,28.0,1996.0,36,27,2337,26.0,0,4,0,0,0.0,10,0,0.7,0.7,3.9,18.0,108.0,54.0,22.0,3.0,730.0,1002.0,72.9,33.0,98.0,42.0,22.0,15.0,42.0,0.0,1197.0,16.0,11.0,6.0,490.0,93.0,17.0,59.0,5.0,89.0,83.0,1.0,13.0,20.0,,,,,Football Players Stats 2024-2025
2024-25,serie_a_league,Mario Hermoso,es ESP,DF,Roma,29.0,1995.0,8,2,251,2.8,0,0,0,0,0.0,2,1,0.1,0.1,0.0,3.0,14.0,5.0,1.0,0.0,182.0,202.0,90.1,0.0,3.0,2.0,1.0,4.0,13.0,0.0,227.0,1.0,3.0,2.0,104.0,17.0,1.0,4.0,0.0,11.0,7.0,0.0,3.0,5.0,,,,,Football Players Stats 2024-2025
2024-25,serie_a_league,Theo Hernández,fr FRA,DF,Milan,26.0,1997.0,33,30,2696,30.0,4,3,0,1,0.0,4,1,2.7,1.9,4.7,93.0,132.0,148.0,43.0,14.0,1373.0,1639.0,83.8,47.0,111.0,36.0,28.0,17.0,75.0,3.0,1901.0,59.0,55.0,24.0,1046.0,96.0,58.0,107.0,12.0,129.0,17.0,4.0,37.0,16.0,,,,,Football Players Stats 2024-2025
2024-25,serie_a_league,Hernani,br BRA,MF,Parma,30.0,1994.0,25,15,1327,14.7,3,3,3,3,0.0,7,0,2.8,0.5,1.5,29.0,78.0,40.0,17.0,3.0,463.0,615.0,75.3,25.0,33.0,47.0,26.0,19.0,12.0,1.0,782.0,16.0,24.0,8.0,419.0,45.0,35.0,43.0,5.0,68.0,33.0,2.0,18.0,19.0,,,,,Football Players Stats 2024-2025
2024-25,serie_a_league,Isak Hien,se SWE,DF,Atalanta,25.0,1999.0,30,27,2327,25.9,0,0,0,0,0.0,10,0,1.0,1.0,0.1,7.0,51.0,3.0,8.0,2.0,1146.0,1277.0,89.7,2.0,1.0,48.0,28.0,31.0,82.0,2.0,1546.0,15.0,11.0,6.0,845.0,43.0,8.0,5.0,1.0,141.0,36.0,0.0,68.0,56.0,,,,,Football Players Stats 2024-2025
2024-25,serie_a_league,Emil Holm,se SWE,DF,Bologna,24.0,2000.0,21,12,1137,12.6,1,1,0,0,0.0,3,0,0.6,0.6,0.7,29.0,49.0,43.0,10.0,3.0,560.0,735.0,76.2,10.0,40.0,34.0,21.0,10.0,51.0,1.0,909.0,26.0,25.0,10.0,442.0,47.0,18.0,28.0,2.0,47.0,16.0,1.0,31.0,20.0,,,,,Football Players Stats 2024-2025
2024-25,serie_a_league,Mats Hummels,de GER,DF,Roma,35.0,1988.0,14,11,915,10.2,0,0,0,0,1.0,1,0,0.5,0.5,0.1,4.0,26.0,1.0,8.0,1.0,389.0,437.0,89.0,2.0,2.0,30.0,15.0,26.0,43.0,0.0,560.0,10.0,6.0,4.0,279.0,15.0,9.0,8.0,1.0,41.0,9.0,1.0,23.0,15.0,,,,,Football Players Stats 2024-2025
2024-25,serie_a_league,Elseid Hysaj,al ALB,DF,Lazio,30.0,1994.0,11,4,424,4.7,0,3,0,0,0.0,2,1,0.2,0.2,1.6,4.0,14.0,18.0,2.0,0.0,214.0,264.0,81.1,6.0,18.0,11.0,6.0,5.0,21.0,0.0,318.0,10.0,6.0,3.0,153.0,19.0,6.0,10.0,3.0,20.0,5.0,0.0,8.0,6.0,,,,,Football Players Stats 2024-2025
2024-25,serie_a_league,Arijon Ibrahimović,de GER,MF,Lazio,18.0,2005.0,1,0,8,0.1,0,0,0,0,0.0,0,0,0.1,0.1,0.0,0.0,0.0,0.0,2.0,0.0,3.0,4.0,75.0,0.0,0.0,0.0,0.0,0.0,0.0,0.0,6.0,0.0,0.0,0.0,1.0,0.0,0.0,1.0,0.0,0.0,0.0,0.0,0.0,0.0,,,,,Football Players Stats 2024-2025
2024-25,serie_a_league,Jay Idzes,id IDN,DF,Venezia,24.0,2000.0,35,35,3127,34.7,1,0,0,0,0.0,5,0,1.8,1.8,0.7,15.0,84.0,15.0,15.0,3.0,1457.0,1694.0,86.0,8.0,6.0,45.0,29.0,32.0,156.0,0.0,2078.0,33.0,7.0,1.0,1051.0,65.0,12.0,24.0,0.0,113.0,50.0,1.0,57.0,81.0,,,,,Football Players Stats 2024-2025
2024-25,serie_a_league,Jonathan Ikone,fr FRA,FW,Como,26.0,1998.0,13,5,540,6.0,2,0,0,0,0.0,1,0,1.8,1.8,0.2,23.0,17.0,55.0,16.0,5.0,136.0,168.0,81.0,2.0,1.0,15.0,9.0,0.0,1.0,1.0,257.0,31.0,29.0,8.0,168.0,8.0,11.0,14.0,3.0,18.0,3.0,2.0,4.0,1.0,,,,,Football Players Stats 2024-2025
2024-25,serie_a_league,Jonathan Ikone,fr FRA,"FW,MF",Fiorentina,26.0,1998.0,14,1,334,3.7,0,0,0,0,0.0,0,0,0.8,0.8,0.1,12.0,13.0,39.0,9.0,5.0,86.0,102.0,84.3,2.0,1.0,5.0,2.0,1.0,1.0,0.0,148.0,19.0,17.0,7.0,101.0,7.0,9.0,13.0,0.0,19.0,3.0,2.0,0.0,6.0,,,,,Football Players Stats 2024-2025
2024-25,serie_a_league,Ivan Ilić,rs SRB,MF,Torino,23.0,2001.0,19,9,920,10.2,1,0,0,0,0.0,4,0,0.9,0.9,1.1,24.0,45.0,41.0,11.0,4.0,451.0,541.0,83.4,9.0,27.0,5.0,2.0,5.0,10.0,0.0,619.0,11.0,15.0,6.0,412.0,39.0,18.0,31.0,6.0,28.0,11.0,3.0,4.0,14.0,,,,,Football Players Stats 2024-2025
2024-25,serie_a_league,Samuel Iling-Junior,eng ENG,"FW,MF",Bologna,20.0,2003.0,7,0,118,1.3,1,0,0,0,0.0,0,0,0.1,0.1,0.1,5.0,7.0,27.0,4.0,1.0,62.0,87.0,71.3,1.0,9.0,3.0,2.0,2.0,2.0,0.0,110.0,6.0,7.0,3.0,64.0,4.0,4.0,7.0,0.0,8.0,2.0,0.0,0.0,3.0,,,,,Football Players Stats 2024-2025
2024-25,serie_a_league,Alessio Iovine,it ITA,"DF,FW",Como,33.0,1991.0,10,3,387,4.3,0,0,0,0,0.0,2,0,0.0,0.0,0.2,9.0,6.0,8.0,1.0,0.0,170.0,226.0,75.2,3.0,17.0,5.0,2.0,3.0,21.0,1.0,266.0,4.0,1.0,1.0,120.0,7.0,8.0,5.0,0.0,16.0,5.0,1.0,2.0,7.0,,,,,Football Players Stats 2024-2025
2024-25,serie_a_league,Gustav Isaksen,dk DEN,FW,Lazio,23.0,2001.0,37,29,2210,24.6,4,2,0,0,0.0,5,0,5.2,5.2,2.1,95.0,46.0,249.0,54.0,24.0,610.0,796.0,76.6,35.0,110.0,16.0,9.0,10.0,21.0,1.0,1084.0,120.0,105.0,44.0,698.0,19.0,56.0,93.0,9.0,68.0,23.0,8.0,13.0,24.0,,,,,Football Players Stats 2024-2025
2024-25,serie_a_league,Ardian Ismajli,al ALB,DF,Empoli,27.0,1996.0,29,29,2508,27.9,0,0,0,0,0.0,3,0,0.3,0.3,0.0,3.0,38.0,1.0,5.0,0.0,872.0,1005.0,86.8,2.0,0.0,30.0,23.0,56.0,249.0,3.0,1410.0,7.0,0.0,0.0,592.0,12.0,2.0,8.0,1.0,83.0,21.0,0.0,77.0,54.0,,,,,Football Players Stats 2024-2025
2024-25,serie_a_league,Armando Izzo,it ITA,DF,Monza,32.0,1992.0,30,28,2435,27.1,1,1,0,0,0.0,12,0,0.4,0.4,0.8,12.0,72.0,12.0,6.0,2.0,1305.0,1485.0,87.9,11.0,8.0,40.0,15.0,45.0,101.0,0.0,1768.0,14.0,9.0,6.0,1009.0,55.0,14.0,20.0,2.0,90.0,65.0,0.0,52.0,64.0,,,,,Football Players Stats 2024-2025
2024-25,serie_a_league,Fellipe Jack,br BRA,DF,Como,18.0,2006.0,7,1,171,1.9,0,0,0,0,0.0,2,0,0.0,0.0,0.1,2.0,8.0,1.0,0.0,0.0,77.0,98.0,78.6,1.0,0.0,9.0,4.0,4.0,5.0,0.0,127.0,1.0,1.0,0.0,62.0,6.0,1.0,2.0,0.0,4.0,5.0,0.0,4.0,3.0,,,,,Football Players Stats 2024-2025
2024-25,serie_a_league,Ali Jasim,iq IRQ,"FW,DF",Como,20.0,2004.0,2,0,10,0.1,0,0,0,0,0.0,0,0,0.0,0.0,0.0,1.0,1.0,1.0,0.0,0.0,7.0,9.0,77.8,0.0,1.0,1.0,0.0,0.0,0.0,0.0,11.0,0.0,0.0,0.0,7.0,2.0,0.0,1.0,0.0,1.0,1.0,0.0,1.0,0.0,,,,,Football Players Stats 2024-2025
2024-25,serie_a_league,Gaby Jean,fr FRA,DF,Lecce,24.0,2000.0,19,16,1388,15.4,0,0,0,0,0.0,0,0,0.1,0.1,0.1,8.0,42.0,3.0,1.0,1.0,727.0,862.0,84.3,1.0,1.0,14.0,7.0,9.0,71.0,1.0,992.0,3.0,3.0,2.0,500.0,33.0,1.0,4.0,0.0,55.0,15.0,0.0,41.0,24.0,,,,,Football Players Stats 2024-2025
2024-25,serie_a_league,Juan Jesus,br BRA,DF,Napoli,33.0,1991.0,15,12,1074,11.9,0,1,0,0,0.0,2,0,0.3,0.3,0.0,3.0,50.0,2.0,3.0,0.0,764.0,853.0,89.6,1.0,0.0,25.0,14.0,9.0,42.0,0.0,952.0,3.0,0.0,0.0,589.0,40.0,2.0,9.0,1.0,30.0,14.0,0.0,24.0,16.0,,,,,Football Players Stats 2024-2025
2024-25,serie_a_league,Alejandro Jiménez,es ESP,"DF,FW",Milan,19.0,2005.0,22,14,1266,14.1,0,1,0,0,0.0,6,0,0.8,0.8,1.3,55.0,37.0,72.0,15.0,5.0,452.0,564.0,80.1,12.0,37.0,24.0,13.0,15.0,23.0,0.0,729.0,37.0,47.0,26.0,423.0,33.0,26.0,34.0,4.0,69.0,12.0,3.0,9.0,13.0,,,,,Football Players Stats 2024-2025
2024-25,serie_a_league,Þórir Jóhann Helgason,is ISL,MF,Lecce,23.0,2000.0,21,13,1156,12.8,0,4,0,0,0.0,0,0,1.2,1.2,1.1,20.0,38.0,58.0,16.0,5.0,255.0,395.0,64.6,22.0,71.0,10.0,7.0,6.0,11.0,2.0,491.0,24.0,14.0,8.0,230.0,23.0,7.0,39.0,7.0,46.0,10.0,3.0,17.0,17.0,,,,,Football Players Stats 2024-2025
2024-25,serie_a_league,Jesse Joronen,fi FIN,GK,Venezia,31.0,1993.0,8,7,703,7.8,0,0,0,0,1.0,0,0,0.0,0.0,0.0,0.0,0.0,0.0,0.0,0.0,223.0,302.0,73.8,0.0,0.0,0.0,0.0,0.0,4.0,1.0,327.0,0.0,0.0,0.0,196.0,1.0,0.0,0.0,0.0,11.0,1.0,0.0,3.0,0.0,2.0,15.0,27.0,0.0,Football Players Stats 2024-2025
2024-25,serie_a_league,Luka Jović,rs SRB,"FW,MF",Milan,26.0,1997.0,15,6,557,6.2,2,0,0,0,0.0,1,0,2.4,2.4,1.4,8.0,26.0,24.0,11.0,4.0,115.0,141.0,81.6,12.0,2.0,0.0,0.0,1.0,3.0,0.0,171.0,18.0,7.0,4.0,99.0,11.0,3.0,16.0,0.0,9.0,4.0,0.0,9.0,9.0,,,,,Football Players Stats 2024-2025
2024-25,serie_a_league,Mohamed Kaba,fr FRA,MF,Lecce,22.0,2001.0,15,2,452,5.0,0,0,0,0,0.0,1,0,0.3,0.3,0.0,3.0,18.0,8.0,4.0,0.0,139.0,172.0,80.8,1.0,1.0,13.0,8.0,4.0,10.0,1.0,240.0,6.0,6.0,2.0,136.0,18.0,4.0,10.0,0.0,19.0,6.0,1.0,8.0,12.0,,,,,Football Players Stats 2024-2025
2024-25,serie_a_league,Christian Kabasele,be BEL,DF,Udinese,33.0,1991.0,16,12,1161,12.9,2,0,0,0,0.0,0,0,1.5,1.5,0.4,9.0,44.0,7.0,15.0,4.0,481.0,564.0,85.3,6.0,2.0,17.0,9.0,14.0,75.0,1.0,715.0,23.0,1.0,1.0,393.0,44.0,7.0,12.0,0.0,33.0,20.0,0.0,35.0,20.0,,,,,Football Players Stats 2024-2025
2024-25,serie_a_league,Pierre Kalulu,fr FRA,DF,Juventus,24.0,2000.0,29,25,2337,26.0,1,0,0,0,0.0,2,1,0.7,0.7,0.5,48.0,117.0,24.0,7.0,3.0,1932.0,2076.0,93.1,11.0,22.0,41.0,25.0,17.0,68.0,1.0,2275.0,17.0,11.0,4.0,1559.0,133.0,36.0,36.0,1.0,95.0,26.0,3.0,27.0,47.0,,,,,Football Players Stats 2024-2025
2024-25,serie_a_league,Hassane Kamara,ci CIV,DF,Udinese,30.0,1994.0,30,25,2001,22.2,1,4,0,0,0.0,8,1,0.9,0.9,2.7,52.0,61.0,103.0,17.0,3.0,780.0,1031.0,75.7,24.0,106.0,35.0,25.0,26.0,49.0,1.0,1241.0,24.0,46.0,18.0,618.0,48.0,37.0,44.0,6.0,92.0,25.0,1.0,21.0,11.0,,,,,Football Players Stats 2024-2025
2024-25,serie_a_league,Yann Karamoh,fr FRA,"MF,FW",Torino,26.0,1998.0,29,10,1046,11.6,0,1,0,0,0.0,2,0,1.2,1.2,0.9,37.0,28.0,80.0,25.0,6.0,189.0,282.0,67.0,9.0,23.0,5.0,2.0,3.0,5.0,0.0,412.0,49.0,38.0,12.0,292.0,8.0,27.0,24.0,2.0,42.0,12.0,0.0,5.0,9.0,,,,,Football Players Stats 2024-2025
2024-25,serie_a_league,Jesper Karlsson,se SWE,FW,Bologna,26.0,1998.0,7,3,298,3.3,1,0,0,0,0.0,1,0,0.7,0.7,0.1,6.0,6.0,31.0,6.0,2.0,72.0,96.0,75.0,2.0,4.0,1.0,0.0,0.0,3.0,0.0,128.0,6.0,6.0,2.0,97.0,2.0,8.0,9.0,1.0,8.0,6.0,0.0,2.0,4.0,,,,,Football Players Stats 2024-2025
2024-25,serie_a_league,Jesper Karlsson,se SWE,FW,Lecce,26.0,1998.0,13,6,495,5.5,1,0,1,1,0.0,2,0,1.5,0.7,0.6,11.0,12.0,32.0,9.0,4.0,109.0,158.0,69.0,10.0,28.0,3.0,2.0,0.0,4.0,0.0,202.0,9.0,9.0,6.0,111.0,7.0,10.0,18.0,0.0,12.0,4.0,0.0,1.0,6.0,,,,,Football Players Stats 2024-2025
2024-25,serie_a_league,Jesper Karlström,se SWE,MF,Udinese,29.0,1995.0,37,36,3186,35.4,0,3,0,0,0.0,9,0,0.7,0.7,1.1,23.0,135.0,46.0,13.0,2.0,1331.0,1600.0,83.2,21.0,15.0,61.0,34.0,35.0,82.0,5.0,1882.0,24.0,15.0,6.0,1002.0,139.0,26.0,59.0,3.0,146.0,42.0,2.0,31.0,31.0,,,,,Football Players Stats 2024-2025
2024-25,serie_a_league,Lior Kasa,il ISR,"MF,FW",Genoa,18.0,2005.0,8,2,230,2.6,0,0,0,0,0.0,2,0,1.1,1.1,0.1,1.0,7.0,7.0,5.0,2.0,62.0,72.0,86.1,2.0,2.0,4.0,4.0,3.0,5.0,0.0,111.0,6.0,5.0,1.0,58.0,6.0,3.0,5.0,0.0,14.0,4.0,0.0,1.0,3.0,,,,,Football Players Stats 2024-2025
2024-25,serie_a_league,Grigoris Kastanos,cy CYP,"MF,FW",Hellas Verona,26.0,1998.0,27,8,872,9.7,1,1,0,0,0.0,4,0,1.0,1.0,1.7,12.0,34.0,27.0,22.0,5.0,224.0,323.0,69.3,12.0,23.0,23.0,16.0,7.0,8.0,0.0,438.0,14.0,15.0,0.0,239.0,30.0,10.0,24.0,2.0,48.0,15.0,1.0,15.0,17.0,,,,,Football Players Stats 2024-2025
2024-25,serie_a_league,Michael Kayode,it ITA,"DF,FW",Fiorentina,20.0,2004.0,5,1,127,1.4,0,0,0,0,0.0,0,0,0.1,0.1,0.2,3.0,8.0,6.0,1.0,0.0,43.0,68.0,63.2,1.0,6.0,1.0,1.0,2.0,7.0,0.0,88.0,2.0,6.0,3.0,42.0,4.0,1.0,4.0,0.0,6.0,1.0,0.0,2.0,0.0,,,,,Football Players Stats 2024-2025
2024-25,serie_a_league,Moise Kean,it ITA,FW,Fiorentina,24.0,2000.0,31,30,2615,29.1,17,3,1,2,0.0,5,0,19.4,17.9,1.9,42.0,26.0,143.0,98.0,45.0,228.0,326.0,69.9,19.0,8.0,7.0,5.0,5.0,26.0,1.0,700.0,132.0,101.0,44.0,454.0,15.0,28.0,57.0,7.0,52.0,40.0,5.0,51.0,48.0,,,,,Football Players Stats 2024-2025
2024-25,serie_a_league,Mandela Keita,be BEL,MF,Parma,22.0,2002.0,30,24,1826,20.3,0,2,0,0,0.0,6,1,0.1,0.1,1.0,13.0,50.0,5.0,5.0,4.0,660.0,729.0,90.5,15.0,0.0,44.0,25.0,21.0,29.0,2.0,907.0,0.0,31.0,17.0,558.0,55.0,18.0,33.0,4.0,94.0,28.0,2.0,14.0,14.0,,,,,Football Players Stats 2024-2025
2024-25,serie_a_league,Lloyd Kelly,eng ENG,DF,Juventus,25.0,1998.0,12,11,1013,11.3,0,0,0,0,0.0,1,0,0.4,0.4,0.1,10.0,36.0,26.0,7.0,1.0,559.0,673.0,83.1,3.0,14.0,15.0,11.0,2.0,56.0,3.0,797.0,18.0,1.0,0.0,433.0,54.0,9.0,12.0,0.0,55.0,14.0,0.0,36.0,25.0,,,,,Football Players Stats 2024-2025
2024-25,serie_a_league,Marc-Oliver Kempf,de GER,DF,Como,29.0,1995.0,31,30,2615,29.1,0,0,0,0,0.0,6,1,1.6,1.6,1.2,17.0,85.0,4.0,20.0,4.0,1498.0,1718.0,87.2,10.0,4.0,30.0,20.0,33.0,136.0,4.0,2010.0,26.0,5.0,4.0,1136.0,116.0,8.0,34.0,2.0,106.0,21.0,0.0,108.0,39.0,,,,,Football Players Stats 2024-2025
2024-25,serie_a_league,Kialonda,ao ANG,DF,Lecce,26.0,1997.0,24,24,2144,23.8,0,1,0,0,0.0,3,0,1.1,1.1,0.4,4.0,34.0,5.0,16.0,0.0,801.0,926.0,86.5,6.0,3.0,34.0,12.0,32.0,132.0,1.0,1229.0,32.0,10.0,8.0,572.0,29.0,3.0,15.0,1.0,58.0,9.0,0.0,90.0,44.0,,,,,Football Players Stats 2024-2025
2024-25,serie_a_league,Magnus Kofod Andersen,dk DEN,MF,Venezia,25.0,1999.0,14,7,695,7.7,1,1,0,0,0.0,1,0,0.3,0.3,0.5,7.0,24.0,18.0,8.0,2.0,247.0,309.0,79.9,9.0,16.0,13.0,4.0,6.0,12.0,0.0,370.0,8.0,4.0,2.0,230.0,18.0,6.0,20.0,3.0,31.0,7.0,1.0,8.0,7.0,,,,,Football Players Stats 2024-2025
2024-25,serie_a_league,Sead Kolašinac,ba BIH,DF,Atalanta,31.0,1993.0,23,23,1903,21.1,0,2,0,0,1.0,7,0,0.8,0.8,1.8,52.0,142.0,47.0,10.0,2.0,1115.0,1275.0,87.5,17.0,10.0,41.0,26.0,25.0,53.0,1.0,1458.0,27.0,15.0,3.0,878.0,105.0,52.0,37.0,4.0,135.0,38.0,1.0,34.0,26.0,,,,,Football Players Stats 2024-2025
2024-25,serie_a_league,Randal Kolo Muani,fr FRA,FW,Juventus,25.0,1998.0,16,13,1160,12.9,8,1,1,1,0.0,0,0,4.7,3.9,1.6,21.0,20.0,100.0,25.0,13.0,151.0,216.0,69.9,17.0,8.0,11.0,7.0,4.0,2.0,0.0,364.0,71.0,44.0,18.0,213.0,8.0,10.0,27.0,3.0,33.0,27.0,1.0,10.0,27.0,,,,,Football Players Stats 2024-2025
2024-25,serie_a_league,Ismael Konate,ci CIV,"FW,MF",Empoli,18.0,2006.0,12,0,116,1.3,0,1,0,0,0.0,0,0,0.2,0.2,0.0,5.0,2.0,7.0,3.0,2.0,15.0,33.0,45.5,2.0,1.0,4.0,2.0,0.0,1.0,0.0,51.0,4.0,2.0,2.0,23.0,2.0,2.0,3.0,1.0,3.0,5.0,0.0,5.0,8.0,,,,,Football Players Stats 2024-2025
2024-25,serie_a_league,Manu Koné,fr FRA,MF,Roma,23.0,2001.0,34,31,2572,28.6,2,1,0,0,0.0,6,0,3.4,3.4,1.7,70.0,144.0,50.0,34.0,8.0,1160.0,1273.0,91.1,19.0,2.0,41.0,26.0,24.0,28.0,0.0,1555.0,40.0,72.0,30.0,1006.0,113.0,66.0,67.0,6.0,131.0,28.0,6.0,20.0,33.0,,,,,Football Players Stats 2024-2025
2024-25,serie_a_league,Teun Koopmeiners,nl NED,"MF,FW",Juventus,26.0,1998.0,28,23,1994,22.2,3,3,0,0,0.0,3,0,3.9,3.9,2.9,32.0,89.0,127.0,42.0,10.0,761.0,953.0,79.9,38.0,113.0,32.0,16.0,8.0,26.0,2.0,1170.0,50.0,22.0,10.0,591.0,63.0,28.0,63.0,3.0,51.0,32.0,2.0,22.0,22.0,,,,,Football Players Stats 2024-2025
2024-25,serie_a_league,Odilon Kossounou,ci CIV,DF,Atalanta,23.0,2001.0,18,12,1125,12.5,0,0,0,0,0.0,1,0,0.5,0.5,0.0,13.0,46.0,14.0,6.0,4.0,599.0,679.0,88.2,1.0,3.0,16.0,11.0,13.0,25.0,1.0,790.0,15.0,12.0,5.0,456.0,53.0,7.0,7.0,0.0,62.0,15.0,0.0,23.0,17.0,,,,,Football Players Stats 2024-2025
2024-25,serie_a_league,Christian Kouamé,ci CIV,"FW,MF",Fiorentina,26.0,1997.0,18,5,622,6.9,0,1,0,0,0.0,1,0,1.1,1.1,1.5,7.0,16.0,46.0,11.0,1.0,137.0,197.0,69.5,9.0,6.0,13.0,8.0,2.0,10.0,0.0,286.0,35.0,20.0,7.0,151.0,10.0,6.0,22.0,0.0,20.0,13.0,1.0,29.0,19.0,,,,,Football Players Stats 2024-2025
2024-25,serie_a_league,Christian Kouamé,ci CIV,"FW,MF",Empoli,26.0,1997.0,8,5,507,5.6,1,0,0,0,0.0,0,0,2.7,2.7,0.7,5.0,13.0,39.0,16.0,5.0,93.0,153.0,60.8,8.0,2.0,5.0,4.0,0.0,4.0,0.0,217.0,22.0,13.0,5.0,114.0,9.0,4.0,23.0,0.0,18.0,7.0,2.0,48.0,24.0,,,,,Football Players Stats 2024-2025
2024-25,serie_a_league,Viktor Kovalenko,ua UKR,MF,Empoli,28.0,1996.0,6,0,77,0.9,0,0,0,0,0.0,0,0,0.1,0.1,0.0,1.0,4.0,3.0,3.0,1.0,26.0,37.0,70.3,0.0,1.0,2.0,1.0,0.0,0.0,0.0,44.0,3.0,1.0,1.0,21.0,4.0,0.0,0.0,0.0,3.0,2.0,0.0,3.0,3.0,,,,,Football Players Stats 2024-2025
2024-25,serie_a_league,Mateusz Kowalski,pl POL,MF,Parma,19.0,2005.0,1,1,56,0.6,0,0,0,0,0.0,0,0,0.4,0.4,0.0,0.0,0.0,2.0,1.0,0.0,8.0,12.0,66.7,0.0,0.0,0.0,0.0,0.0,1.0,0.0,18.0,2.0,0.0,0.0,9.0,1.0,0.0,0.0,0.0,0.0,1.0,0.0,0.0,3.0,,,,,Football Players Stats 2024-2025
2024-25,serie_a_league,Thomas Kristensen,dk DEN,DF,Udinese,22.0,2002.0,24,19,1754,19.5,1,0,0,0,0.0,5,0,0.9,0.9,0.3,19.0,76.0,19.0,4.0,1.0,757.0,947.0,79.9,4.0,10.0,31.0,21.0,21.0,80.0,2.0,1144.0,14.0,13.0,10.0,618.0,66.0,13.0,17.0,1.0,63.0,31.0,0.0,61.0,32.0,,,,,Football Players Stats 2024-2025
2024-25,serie_a_league,Nikola Krstović,me MNE,FW,Lecce,24.0,2000.0,37,37,3057,34.0,11,5,2,3,0.0,6,0,12.1,9.7,2.9,42.0,56.0,149.0,134.0,38.0,434.0,654.0,66.4,30.0,8.0,18.0,9.0,7.0,24.0,0.0,1051.0,152.0,65.0,17.0,571.0,38.0,22.0,87.0,7.0,72.0,57.0,5.0,91.0,128.0,,,,,Football Players Stats 2024-2025
2024-25,serie_a_league,Khvicha Kvaratskhelia,ge GEO,"FW,MF",Napoli,23.0,2001.0,17,15,1178,13.1,5,3,1,1,0.0,1,0,4.1,3.4,3.7,74.0,57.0,89.0,49.0,16.0,352.0,461.0,76.4,28.0,51.0,15.0,9.0,4.0,7.0,0.0,659.0,74.0,72.0,19.0,405.0,31.0,51.0,57.0,6.0,45.0,12.0,3.0,4.0,5.0,,,,,Football Players Stats 2024-2025
2024-25,serie_a_league,Giorgos Kyriakopoulos,gr GRE,DF,Monza,28.0,1996.0,34,33,2845,31.6,2,4,0,0,1.0,5,0,0.9,0.9,3.3,67.0,97.0,132.0,27.0,9.0,1055.0,1411.0,74.8,41.0,170.0,43.0,26.0,23.0,79.0,0.0,1692.0,33.0,43.0,16.0,865.0,75.0,52.0,70.0,6.0,94.0,24.0,5.0,26.0,33.0,,,,,Football Players Stats 2024-2025
2024-25,serie_a_league,Mathis Lambourde,fr FRA,"FW,MF",Hellas Verona,18.0,2006.0,7,0,89,1.0,1,0,0,0,0.0,1,0,0.2,0.2,0.1,1.0,0.0,12.0,2.0,1.0,13.0,23.0,56.5,1.0,1.0,3.0,1.0,0.0,1.0,0.0,38.0,4.0,3.0,1.0,24.0,0.0,1.0,2.0,1.0,3.0,4.0,0.0,2.0,4.0,,,,,Football Players Stats 2024-2025
2024-25,serie_a_league,Gianluca Lapadula,pe PER,"FW,MF",Cagliari,34.0,1990.0,12,1,310,3.4,0,0,0,0,0.0,1,0,1.4,1.4,0.1,7.0,7.0,16.0,15.0,3.0,38.0,63.0,60.3,3.0,3.0,2.0,0.0,0.0,1.0,0.0,96.0,22.0,2.0,2.0,43.0,3.0,2.0,13.0,0.0,5.0,9.0,0.0,11.0,8.0,,,,,Football Players Stats 2024-2025
2024-25,serie_a_league,Valentino Lazaro,at AUT,"DF,FW",Torino,28.0,1996.0,33,26,2307,25.6,0,6,0,0,0.0,6,0,1.0,1.0,3.3,35.0,76.0,131.0,16.0,2.0,880.0,1172.0,75.1,33.0,145.0,26.0,12.0,11.0,38.0,1.0,1368.0,27.0,37.0,14.0,726.0,57.0,36.0,52.0,8.0,94.0,30.0,0.0,16.0,25.0,,,,,Football Players Stats 2024-2025
2024-25,serie_a_league,Darko Lazović,rs SRB,"DF,MF",Hellas Verona,33.0,1990.0,27,17,1459,16.2,2,3,1,1,0.0,0,0,2.5,1.7,3.4,22.0,40.0,88.0,19.0,3.0,315.0,505.0,62.4,18.0,70.0,21.0,10.0,11.0,39.0,0.0,659.0,29.0,22.0,7.0,318.0,21.0,14.0,23.0,4.0,59.0,9.0,1.0,9.0,13.0,,,,,Football Players Stats 2024-2025
2024-25,serie_a_league,Manuel Lazzari,it ITA,DF,Lazio,30.0,1993.0,25,16,1406,15.6,0,1,0,0,0.0,3,0,0.1,0.1,1.3,72.0,66.0,96.0,6.0,2.0,609.0,770.0,79.1,20.0,97.0,26.0,16.0,10.0,19.0,0.0,896.0,17.0,24.0,15.0,518.0,36.0,61.0,36.0,2.0,50.0,12.0,1.0,5.0,13.0,,,,,Football Players Stats 2024-2025
2024-25,serie_a_league,Enzo Le Fée,fr FRA,MF,Roma,24.0,2000.0,6,4,318,3.5,0,0,0,0,0.0,1,0,0.2,0.2,0.1,15.0,28.0,3.0,4.0,2.0,226.0,263.0,85.9,3.0,7.0,7.0,4.0,5.0,2.0,0.0,297.0,6.0,8.0,4.0,204.0,26.0,12.0,9.0,0.0,22.0,6.0,0.0,2.0,4.0,,,,,Football Players Stats 2024-2025
2024-25,serie_a_league,Nicola Leali,it ITA,GK,Genoa,31.0,1993.0,29,29,2610,29.0,0,0,0,0,1.0,1,0,0.0,0.0,0.0,0.0,0.0,0.0,0.0,0.0,667.0,938.0,71.1,0.0,0.0,0.0,0.0,0.0,14.0,1.0,999.0,0.0,0.0,0.0,523.0,10.0,0.0,2.0,1.0,30.0,1.0,0.0,6.0,0.0,10.0,31.0,82.0,1.0,Football Players Stats 2024-2025
2024-25,serie_a_league,Rafael Leão,pt POR,FW,Milan,25.0,1999.0,34,25,2323,25.8,8,8,0,0,0.0,5,0,7.6,7.6,8.4,123.0,93.0,262.0,66.0,29.0,630.0,849.0,74.2,58.0,55.0,16.0,10.0,6.0,4.0,0.0,1135.0,152.0,129.0,59.0,780.0,37.0,71.0,113.0,16.0,66.0,19.0,6.0,26.0,20.0,,,,,Football Players Stats 2024-2025
2024-25,serie_a_league,Stefan Lekovic,rs SRB,DF,Monza,20.0,2004.0,7,3,367,4.1,0,0,0,0,1.0,0,0,0.1,0.1,0.0,4.0,15.0,2.0,3.0,0.0,162.0,188.0,86.2,0.0,0.0,9.0,4.0,7.0,5.0,0.0,225.0,2.0,3.0,2.0,128.0,14.0,0.0,6.0,0.0,18.0,5.0,1.0,6.0,6.0,,,,,Football Players Stats 2024-2025
2024-25,serie_a_league,Nunzio Lella,it ITA,MF,Venezia,24.0,2000.0,1,0,5,0.1,0,0,0,0,0.0,0,0,0.0,0.0,0.0,0.0,0.0,0.0,0.0,0.0,1.0,1.0,100.0,0.0,0.0,0.0,0.0,0.0,0.0,0.0,1.0,0.0,0.0,0.0,2.0,0.0,0.0,1.0,0.0,0.0,1.0,1.0,0.0,0.0,,,,,Football Players Stats 2024-2025
2024-25,serie_a_league,Giovanni Leoni,it ITA,DF,Parma,17.0,2006.0,17,14,1199,13.3,1,0,0,0,0.0,3,1,0.1,0.1,0.0,0.0,21.0,5.0,2.0,1.0,562.0,641.0,87.7,1.0,3.0,14.0,6.0,15.0,63.0,1.0,774.0,5.0,3.0,3.0,449.0,21.0,2.0,3.0,0.0,34.0,11.0,0.0,17.0,10.0,,,,,Football Players Stats 2024-2025
2024-25,serie_a_league,Ben Lhassine Kone,ci CIV,MF,Como,24.0,2000.0,4,0,51,0.6,0,0,0,0,0.0,1,0,0.0,0.0,0.0,0.0,3.0,1.0,1.0,0.0,23.0,24.0,95.8,0.0,0.0,2.0,2.0,1.0,1.0,0.0,35.0,0.0,1.0,1.0,25.0,3.0,0.0,0.0,0.0,7.0,1.0,0.0,0.0,1.0,,,,,Football Players Stats 2024-2025
2024-25,serie_a_league,Mattia Liberali,it ITA,MF,Milan,17.0,2007.0,1,1,61,0.7,0,0,0,0,0.0,0,0,0.1,0.1,0.0,1.0,5.0,4.0,2.0,0.0,24.0,31.0,77.4,1.0,2.0,2.0,1.0,0.0,0.0,0.0,38.0,2.0,1.0,0.0,30.0,4.0,0.0,1.0,0.0,4.0,1.0,0.0,1.0,0.0,,,,,Football Players Stats 2024-2025
2024-25,serie_a_league,Karol Linetty,pl POL,MF,Torino,29.0,1995.0,28,18,1540,17.1,1,0,0,0,0.0,6,0,1.1,1.1,0.9,18.0,47.0,19.0,17.0,4.0,478.0,565.0,84.6,10.0,4.0,39.0,23.0,12.0,31.0,1.0,732.0,13.0,21.0,7.0,397.0,45.0,21.0,24.0,2.0,63.0,39.0,0.0,8.0,14.0,,,,,Football Players Stats 2024-2025
2024-25,serie_a_league,Dailon Livramento,cv CPV,"FW,MF",Hellas Verona,23.0,2001.0,29,8,940,10.4,1,1,0,0,0.0,2,1,1.8,1.8,0.9,23.0,13.0,67.0,13.0,4.0,97.0,180.0,53.9,8.0,18.0,15.0,11.0,3.0,9.0,0.0,307.0,39.0,25.0,6.0,161.0,9.0,11.0,19.0,4.0,21.0,21.0,1.0,32.0,51.0,,,,,Football Players Stats 2024-2025
2024-25,serie_a_league,Stanislav Lobotka,sk SVK,MF,Napoli,29.0,1994.0,32,31,2636,29.3,0,1,0,0,0.0,3,0,0.3,0.3,1.2,30.0,118.0,32.0,7.0,0.0,1600.0,1762.0,90.8,17.0,2.0,47.0,30.0,21.0,57.0,1.0,1967.0,9.0,11.0,8.0,1123.0,110.0,24.0,54.0,6.0,166.0,24.0,0.0,6.0,6.0,,,,,Football Players Stats 2024-2025
2024-25,serie_a_league,Manuel Locatelli,it ITA,MF,Juventus,26.0,1998.0,36,34,2822,31.4,2,2,1,1,0.0,9,0,1.8,1.0,2.5,33.0,294.0,33.0,24.0,7.0,2134.0,2431.0,87.8,29.0,24.0,72.0,49.0,23.0,77.0,0.0,2752.0,18.0,22.0,8.0,1559.0,327.0,40.0,98.0,8.0,141.0,46.0,2.0,35.0,22.0,,,,,Football Players Stats 2024-2025
2024-25,serie_a_league,Ruben Loftus-Cheek,eng ENG,MF,Milan,28.0,1996.0,19,10,1037,11.5,0,0,0,0,0.0,3,0,0.7,0.7,1.9,27.0,51.0,32.0,9.0,2.0,435.0,485.0,89.7,16.0,7.0,19.0,8.0,3.0,20.0,0.0,593.0,25.0,23.0,11.0,362.0,40.0,20.0,34.0,2.0,48.0,23.0,3.0,18.0,11.0,,,,,Football Players Stats 2024-2025
2024-25,serie_a_league,Ademola Lookman,ng NGA,"MF,FW",Atalanta,26.0,1997.0,31,28,2247,25.0,15,5,1,1,0.0,4,0,10.3,9.5,7.1,142.0,73.0,316.0,81.0,32.0,684.0,944.0,72.5,61.0,124.0,32.0,15.0,3.0,5.0,1.0,1274.0,199.0,104.0,37.0,827.0,29.0,70.0,135.0,15.0,69.0,31.0,2.0,17.0,13.0,,,,,Football Players Stats 2024-2025
2024-25,serie_a_league,Sandi Lovrić,si SVN,MF,Udinese,26.0,1998.0,36,31,2308,25.6,2,3,0,0,0.0,5,0,2.6,2.6,3.4,60.0,120.0,71.0,49.0,12.0,749.0,952.0,78.7,32.0,90.0,46.0,29.0,22.0,27.0,1.0,1258.0,38.0,48.0,21.0,670.0,81.0,45.0,81.0,10.0,118.0,54.0,4.0,1.0,17.0,,,,,Football Players Stats 2024-2025
2024-25,serie_a_league,Lorenzo Lucca,it ITA,FW,Udinese,23.0,2000.0,33,27,2353,26.1,12,1,1,1,0.0,10,0,7.6,6.8,1.6,15.0,18.0,98.0,64.0,25.0,240.0,375.0,64.0,14.0,5.0,10.0,6.0,7.0,27.0,0.0,641.0,109.0,25.0,12.0,350.0,17.0,18.0,33.0,4.0,44.0,65.0,3.0,59.0,68.0,,,,,Football Players Stats 2024-2025
2024-25,serie_a_league,Jhon Lucumí,co COL,DF,Bologna,26.0,1998.0,32,29,2614,29.0,0,1,0,0,0.0,8,1,0.6,0.6,0.4,34.0,108.0,7.0,13.0,2.0,1859.0,2040.0,91.1,8.0,4.0,53.0,30.0,26.0,88.0,7.0,2294.0,22.0,14.0,10.0,1464.0,112.0,23.0,34.0,2.0,176.0,22.0,0.0,45.0,45.0,,,,,Football Players Stats 2024-2025
2024-25,serie_a_league,José Luis Palomino,ar ARG,DF,Cagliari,34.0,1990.0,18,10,1081,12.0,1,0,0,0,0.0,3,0,0.5,0.5,0.0,4.0,35.0,1.0,2.0,1.0,508.0,586.0,86.7,1.0,0.0,27.0,15.0,22.0,46.0,0.0,707.0,5.0,1.0,0.0,384.0,32.0,4.0,7.0,1.0,50.0,11.0,0.0,16.0,12.0,,,,,Football Players Stats 2024-2025
2024-25,serie_a_league,Douglas Luiz,br BRA,MF,Juventus,26.0,1998.0,19,3,529,5.9,0,0,0,0,0.0,2,0,0.6,0.6,1.0,16.0,35.0,12.0,8.0,2.0,379.0,438.0,86.5,15.0,26.0,13.0,8.0,4.0,5.0,0.0,487.0,8.0,14.0,11.0,276.0,19.0,10.0,28.0,1.0,31.0,14.0,0.0,5.0,4.0,,,,,Football Players Stats 2024-2025
2024-25,serie_a_league,Romelu Lukaku,be BEL,FW,Napoli,31.0,1993.0,36,35,2843,31.6,14,10,3,4,0.0,4,0,13.0,9.8,4.0,31.0,36.0,219.0,60.0,20.0,353.0,497.0,71.0,35.0,4.0,4.0,2.0,1.0,17.0,0.0,725.0,143.0,26.0,6.0,380.0,15.0,13.0,76.0,16.0,34.0,47.0,2.0,42.0,56.0,,,,,Football Players Stats 2024-2025
2024-25,serie_a_league,Sebastiano Luperto,it ITA,DF,Cagliari,27.0,1996.0,36,36,3240,36.0,1,3,0,0,0.0,4,0,2.2,2.2,1.3,22.0,96.0,11.0,21.0,5.0,1315.0,1568.0,83.9,8.0,8.0,48.0,27.0,33.0,161.0,1.0,1913.0,29.0,6.0,1.0,1060.0,87.0,15.0,30.0,5.0,139.0,23.0,1.0,61.0,54.0,,,,,Football Players Stats 2024-2025
2024-25,serie_a_league,Zito Luvumbo,ao ANG,"FW,MF",Cagliari,22.0,2002.0,26,19,1606,17.8,2,2,0,0,0.0,2,0,2.1,2.1,3.1,70.0,31.0,125.0,23.0,4.0,181.0,302.0,59.9,17.0,65.0,10.0,6.0,4.0,4.0,0.0,477.0,67.0,63.0,25.0,347.0,16.0,21.0,35.0,4.0,50.0,38.0,3.0,6.0,17.0,,,,,Football Players Stats 2024-2025
2024-25,serie_a_league,Charalambos Lykogiannis,gr GRE,DF,Bologna,30.0,1993.0,17,12,1048,11.6,0,4,0,0,0.0,3,0,0.2,0.2,1.6,10.0,49.0,36.0,6.0,2.0,504.0,706.0,71.4,19.0,106.0,23.0,14.0,11.0,41.0,1.0,810.0,11.0,8.0,4.0,368.0,43.0,8.0,33.0,5.0,35.0,10.0,0.0,26.0,13.0,,,,,Football Players Stats 2024-2025
2024-25,serie_a_league,Mathias Løvik,no NOR,"DF,FW",Parma,20.0,2003.0,6,0,92,1.0,0,0,0,0,0.0,0,0,0.1,0.1,0.1,0.0,1.0,6.0,1.0,0.0,40.0,54.0,74.1,1.0,3.0,1.0,0.0,2.0,3.0,0.0,70.0,2.0,4.0,2.0,42.0,1.0,1.0,1.0,0.0,2.0,2.0,0.0,2.0,2.0,,,,,Football Players Stats 2024-2025
2024-25,serie_a_league,Giangiacomo Magnani,it ITA,DF,Hellas Verona,28.0,1995.0,17,11,1065,11.8,1,0,0,0,0.0,2,0,1.1,1.1,0.0,4.0,31.0,7.0,11.0,2.0,317.0,393.0,80.7,1.0,2.0,20.0,15.0,17.0,73.0,1.0,540.0,14.0,4.0,1.0,251.0,22.0,6.0,4.0,0.0,38.0,8.0,0.0,29.0,18.0,,,,,Football Players Stats 2024-2025
2024-25,serie_a_league,Mike Maignan,fr FRA,GK,Milan,29.0,1995.0,37,37,3294,36.6,0,0,0,0,0.0,1,0,0.0,0.0,0.8,0.0,4.0,0.0,0.0,0.0,1338.0,1553.0,86.2,5.0,0.0,0.0,0.0,0.0,19.0,3.0,1635.0,0.0,1.0,1.0,1026.0,19.0,0.0,6.0,0.0,67.0,1.0,0.0,4.0,0.0,12.0,41.0,97.0,1.0,Football Players Stats 2024-2025
2024-25,serie_a_league,Antoine Makoumbou,cg CGO,MF,Cagliari,26.0,1998.0,33,27,2150,23.9,0,3,0,0,0.0,4,1,0.3,0.3,0.9,11.0,92.0,14.0,7.0,0.0,1051.0,1183.0,88.8,8.0,7.0,42.0,23.0,17.0,28.0,0.0,1367.0,4.0,19.0,10.0,818.0,70.0,18.0,38.0,5.0,109.0,27.0,1.0,4.0,18.0,,,,,Football Players Stats 2024-2025
2024-25,serie_a_league,Daniel Maldini,it ITA,"MF,FW",Monza,22.0,2001.0,20,16,1306,14.5,3,0,0,0,0.0,5,0,4.8,4.8,0.9,41.0,34.0,66.0,39.0,13.0,261.0,382.0,68.3,12.0,38.0,14.0,6.0,4.0,12.0,2.0,584.0,41.0,72.0,30.0,388.0,14.0,31.0,40.0,5.0,52.0,15.0,4.0,22.0,27.0,,,,,Football Players Stats 2024-2025
2024-25,serie_a_league,Daniel Maldini,it ITA,"FW,MF",Atalanta,22.0,2001.0,10,2,258,2.9,3,0,0,0,0.0,0,0,1.9,1.9,0.2,12.0,7.0,30.0,10.0,5.0,61.0,97.0,62.9,3.0,5.0,2.0,2.0,2.0,3.0,0.0,140.0,24.0,18.0,6.0,95.0,3.0,8.0,9.0,1.0,8.0,3.0,0.0,8.0,5.0,,,,,Football Players Stats 2024-2025
2024-25,serie_a_league,Youssef Maleh,ma MAR,MF,Empoli,25.0,1998.0,22,17,1510,16.8,0,1,0,0,0.0,5,1,0.9,0.9,0.9,10.0,72.0,37.0,17.0,3.0,398.0,560.0,71.1,12.0,16.0,45.0,23.0,16.0,25.0,0.0,744.0,15.0,13.0,4.0,299.0,62.0,11.0,30.0,2.0,96.0,32.0,2.0,9.0,18.0,,,,,Football Players Stats 2024-2025
2024-25,serie_a_league,Ruslan Malinovskyi,ua UKR,"MF,FW",Genoa,31.0,1993.0,9,4,383,4.3,0,2,0,0,0.0,2,0,0.2,0.2,1.5,3.0,32.0,10.0,9.0,3.0,164.0,201.0,81.6,8.0,3.0,12.0,8.0,1.0,4.0,0.0,242.0,0.0,4.0,3.0,151.0,22.0,9.0,17.0,2.0,16.0,9.0,1.0,7.0,6.0,,,,,Football Players Stats 2024-2025
2024-25,serie_a_league,Dennis Man,ro ROU,"FW,MF",Parma,25.0,1998.0,33,23,1995,22.2,4,4,0,0,0.0,0,0,5.5,5.5,4.2,67.0,60.0,142.0,49.0,20.0,631.0,793.0,79.6,45.0,33.0,13.0,6.0,8.0,11.0,0.0,1027.0,87.0,75.0,25.0,665.0,46.0,40.0,80.0,7.0,72.0,8.0,1.0,9.0,17.0,,,,,Football Players Stats 2024-2025
2024-25,serie_a_league,Gianluca Mancini,it ITA,DF,Roma,28.0,1996.0,37,36,3143,34.9,2,0,0,0,0.0,8,0,1.7,1.7,0.9,45.0,139.0,23.0,22.0,5.0,1689.0,1965.0,86.0,14.0,33.0,42.0,26.0,35.0,103.0,0.0,2240.0,42.0,9.0,1.0,1341.0,138.0,44.0,41.0,2.0,99.0,49.0,1.0,60.0,34.0,,,,,Football Players Stats 2024-2025
2024-25,serie_a_league,Christos Mandas,gr GRE,GK,Lazio,22.0,2001.0,9,9,810,9.0,0,0,0,0,0.0,0,0,0.0,0.0,0.0,0.0,3.0,0.0,0.0,0.0,240.0,335.0,71.6,0.0,0.0,0.0,0.0,0.0,4.0,0.0,351.0,0.0,0.0,0.0,237.0,11.0,0.0,2.0,1.0,18.0,0.0,0.0,6.0,1.0,4.0,7.0,20.0,0.0,Football Players Stats 2024-2025
2024-25,serie_a_league,Rolando Mandragora,it ITA,MF,Fiorentina,27.0,1997.0,28,22,1856,20.6,4,2,1,1,0.0,7,0,2.7,1.9,4.8,11.0,92.0,34.0,37.0,14.0,724.0,931.0,77.8,31.0,39.0,23.0,13.0,15.0,54.0,1.0,1119.0,24.0,14.0,7.0,580.0,69.0,16.0,56.0,5.0,61.0,18.0,3.0,14.0,16.0,,,,,Football Players Stats 2024-2025
2024-25,serie_a_league,Alberto Manzoni,it ITA,MF,Atalanta,19.0,2005.0,1,0,6,0.1,0,0,0,0,0.0,0,0,0.1,0.1,0.0,0.0,0.0,0.0,1.0,0.0,11.0,12.0,91.7,0.0,0.0,0.0,0.0,0.0,0.0,0.0,14.0,0.0,0.0,0.0,8.0,4.0,0.0,1.0,0.0,0.0,1.0,1.0,1.0,0.0,,,,,Football Players Stats 2024-2025
2024-25,serie_a_league,Alessandro Marcandalli,it ITA,DF,Genoa,21.0,2002.0,2,1,46,0.5,0,0,0,0,0.0,0,0,0.0,0.0,0.0,0.0,1.0,0.0,0.0,0.0,12.0,20.0,60.0,0.0,0.0,1.0,0.0,0.0,2.0,0.0,24.0,0.0,0.0,0.0,11.0,0.0,1.0,0.0,0.0,3.0,0.0,0.0,2.0,0.0,,,,,Football Players Stats 2024-2025
2024-25,serie_a_league,Alessandro Marcandalli,it ITA,DF,Venezia,21.0,2002.0,8,5,354,3.9,0,0,0,0,0.0,2,0,0.3,0.3,0.0,2.0,10.0,1.0,2.0,1.0,110.0,150.0,73.3,0.0,0.0,8.0,6.0,2.0,26.0,0.0,200.0,4.0,1.0,0.0,89.0,10.0,2.0,1.0,0.0,16.0,9.0,0.0,12.0,12.0,,,,,Football Players Stats 2024-2025
2024-25,serie_a_league,Filip Marchwiński,pl POL,MF,Lecce,22.0,2002.0,1,0,15,0.2,0,0,0,0,0.0,0,0,0.0,0.0,0.0,0.0,0.0,0.0,0.0,0.0,4.0,5.0,80.0,0.0,0.0,0.0,0.0,0.0,0.0,0.0,5.0,0.0,0.0,0.0,3.0,0.0,0.0,0.0,0.0,1.0,0.0,0.0,0.0,0.0,,,,,Football Players Stats 2024-2025
2024-25,serie_a_league,Pablo Marí,es ESP,DF,Monza,30.0,1993.0,19,19,1628,18.1,0,0,0,0,0.0,4,1,0.2,0.2,0.1,5.0,58.0,1.0,2.0,0.0,997.0,1112.0,89.7,3.0,1.0,26.0,15.0,37.0,85.0,2.0,1296.0,5.0,6.0,6.0,765.0,50.0,4.0,16.0,1.0,59.0,27.0,0.0,40.0,21.0,,,,,Football Players Stats 2024-2025
2024-25,serie_a_league,Pablo Marí,es ESP,DF,Fiorentina,30.0,1993.0,13,12,1098,12.2,0,0,0,0,0.0,2,0,0.1,0.1,0.0,2.0,27.0,0.0,5.0,1.0,565.0,619.0,91.3,0.0,0.0,14.0,9.0,25.0,94.0,0.0,784.0,5.0,1.0,0.0,409.0,31.0,4.0,10.0,0.0,39.0,14.0,0.0,31.0,12.0,,,,,Football Players Stats 2024-2025
2024-25,serie_a_league,Luca Marianucci,it ITA,DF,Empoli,20.0,2004.0,18,12,1069,11.9,0,0,0,0,0.0,0,1,0.6,0.6,0.2,12.0,28.0,3.0,8.0,2.0,354.0,461.0,76.8,3.0,7.0,28.0,12.0,19.0,63.0,1.0,609.0,5.0,10.0,5.0,299.0,29.0,5.0,12.0,0.0,43.0,11.0,0.0,28.0,33.0,,,,,Football Players Stats 2024-2025
2024-25,serie_a_league,Mirko Marić,hr CRO,"FW,MF",Monza,29.0,1995.0,8,1,106,1.2,0,0,0,0,0.0,0,0,0.2,0.2,0.0,1.0,3.0,8.0,1.0,0.0,26.0,41.0,63.4,1.0,2.0,1.0,0.0,1.0,1.0,0.0,54.0,6.0,1.0,1.0,25.0,1.0,0.0,2.0,0.0,4.0,2.0,0.0,6.0,12.0,,,,,Football Players Stats 2024-2025
2024-25,serie_a_league,Mirko Marić,hr CRO,FW,Venezia,29.0,1995.0,10,4,356,4.0,0,0,0,0,0.0,0,0,0.6,0.6,0.0,4.0,9.0,27.0,6.0,0.0,85.0,114.0,74.6,2.0,3.0,6.0,3.0,1.0,10.0,0.0,161.0,12.0,6.0,2.0,83.0,9.0,5.0,9.0,0.0,11.0,3.0,0.0,13.0,22.0,,,,,Football Players Stats 2024-2025
2024-25,serie_a_league,Rafa Marín,es ESP,DF,Napoli,22.0,2002.0,4,1,142,1.6,0,0,0,0,0.0,1,0,0.2,0.2,0.0,2.0,5.0,0.0,2.0,1.0,115.0,118.0,97.5,0.0,0.0,1.0,0.0,1.0,4.0,0.0,131.0,2.0,0.0,0.0,78.0,4.0,2.0,0.0,0.0,4.0,2.0,0.0,2.0,2.0,,,,,Football Players Stats 2024-2025
2024-25,serie_a_league,Răzvan Marin,ro ROU,MF,Cagliari,28.0,1996.0,33,13,1406,15.6,3,2,2,2,0.0,4,0,2.4,0.8,3.6,22.0,84.0,29.0,21.0,8.0,564.0,741.0,76.1,34.0,77.0,22.0,13.0,2.0,20.0,2.0,860.0,22.0,24.0,13.0,471.0,56.0,19.0,62.0,2.0,70.0,25.0,1.0,9.0,17.0,,,,,Football Players Stats 2024-2025
2024-25,serie_a_league,Guillermo Maripán,cl CHI,DF,Torino,30.0,1994.0,28,27,2340,26.0,1,1,0,0,0.0,4,1,0.9,0.9,1.0,14.0,96.0,9.0,12.0,5.0,1151.0,1333.0,86.3,5.0,2.0,40.0,23.0,41.0,138.0,1.0,1636.0,23.0,8.0,2.0,962.0,79.0,11.0,19.0,2.0,90.0,29.0,0.0,72.0,47.0,,,,,Football Players Stats 2024-2025
2024-25,serie_a_league,Aarón Martín,es ESP,DF,Genoa,27.0,1997.0,36,35,3085,34.3,0,8,0,0,0.0,5,0,0.9,0.9,5.5,50.0,90.0,108.0,16.0,4.0,1221.0,1685.0,72.5,65.0,256.0,71.0,47.0,19.0,73.0,1.0,1951.0,20.0,27.0,12.0,878.0,77.0,31.0,95.0,13.0,146.0,38.0,2.0,20.0,33.0,,,,,Football Players Stats 2024-2025
2024-25,serie_a_league,Josep Martinez,es ESP,GK,Inter,26.0,1998.0,5,5,450,5.0,0,0,0,0,0.0,0,0,0.0,0.0,0.1,0.0,0.0,0.0,0.0,0.0,206.0,241.0,85.5,1.0,0.0,0.0,0.0,0.0,0.0,0.0,246.0,0.0,0.0,0.0,176.0,0.0,0.0,1.0,0.0,4.0,0.0,0.0,1.0,0.0,3.0,3.0,11.0,0.0,Football Players Stats 2024-2025
2024-25,serie_a_league,Lautaro Martínez,ar ARG,FW,Inter,26.0,1997.0,30,30,2474,27.5,12,3,0,0,0.0,1,0,13.5,13.5,4.3,34.0,68.0,197.0,99.0,33.0,472.0,634.0,74.4,36.0,11.0,30.0,16.0,10.0,15.0,0.0,981.0,162.0,47.0,17.0,625.0,41.0,27.0,77.0,8.0,73.0,41.0,4.0,35.0,38.0,,,,,Football Players Stats 2024-2025
2024-25,serie_a_league,Lucas Martínez Quarta,ar ARG,DF,Fiorentina,28.0,1996.0,8,4,351,3.9,1,0,0,0,0.0,1,0,0.7,0.7,0.0,3.0,14.0,2.0,3.0,1.0,226.0,255.0,88.6,1.0,0.0,12.0,7.0,3.0,25.0,1.0,316.0,6.0,2.0,2.0,181.0,15.0,2.0,4.0,0.0,13.0,8.0,0.0,12.0,10.0,,,,,Football Players Stats 2024-2025
2024-25,serie_a_league,Kevin Martins,it ITA,"MF,DF",Monza,19.0,2005.0,9,1,183,2.0,0,1,0,0,0.0,1,0,0.0,0.0,0.4,3.0,6.0,10.0,0.0,0.0,38.0,56.0,67.9,2.0,6.0,5.0,4.0,1.0,4.0,1.0,80.0,2.0,6.0,4.0,51.0,6.0,2.0,2.0,1.0,12.0,3.0,0.0,2.0,1.0,,,,,Football Players Stats 2024-2025
2024-25,serie_a_league,Adam Marušić,me MNE,DF,Lazio,31.0,1992.0,35,26,2337,26.0,4,0,0,0,1.0,1,0,2.0,2.0,0.6,23.0,84.0,108.0,23.0,10.0,1053.0,1240.0,84.9,13.0,54.0,32.0,20.0,16.0,61.0,0.0,1433.0,31.0,23.0,10.0,683.0,72.0,27.0,33.0,3.0,83.0,20.0,0.0,29.0,26.0,,,,,Football Players Stats 2024-2025
2024-25,serie_a_league,Adam Masina,ma MAR,DF,Torino,30.0,1994.0,28,20,1919,21.3,1,2,0,0,0.0,5,0,0.7,0.7,0.3,15.0,73.0,10.0,8.0,2.0,1066.0,1267.0,84.1,4.0,14.0,33.0,15.0,27.0,95.0,2.0,1502.0,12.0,12.0,6.0,853.0,72.0,9.0,21.0,4.0,88.0,23.0,1.0,66.0,23.0,,,,,Football Players Stats 2024-2025
2024-25,serie_a_league,Patrizio Masini,it ITA,MF,Genoa,23.0,2001.0,26,16,1538,17.1,1,0,0,0,0.0,3,0,0.4,0.4,0.2,16.0,44.0,27.0,8.0,1.0,499.0,649.0,76.9,6.0,26.0,54.0,29.0,15.0,37.0,0.0,878.0,22.0,25.0,10.0,391.0,29.0,16.0,24.0,3.0,87.0,36.0,5.0,28.0,24.0,,,,,Football Players Stats 2024-2025
2024-25,serie_a_league,Alan Matturro,uy URU,DF,Genoa,19.0,2004.0,13,9,900,10.0,0,0,0,0,0.0,2,0,0.2,0.2,0.2,12.0,15.0,9.0,4.0,3.0,280.0,359.0,78.0,3.0,8.0,11.0,6.0,14.0,38.0,0.0,458.0,9.0,5.0,3.0,218.0,10.0,5.0,9.0,0.0,26.0,10.0,0.0,16.0,16.0,,,,,Football Players Stats 2024-2025
2024-25,serie_a_league,Andrea Mazza,it ITA,GK,Monza,20.0,2004.0,1,0,8,0.1,0,0,0,0,0.0,0,0,0.0,0.0,0.0,0.0,0.0,0.0,0.0,0.0,6.0,7.0,85.7,0.0,0.0,0.0,0.0,0.0,0.0,0.0,7.0,0.0,0.0,0.0,5.0,0.0,0.0,0.0,0.0,0.0,0.0,0.0,0.0,0.0,0.0,0.0,0.0,0.0,Football Players Stats 2024-2025
2024-25,serie_a_league,Luca Mazzitelli,it ITA,MF,Como,28.0,1995.0,11,3,335,3.7,1,1,0,0,0.0,1,0,0.2,0.2,0.6,2.0,27.0,14.0,7.0,3.0,156.0,197.0,79.2,6.0,12.0,9.0,6.0,3.0,10.0,0.0,235.0,10.0,5.0,4.0,132.0,21.0,5.0,13.0,1.0,14.0,9.0,0.0,2.0,6.0,,,,,Football Players Stats 2024-2025
2024-25,serie_a_league,Pasquale Mazzocchi,it ITA,"DF,FW",Napoli,29.0,1995.0,20,7,702,7.8,0,0,0,0,0.0,3,0,0.3,0.3,0.4,20.0,23.0,43.0,3.0,1.0,244.0,304.0,80.3,5.0,13.0,15.0,7.0,5.0,25.0,0.0,385.0,10.0,17.0,10.0,206.0,6.0,13.0,18.0,0.0,31.0,9.0,1.0,5.0,8.0,,,,,Football Players Stats 2024-2025
2024-25,serie_a_league,Samuel Mbangula,be BEL,FW,Juventus,20.0,2004.0,23,7,709,7.9,3,3,0,0,0.0,1,0,0.6,0.6,1.4,25.0,17.0,44.0,9.0,5.0,230.0,269.0,85.5,15.0,17.0,15.0,10.0,3.0,4.0,0.0,349.0,20.0,27.0,9.0,229.0,15.0,11.0,23.0,5.0,33.0,6.0,1.0,2.0,7.0,,,,,Football Players Stats 2024-2025
2024-25,serie_a_league,Weston McKennie,us USA,"MF,DF",Juventus,25.0,1998.0,32,27,2310,25.7,2,4,0,0,0.0,3,0,2.9,2.9,3.6,28.0,101.0,153.0,22.0,8.0,928.0,1117.0,83.1,32.0,19.0,33.0,12.0,14.0,37.0,0.0,1350.0,57.0,34.0,20.0,719.0,70.0,31.0,60.0,9.0,104.0,32.0,3.0,35.0,30.0,,,,,Football Players Stats 2024-2025
2024-25,serie_a_league,Scott McTominay,sct SCO,MF,Napoli,27.0,1996.0,34,33,2938,32.6,12,4,0,0,0.0,3,0,7.4,7.4,2.7,56.0,112.0,131.0,76.0,33.0,777.0,924.0,84.1,26.0,11.0,43.0,25.0,24.0,51.0,0.0,1314.0,106.0,88.0,39.0,726.0,72.0,40.0,69.0,10.0,143.0,45.0,5.0,66.0,50.0,,,,,Football Players Stats 2024-2025
2024-25,serie_a_league,Filippo Melegoni,it ITA,"MF,FW",Genoa,25.0,1999.0,3,1,89,1.0,0,1,0,0,0.0,0,0,0.0,0.0,0.5,0.0,1.0,2.0,1.0,0.0,9.0,16.0,56.3,1.0,2.0,1.0,1.0,0.0,2.0,0.0,27.0,1.0,2.0,1.0,13.0,1.0,1.0,1.0,1.0,2.0,0.0,0.0,1.0,0.0,,,,,Football Players Stats 2024-2025
2024-25,serie_a_league,Alex Meret,it ITA,GK,Napoli,27.0,1997.0,34,34,3005,33.4,0,0,0,0,1.0,0,0,0.0,0.0,0.0,0.0,1.0,0.0,0.0,0.0,1050.0,1223.0,85.9,0.0,0.0,0.0,0.0,0.0,16.0,0.0,1290.0,0.0,0.0,0.0,775.0,5.0,0.0,2.0,0.0,61.0,1.0,0.0,6.0,0.0,16.0,25.0,59.0,2.0,Football Players Stats 2024-2025
2024-25,serie_a_league,Junior Messias,br BRA,"MF,FW",Genoa,33.0,1991.0,17,8,847,9.4,1,1,0,1,0.0,1,0,2.4,1.4,0.7,32.0,32.0,49.0,17.0,5.0,149.0,234.0,63.7,8.0,22.0,13.0,7.0,6.0,20.0,0.0,397.0,18.0,44.0,10.0,226.0,23.0,26.0,23.0,3.0,39.0,8.0,4.0,14.0,26.0,,,,,Football Players Stats 2024-2025
2024-25,serie_a_league,Valentin Mihaila,ro ROU,"FW,MF",Parma,24.0,2000.0,21,16,1288,14.3,0,3,0,0,0.0,2,0,2.4,2.4,1.2,25.0,41.0,72.0,31.0,11.0,325.0,431.0,75.4,17.0,33.0,29.0,15.0,8.0,6.0,0.0,582.0,31.0,27.0,10.0,332.0,28.0,26.0,48.0,5.0,39.0,17.0,3.0,13.0,27.0,,,,,Football Players Stats 2024-2025
2024-25,serie_a_league,Vanja Milinković-Savić,rs SRB,GK,Torino,27.0,1997.0,37,37,3330,37.0,0,0,0,0,0.0,3,0,0.0,0.0,0.1,0.0,0.0,0.0,0.0,0.0,1107.0,1628.0,68.0,3.0,0.0,1.0,0.0,0.0,18.0,4.0,1737.0,0.0,0.0,0.0,1112.0,61.0,0.0,10.0,0.0,51.0,1.0,0.0,11.0,2.0,10.0,42.0,129.0,4.0,Football Players Stats 2024-2025
2024-25,serie_a_league,Yerry Mina,co COL,DF,Cagliari,29.0,1994.0,31,31,2569,28.5,1,0,0,0,0.0,6,1,2.3,2.3,0.3,17.0,76.0,9.0,26.0,8.0,1198.0,1394.0,85.9,4.0,1.0,66.0,32.0,37.0,163.0,3.0,1797.0,43.0,8.0,3.0,948.0,63.0,11.0,26.0,2.0,158.0,40.0,0.0,94.0,50.0,,,,,Football Players Stats 2024-2025
2024-25,serie_a_league,Juan Miranda,es ESP,DF,Bologna,24.0,2000.0,31,25,2277,25.3,0,6,0,0,0.0,4,1,0.7,0.7,6.1,34.0,163.0,88.0,22.0,5.0,1420.0,1877.0,75.7,57.0,211.0,32.0,18.0,23.0,50.0,1.0,2080.0,20.0,20.0,7.0,1047.0,156.0,27.0,96.0,13.0,97.0,26.0,1.0,36.0,33.0,,,,,Football Players Stats 2024-2025
2024-25,serie_a_league,Fabio Miretti,it ITA,"MF,FW",Genoa,20.0,2003.0,25,22,1677,18.6,3,3,0,0,0.0,2,0,3.1,3.1,2.0,33.0,54.0,100.0,24.0,6.0,422.0,567.0,74.4,22.0,61.0,28.0,15.0,7.0,13.0,2.0,847.0,56.0,73.0,25.0,461.0,24.0,22.0,53.0,6.0,85.0,23.0,4.0,11.0,23.0,,,,,Football Players Stats 2024-2025
2024-25,serie_a_league,Henrikh Mkhitaryan,am ARM,MF,Inter,35.0,1989.0,31,29,2328,25.9,1,4,0,0,0.0,4,0,1.5,1.5,2.7,72.0,199.0,93.0,23.0,2.0,1326.0,1518.0,87.4,29.0,22.0,43.0,24.0,16.0,41.0,0.0,1747.0,44.0,26.0,7.0,1036.0,156.0,56.0,101.0,12.0,131.0,33.0,1.0,23.0,13.0,,,,,Football Players Stats 2024-2025
2024-25,serie_a_league,Rui Modesto,ao ANG,"DF,MF",Udinese,24.0,1999.0,20,4,608,6.8,0,1,0,0,0.0,1,0,0.5,0.5,0.8,16.0,22.0,43.0,3.0,2.0,231.0,310.0,74.5,14.0,26.0,16.0,12.0,8.0,13.0,0.0,388.0,14.0,8.0,3.0,166.0,15.0,6.0,23.0,2.0,26.0,10.0,0.0,10.0,14.0,,,,,Football Players Stats 2024-2025
2024-25,serie_a_league,Lorenzo Montipò,it ITA,GK,Hellas Verona,28.0,1996.0,36,36,3240,36.0,0,0,0,0,1.0,0,0,0.0,0.0,0.0,0.0,1.0,0.0,0.0,0.0,520.0,1068.0,48.7,0.0,0.0,1.0,0.0,0.0,24.0,4.0,1170.0,0.0,0.0,0.0,508.0,37.0,0.0,5.0,0.0,28.0,0.0,0.0,7.0,1.0,8.0,64.0,97.0,1.0,Football Players Stats 2024-2025
2024-25,serie_a_league,Álvaro Morata,es ESP,"FW,MF",Milan,31.0,1992.0,16,13,1099,12.2,5,0,0,0,0.0,5,0,3.9,3.9,0.8,18.0,26.0,63.0,27.0,10.0,202.0,268.0,75.4,7.0,13.0,16.0,10.0,5.0,5.0,0.0,383.0,61.0,17.0,6.0,215.0,15.0,13.0,21.0,3.0,31.0,25.0,2.0,14.0,20.0,,,,,Football Players Stats 2024-2025
2024-25,serie_a_league,Alberto Moreno,es ESP,DF,Como,32.0,1992.0,24,21,1727,19.2,0,0,0,0,0.0,4,0,0.4,0.4,1.2,23.0,81.0,58.0,14.0,6.0,893.0,1082.0,82.5,19.0,49.0,25.0,11.0,14.0,40.0,2.0,1224.0,17.0,7.0,3.0,722.0,63.0,30.0,36.0,2.0,74.0,17.0,0.0,11.0,20.0,,,,,Football Players Stats 2024-2025
2024-25,serie_a_league,Matias Moreno,ar ARG,DF,Fiorentina,20.0,2003.0,4,2,144,1.6,0,0,0,0,0.0,0,0,0.0,0.0,0.0,1.0,6.0,1.0,0.0,0.0,58.0,71.0,81.7,1.0,2.0,8.0,8.0,1.0,9.0,0.0,98.0,1.0,3.0,3.0,55.0,5.0,0.0,3.0,0.0,5.0,4.0,0.0,3.0,4.0,,,,,Football Players Stats 2024-2025
2024-25,serie_a_league,Tete Morente,es ESP,"FW,MF",Lecce,27.0,1996.0,31,23,2021,22.5,3,2,0,0,0.0,5,0,2.9,2.9,1.6,48.0,102.0,144.0,41.0,13.0,545.0,729.0,74.8,25.0,56.0,27.0,17.0,14.0,31.0,1.0,983.0,40.0,55.0,30.0,560.0,54.0,43.0,61.0,4.0,104.0,26.0,2.0,37.0,23.0,,,,,Football Players Stats 2024-2025
2024-25,serie_a_league,Nikola Moro,hr CRO,MF,Bologna,26.0,1998.0,22,15,1208,13.4,0,2,0,0,0.0,1,0,0.5,0.5,0.8,17.0,93.0,21.0,14.0,2.0,646.0,805.0,80.2,20.0,33.0,35.0,27.0,13.0,18.0,0.0,923.0,3.0,12.0,7.0,486.0,98.0,11.0,48.0,6.0,73.0,22.0,0.0,17.0,16.0,,,,,Football Players Stats 2024-2025
2024-25,serie_a_league,Daniel Mosquera,co COL,FW,Hellas Verona,24.0,1999.0,35,12,1375,15.3,5,1,0,0,0.0,4,0,6.6,6.6,1.3,17.0,25.0,83.0,57.0,15.0,230.0,335.0,68.7,12.0,2.0,11.0,8.0,2.0,10.0,0.0,509.0,74.0,25.0,16.0,250.0,21.0,15.0,43.0,3.0,54.0,44.0,1.0,79.0,89.0,,,,,Football Players Stats 2024-2025
2024-25,serie_a_league,Dany Mota,pt POR,"FW,MF",Monza,26.0,1998.0,31,24,2104,23.4,5,2,0,0,0.0,3,0,5.1,5.1,1.8,53.0,47.0,139.0,42.0,11.0,412.0,569.0,72.4,22.0,38.0,13.0,3.0,9.0,27.0,3.0,820.0,80.0,39.0,13.0,501.0,27.0,29.0,55.0,3.0,61.0,30.0,7.0,60.0,71.0,,,,,Football Players Stats 2024-2025
2024-25,serie_a_league,Bob Murphy Omoregbe,it ITA,MF,Milan,20.0,2003.0,1,0,3,0.0,0,0,0,0,0.0,0,0,0.0,0.0,0.0,0.0,0.0,1.0,0.0,0.0,1.0,2.0,50.0,0.0,1.0,0.0,0.0,0.0,0.0,0.0,2.0,1.0,0.0,0.0,1.0,0.0,0.0,0.0,0.0,0.0,1.0,0.0,0.0,0.0,,,,,Football Players Stats 2024-2025
2024-25,serie_a_league,Yunus Musah,us USA,"MF,FW",Milan,21.0,2002.0,29,19,1571,17.5,0,2,0,0,0.0,5,0,1.9,1.9,1.8,51.0,84.0,74.0,22.0,5.0,631.0,724.0,87.2,23.0,24.0,27.0,19.0,7.0,9.0,3.0,888.0,37.0,37.0,21.0,581.0,60.0,44.0,45.0,4.0,60.0,36.0,1.0,8.0,14.0,,,,,Football Players Stats 2024-2025
2024-25,serie_a_league,Juan Musso,ar ARG,GK,Atalanta,30.0,1994.0,1,1,90,1.0,0,0,0,0,0.0,0,0,0.0,0.0,0.0,0.0,0.0,0.0,0.0,0.0,17.0,33.0,51.5,0.0,0.0,0.0,0.0,0.0,0.0,0.0,35.0,0.0,0.0,0.0,12.0,0.0,0.0,0.0,0.0,1.0,0.0,0.0,0.0,0.0,1.0,0.0,4.0,0.0,Football Players Stats 2024-2025
2024-25,serie_a_league,Kingstone Mutandwa,zm ZAM,"FW,MF",Cagliari,21.0,2003.0,6,0,127,1.4,0,0,0,0,0.0,0,0,0.4,0.4,0.0,1.0,0.0,7.0,4.0,0.0,19.0,28.0,67.9,0.0,1.0,0.0,0.0,0.0,0.0,0.0,44.0,4.0,3.0,1.0,25.0,1.0,1.0,1.0,0.0,6.0,7.0,1.0,3.0,4.0,,,,,Football Players Stats 2024-2025
2024-25,serie_a_league,Obite N'Dicka,ci CIV,DF,Roma,24.0,1999.0,38,38,3420,38.0,0,1,0,0,0.0,2,0,1.0,1.0,0.7,29.0,107.0,5.0,18.0,5.0,2295.0,2492.0,92.1,8.0,0.0,32.0,26.0,33.0,150.0,2.0,2823.0,26.0,3.0,0.0,1734.0,124.0,19.0,33.0,3.0,134.0,37.0,0.0,61.0,49.0,,,,,Football Players Stats 2024-2025
2024-25,serie_a_league,Konan N'dri,ci CIV,"FW,MF",Lecce,23.0,2000.0,11,2,306,3.4,0,0,0,0,0.0,0,0,0.5,0.5,0.2,16.0,2.0,22.0,9.0,2.0,45.0,67.0,67.2,6.0,13.0,3.0,3.0,1.0,0.0,0.0,122.0,9.0,20.0,7.0,78.0,1.0,13.0,13.0,0.0,7.0,7.0,3.0,1.0,3.0,,,,,Football Players Stats 2024-2025
2024-25,serie_a_league,Michel Ndary Adopo,fr FRA,MF,Cagliari,24.0,2000.0,35,27,2409,26.8,1,1,0,0,0.0,5,1,1.1,1.1,2.3,20.0,106.0,61.0,20.0,4.0,813.0,979.0,83.0,19.0,8.0,55.0,32.0,27.0,25.0,0.0,1222.0,32.0,42.0,19.0,656.0,90.0,21.0,50.0,5.0,135.0,29.0,0.0,29.0,24.0,,,,,Football Players Stats 2024-2025
2024-25,serie_a_league,Cher Ndour,it ITA,"MF,DF",Fiorentina,20.0,2004.0,9,4,406,4.5,0,0,0,0,0.0,1,0,0.1,0.1,0.0,12.0,17.0,26.0,4.0,0.0,184.0,227.0,81.1,1.0,7.0,4.0,1.0,2.0,7.0,1.0,265.0,8.0,4.0,2.0,155.0,15.0,7.0,10.0,0.0,20.0,6.0,1.0,14.0,14.0,,,,,Football Players Stats 2024-2025
2024-25,serie_a_league,Dan Ndoye,ch SUI,FW,Bologna,23.0,2000.0,30,26,2143,23.8,8,4,2,2,0.0,4,0,7.0,5.4,3.8,132.0,74.0,231.0,50.0,17.0,519.0,704.0,73.7,27.0,44.0,26.0,19.0,9.0,4.0,0.0,1021.0,105.0,96.0,37.0,755.0,39.0,54.0,88.0,9.0,89.0,23.0,15.0,14.0,21.0,,,,,Football Players Stats 2024-2025
2024-25,serie_a_league,Victor Nelsson,dk DEN,DF,Roma,25.0,1998.0,4,1,187,2.1,0,0,0,0,0.0,0,0,0.0,0.0,0.0,0.0,4.0,0.0,1.0,0.0,106.0,120.0,88.3,0.0,0.0,5.0,4.0,2.0,9.0,0.0,141.0,2.0,1.0,1.0,66.0,7.0,0.0,0.0,0.0,4.0,2.0,0.0,7.0,2.0,,,,,Football Players Stats 2024-2025
2024-25,serie_a_league,David Neres,br BRA,FW,Napoli,27.0,1997.0,28,13,1283,14.3,2,4,0,0,0.0,1,0,2.7,2.7,3.5,73.0,32.0,143.0,29.0,7.0,420.0,555.0,75.7,26.0,92.0,21.0,11.0,7.0,4.0,0.0,724.0,60.0,75.0,33.0,443.0,23.0,37.0,59.0,9.0,52.0,14.0,1.0,3.0,10.0,,,,,Football Players Stats 2024-2025
2024-25,serie_a_league,Cyril Ngonge,be BEL,FW,Napoli,24.0,2000.0,18,1,216,2.4,0,0,0,0,0.0,2,0,0.7,0.7,0.4,7.0,8.0,36.0,13.0,6.0,68.0,87.0,78.2,3.0,11.0,8.0,5.0,2.0,4.0,0.0,145.0,10.0,21.0,7.0,93.0,6.0,5.0,12.0,0.0,8.0,8.0,1.0,4.0,6.0,,,,,Football Players Stats 2024-2025
2024-25,serie_a_league,Hans Nicolussi Caviglia,it ITA,MF,Venezia,24.0,2000.0,35,33,2861,31.8,4,2,0,0,0.0,7,1,2.4,2.4,2.1,20.0,140.0,22.0,53.0,20.0,1119.0,1411.0,79.3,29.0,72.0,47.0,28.0,28.0,55.0,2.0,1739.0,11.0,50.0,17.0,901.0,123.0,24.0,66.0,4.0,147.0,50.0,0.0,27.0,23.0,,,,,Football Players Stats 2024-2025
2024-25,serie_a_league,Oliver Nielsen,dk DEN,DF,Lazio,21.0,2003.0,2,0,35,0.4,0,0,0,0,0.0,1,0,0.0,0.0,0.0,0.0,0.0,0.0,0.0,0.0,18.0,20.0,90.0,0.0,0.0,0.0,0.0,1.0,2.0,0.0,23.0,0.0,0.0,0.0,10.0,2.0,0.0,0.0,0.0,1.0,2.0,0.0,0.0,2.0,,,,,Football Players Stats 2024-2025
2024-25,serie_a_league,Eybi Nije,se SWE,"FW,MF",Torino,19.0,2005.0,16,0,394,4.4,1,0,0,0,0.0,1,0,1.5,1.5,0.4,10.0,7.0,26.0,9.0,5.0,63.0,95.0,66.3,4.0,6.0,5.0,1.0,0.0,1.0,0.0,167.0,14.0,19.0,7.0,108.0,4.0,7.0,9.0,1.0,12.0,12.0,1.0,12.0,17.0,,,,,Football Players Stats 2024-2025
2024-25,serie_a_league,Brooke Norton-Cuffy,eng ENG,"DF,FW",Genoa,20.0,2004.0,14,8,719,8.0,0,0,0,0,0.0,0,0,0.3,0.3,0.2,12.0,18.0,21.0,5.0,2.0,197.0,262.0,75.2,2.0,12.0,12.0,7.0,3.0,12.0,0.0,344.0,8.0,20.0,7.0,190.0,10.0,12.0,13.0,3.0,26.0,7.0,0.0,12.0,16.0,,,,,Football Players Stats 2024-2025
2024-25,serie_a_league,Tijjani Noslin,nl NED,"FW,MF",Lazio,25.0,1999.0,30,8,861,9.6,2,2,0,0,0.0,2,0,2.0,2.0,1.6,13.0,16.0,56.0,19.0,6.0,186.0,248.0,75.0,12.0,15.0,6.0,5.0,1.0,7.0,0.0,347.0,47.0,19.0,8.0,194.0,12.0,12.0,27.0,4.0,22.0,21.0,2.0,27.0,29.0,,,,,Football Players Stats 2024-2025
2024-25,serie_a_league,Adam Obert,sk SVK,DF,Cagliari,21.0,2002.0,21,13,1077,12.0,1,1,0,0,0.0,4,0,0.9,0.9,0.4,12.0,50.0,19.0,9.0,2.0,413.0,537.0,76.9,10.0,11.0,31.0,18.0,23.0,48.0,2.0,710.0,13.0,14.0,5.0,298.0,36.0,9.0,25.0,4.0,59.0,22.0,1.0,25.0,22.0,,,,,Football Players Stats 2024-2025
2024-25,serie_a_league,Jens Odgaard,dk DEN,"MF,FW",Bologna,25.0,1999.0,29,24,1952,21.7,6,1,0,0,0.0,1,0,3.6,3.6,1.8,35.0,50.0,99.0,49.0,22.0,374.0,500.0,74.8,16.0,24.0,20.0,14.0,9.0,12.0,1.0,759.0,68.0,53.0,15.0,454.0,34.0,26.0,45.0,6.0,70.0,42.0,4.0,43.0,62.0,,,,,Football Players Stats 2024-2025
2024-25,serie_a_league,Noah Okafor,ch SUI,FW,Milan,24.0,2000.0,11,5,414,4.6,1,0,0,0,0.0,0,0,1.5,1.5,0.3,21.0,12.0,48.0,13.0,7.0,77.0,105.0,73.3,4.0,13.0,2.0,1.0,2.0,1.0,0.0,163.0,28.0,25.0,12.0,111.0,4.0,11.0,11.0,2.0,8.0,6.0,0.0,2.0,5.0,,,,,Football Players Stats 2024-2025
2024-25,serie_a_league,Noah Okafor,ch SUI,"FW,MF",Napoli,24.0,2000.0,4,0,40,0.4,0,0,0,0,0.0,0,0,0.0,0.0,0.6,7.0,1.0,6.0,1.0,0.0,11.0,17.0,64.7,3.0,3.0,3.0,2.0,0.0,1.0,0.0,29.0,6.0,7.0,2.0,15.0,2.0,2.0,4.0,0.0,3.0,2.0,0.0,2.0,2.0,,,,,Football Players Stats 2024-2025
2024-25,serie_a_league,Yllan Okou,fr FRA,DF,Hellas Verona,21.0,2002.0,1,0,2,0.0,0,0,0,0,0.0,0,0,0.0,0.0,0.0,0.0,0.0,0.0,0.0,0.0,0.0,2.0,0.0,0.0,0.0,0.0,0.0,0.0,0.0,0.0,3.0,0.0,0.0,0.0,1.0,0.0,0.0,0.0,0.0,0.0,0.0,0.0,0.0,0.0,,,,,Football Players Stats 2024-2025
2024-25,serie_a_league,Maduka Okoye,ng NGA,GK,Udinese,24.0,1999.0,25,25,2250,25.0,0,0,0,0,1.0,1,0,0.0,0.0,0.0,0.0,1.0,0.0,0.0,0.0,681.0,878.0,77.6,0.0,0.0,0.0,0.0,0.0,12.0,1.0,940.0,0.0,0.0,0.0,589.0,18.0,0.0,1.0,0.0,51.0,0.0,0.0,7.0,0.0,4.0,40.0,73.0,0.0,Football Players Stats 2024-2025
2024-25,serie_a_league,Mathías Olivera,uy URU,DF,Napoli,26.0,1997.0,32,26,2370,26.3,0,2,0,0,0.0,4,0,1.1,1.1,1.7,46.0,126.0,62.0,16.0,2.0,1350.0,1580.0,85.4,25.0,22.0,63.0,35.0,28.0,74.0,1.0,1884.0,42.0,16.0,5.0,957.0,121.0,23.0,42.0,5.0,93.0,28.0,3.0,41.0,36.0,,,,,Football Players Stats 2024-2025
2024-25,serie_a_league,Jean Onana,cm CMR,MF,Genoa,24.0,2000.0,9,2,304,3.4,0,0,0,0,0.0,1,0,0.0,0.0,0.1,1.0,11.0,4.0,1.0,0.0,108.0,134.0,80.6,2.0,1.0,12.0,6.0,4.0,8.0,1.0,183.0,1.0,4.0,2.0,82.0,8.0,1.0,4.0,0.0,13.0,12.0,0.0,6.0,10.0,,,,,Football Players Stats 2024-2025
2024-25,serie_a_league,Jacob Ondrejka,se SWE,"MF,FW",Parma,21.0,2002.0,12,3,422,4.7,5,0,0,0,0.0,0,0,1.3,1.3,0.6,13.0,11.0,21.0,14.0,10.0,95.0,127.0,74.8,7.0,16.0,12.0,6.0,7.0,2.0,0.0,192.0,19.0,8.0,6.0,107.0,3.0,11.0,14.0,1.0,18.0,1.0,1.0,0.0,5.0,,,,,Football Players Stats 2024-2025
2024-25,serie_a_league,Gaetano Oristanio,it ITA,"FW,MF",Venezia,21.0,2002.0,37,29,2315,25.7,3,3,0,0,0.0,3,0,4.1,4.1,2.6,72.0,64.0,131.0,44.0,12.0,307.0,443.0,69.3,33.0,59.0,17.0,13.0,6.0,6.0,1.0,758.0,88.0,123.0,55.0,543.0,32.0,48.0,69.0,7.0,84.0,50.0,9.0,14.0,38.0,,,,,Football Players Stats 2024-2025
2024-25,serie_a_league,Riccardo Orsolini,it ITA,FW,Bologna,27.0,1997.0,30,23,1878,20.9,15,4,3,3,0.0,2,0,10.1,7.8,3.7,61.0,69.0,186.0,72.0,25.0,425.0,646.0,65.8,30.0,70.0,16.0,13.0,8.0,10.0,1.0,916.0,88.0,73.0,33.0,589.0,34.0,27.0,59.0,5.0,65.0,27.0,5.0,23.0,19.0,,,,,Football Players Stats 2024-2025
2024-25,serie_a_league,Yordan Osorio,ve VEN,DF,Parma,30.0,1994.0,3,2,172,1.9,0,0,0,0,0.0,0,0,0.0,0.0,0.1,1.0,3.0,0.0,1.0,0.0,104.0,119.0,87.4,1.0,0.0,5.0,3.0,4.0,6.0,1.0,141.0,1.0,0.0,0.0,88.0,1.0,0.0,1.0,0.0,6.0,5.0,0.0,2.0,1.0,,,,,Football Players Stats 2024-2025
2024-25,serie_a_league,Sebastian Otoa,dk DEN,DF,Genoa,20.0,2004.0,3,3,179,2.0,0,0,0,0,0.0,1,1,0.0,0.0,0.0,0.0,0.0,0.0,0.0,0.0,56.0,64.0,87.5,0.0,0.0,1.0,0.0,3.0,14.0,0.0,88.0,0.0,0.0,0.0,49.0,0.0,0.0,0.0,0.0,5.0,5.0,0.0,6.0,3.0,,,,,Football Players Stats 2024-2025
2024-25,serie_a_league,Remi Oudin,fr FRA,"MF,FW",Lecce,27.0,1996.0,11,3,299,3.3,0,0,0,0,0.0,1,0,0.1,0.1,0.6,2.0,13.0,16.0,3.0,1.0,96.0,143.0,67.1,6.0,23.0,3.0,1.0,2.0,1.0,0.0,168.0,2.0,6.0,3.0,94.0,9.0,5.0,14.0,1.0,18.0,2.0,0.0,1.0,1.0,,,,,Football Players Stats 2024-2025
2024-25,serie_a_league,Cheick Oumar Conde,gn GUI,MF,Venezia,24.0,2000.0,9,1,151,1.7,0,0,0,0,0.0,2,0,0.0,0.0,0.0,2.0,8.0,5.0,1.0,0.0,34.0,51.0,66.7,1.0,0.0,6.0,5.0,4.0,3.0,0.0,80.0,3.0,5.0,2.0,31.0,6.0,4.0,5.0,0.0,13.0,5.0,1.0,7.0,3.0,,,,,Football Players Stats 2024-2025
2024-25,serie_a_league,Daniel Oyegoke,eng ENG,DF,Hellas Verona,21.0,2003.0,5,0,103,1.1,0,0,0,0,0.0,1,0,0.0,0.0,0.0,2.0,2.0,5.0,1.0,0.0,32.0,46.0,69.6,0.0,4.0,2.0,2.0,1.0,7.0,0.0,65.0,1.0,3.0,2.0,32.0,1.0,0.0,0.0,0.0,5.0,2.0,0.0,0.0,2.0,,,,,Football Players Stats 2024-2025
2024-25,serie_a_league,Daniele Padelli,it ITA,GK,Udinese,38.0,1985.0,1,1,90,1.0,0,0,0,0,0.0,0,0,0.0,0.0,0.0,0.0,0.0,0.0,0.0,0.0,15.0,20.0,75.0,0.0,0.0,0.0,0.0,0.0,0.0,0.0,22.0,0.0,0.0,0.0,10.0,0.0,0.0,0.0,0.0,0.0,0.0,0.0,0.0,0.0,1.0,0.0,3.0,0.0,Football Players Stats 2024-2025
2024-25,serie_a_league,Simone Pafundi,it ITA,"MF,DF",Udinese,18.0,2006.0,9,0,116,1.3,0,0,0,0,0.0,0,0,0.1,0.1,0.7,3.0,0.0,7.0,2.0,1.0,57.0,77.0,74.0,3.0,14.0,3.0,3.0,0.0,1.0,0.0,95.0,1.0,7.0,1.0,56.0,4.0,9.0,6.0,0.0,3.0,1.0,0.0,0.0,2.0,,,,,Football Players Stats 2024-2025
2024-25,serie_a_league,Tomás Palacios,ar ARG,DF,Monza,21.0,2003.0,8,5,446,5.0,0,0,0,0,0.0,2,0,0.0,0.0,0.0,3.0,21.0,2.0,1.0,0.0,321.0,362.0,88.7,0.0,1.0,11.0,5.0,8.0,17.0,2.0,417.0,1.0,9.0,8.0,293.0,21.0,1.0,5.0,0.0,29.0,2.0,1.0,6.0,4.0,,,,,Football Players Stats 2024-2025
2024-25,serie_a_league,Tomás Palacios,ar ARG,DF,Inter,21.0,2003.0,2,0,11,0.1,0,0,0,0,0.0,0,0,0.0,0.0,0.0,0.0,3.0,0.0,0.0,0.0,15.0,15.0,100.0,0.0,0.0,0.0,0.0,1.0,0.0,0.0,15.0,0.0,0.0,0.0,14.0,2.0,0.0,1.0,0.0,2.0,0.0,0.0,0.0,0.0,,,,,Football Players Stats 2024-2025
2024-25,serie_a_league,Alberto Paleari,it ITA,GK,Torino,31.0,1992.0,1,1,90,1.0,0,0,0,0,0.0,0,0,0.0,0.0,0.0,0.0,0.0,0.0,0.0,0.0,28.0,32.0,87.5,0.0,0.0,0.0,0.0,0.0,2.0,0.0,37.0,0.0,0.0,0.0,23.0,0.0,0.0,0.0,0.0,2.0,0.0,0.0,0.0,0.0,0.0,3.0,4.0,0.0,Football Players Stats 2024-2025
2024-25,serie_a_league,Marco Palestra,it ITA,DF,Atalanta,19.0,2005.0,9,2,222,2.5,0,0,0,0,0.0,0,0,0.0,0.0,0.2,13.0,6.0,14.0,0.0,0.0,85.0,109.0,78.0,3.0,12.0,6.0,4.0,2.0,4.0,0.0,137.0,12.0,12.0,4.0,89.0,7.0,6.0,8.0,0.0,7.0,1.0,0.0,2.0,2.0,,,,,Football Players Stats 2024-2025
2024-25,serie_a_league,Matteo Palma,de GER,DF,Udinese,16.0,2008.0,1,0,5,0.1,0,0,0,0,0.0,0,0,0.0,0.0,0.0,0.0,1.0,0.0,0.0,0.0,5.0,7.0,71.4,0.0,0.0,0.0,0.0,0.0,1.0,0.0,9.0,0.0,0.0,0.0,5.0,0.0,0.0,0.0,0.0,1.0,1.0,0.0,1.0,0.0,,,,,Football Players Stats 2024-2025
2024-25,serie_a_league,Leandro Paredes,ar ARG,MF,Roma,30.0,1994.0,22,15,1373,15.3,3,1,2,2,0.0,4,0,2.3,0.7,1.5,17.0,106.0,14.0,24.0,7.0,1105.0,1256.0,88.0,21.0,57.0,26.0,14.0,19.0,33.0,2.0,1381.0,5.0,3.0,3.0,826.0,110.0,16.0,48.0,2.0,83.0,15.0,0.0,9.0,2.0,,,,,Football Players Stats 2024-2025
2024-25,serie_a_league,Fabiano Parisi,it ITA,"DF,MF",Fiorentina,23.0,2000.0,25,11,1049,11.7,2,0,0,0,0.0,3,0,0.5,0.5,0.8,25.0,40.0,35.0,8.0,4.0,383.0,476.0,80.5,4.0,12.0,27.0,17.0,17.0,17.0,0.0,607.0,16.0,26.0,10.0,341.0,27.0,17.0,14.0,2.0,64.0,16.0,2.0,13.0,17.0,,,,,Football Players Stats 2024-2025
2024-25,serie_a_league,Mario Pašalić,hr CRO,MF,Atalanta,29.0,1995.0,34,23,1967,21.9,3,4,0,1,0.0,1,0,6.6,5.8,3.3,44.0,149.0,68.0,45.0,11.0,1198.0,1373.0,87.3,32.0,11.0,26.0,16.0,12.0,28.0,1.0,1580.0,70.0,18.0,5.0,1048.0,132.0,52.0,71.0,9.0,112.0,19.0,0.0,30.0,29.0,,,,,Football Players Stats 2024-2025
2024-25,serie_a_league,Patric,es ESP,DF,Lazio,31.0,1993.0,10,5,607,6.7,1,0,0,0,0.0,2,0,1.1,1.1,0.0,4.0,30.0,5.0,2.0,1.0,356.0,403.0,88.3,1.0,2.0,9.0,6.0,3.0,22.0,1.0,449.0,4.0,0.0,0.0,276.0,23.0,2.0,11.0,0.0,29.0,5.0,0.0,7.0,6.0,,,,,Football Players Stats 2024-2025
2024-25,serie_a_league,Rui Patrício,pt POR,GK,Atalanta,36.0,1988.0,3,3,270,3.0,0,0,0,0,0.0,0,0,0.0,0.0,0.0,0.0,0.0,0.0,0.0,0.0,85.0,101.0,84.2,0.0,0.0,0.0,0.0,0.0,3.0,0.0,107.0,0.0,0.0,0.0,68.0,0.0,0.0,0.0,0.0,7.0,0.0,0.0,1.0,0.0,1.0,3.0,11.0,0.0,Football Players Stats 2024-2025
2024-25,serie_a_league,Benjamin Pavard,fr FRA,DF,Inter,28.0,1996.0,23,18,1584,17.6,0,1,0,0,0.0,4,0,0.5,0.5,0.8,13.0,92.0,26.0,8.0,1.0,1050.0,1150.0,91.3,8.0,11.0,29.0,16.0,16.0,52.0,0.0,1291.0,35.0,2.0,0.0,855.0,84.0,20.0,21.0,1.0,46.0,18.0,1.0,40.0,32.0,,,,,Football Players Stats 2024-2025
2024-25,serie_a_league,Strahinja Pavlović,rs SRB,DF,Milan,23.0,2001.0,24,21,1864,20.7,2,1,0,0,0.0,3,1,1.8,1.8,1.1,40.0,94.0,10.0,17.0,8.0,1208.0,1369.0,88.2,6.0,10.0,52.0,31.0,16.0,82.0,0.0,1589.0,18.0,12.0,4.0,1036.0,98.0,29.0,29.0,3.0,67.0,20.0,3.0,45.0,21.0,,,,,Football Players Stats 2024-2025
2024-25,serie_a_league,Leonardo Pavoletti,it ITA,"FW,MF",Cagliari,35.0,1988.0,26,1,445,4.9,2,0,0,0,0.0,5,0,2.7,2.7,1.0,1.0,17.0,26.0,18.0,7.0,92.0,158.0,58.2,9.0,0.0,1.0,0.0,0.0,3.0,0.0,225.0,28.0,1.0,0.0,86.0,9.0,2.0,17.0,1.0,9.0,25.0,1.0,56.0,44.0,,,,,Football Players Stats 2024-2025
2024-25,serie_a_league,Martín Payero,ar ARG,MF,Udinese,25.0,1998.0,25,16,1381,15.3,1,1,0,0,0.0,5,0,1.2,1.2,1.3,33.0,51.0,44.0,31.0,5.0,353.0,454.0,77.8,15.0,39.0,24.0,16.0,13.0,13.0,0.0,649.0,26.0,70.0,30.0,368.0,46.0,35.0,51.0,5.0,75.0,35.0,10.0,21.0,20.0,,,,,Football Players Stats 2024-2025
2024-25,serie_a_league,Nicolás Paz,ar ARG,"MF,FW",Como,19.0,2004.0,35,30,2687,29.9,6,8,0,1,0.0,6,0,9.3,8.5,6.0,77.0,163.0,171.0,109.0,37.0,992.0,1231.0,80.6,54.0,41.0,51.0,33.0,21.0,16.0,0.0,1683.0,85.0,135.0,69.0,1093.0,116.0,62.0,144.0,16.0,118.0,47.0,6.0,31.0,23.0,,,,,Football Players Stats 2024-2025
2024-25,serie_a_league,Marcus Pedersen,no NOR,DF,Torino,24.0,2000.0,29,15,1362,15.1,0,0,0,0,0.0,3,0,0.6,0.6,0.4,44.0,19.0,77.0,8.0,3.0,376.0,516.0,72.9,7.0,56.0,13.0,8.0,13.0,34.0,1.0,655.0,27.0,25.0,7.0,365.0,14.0,24.0,15.0,0.0,43.0,16.0,1.0,6.0,19.0,,,,,Football Players Stats 2024-2025
2024-25,serie_a_league,Pedro,es ESP,"FW,MF",Lazio,37.0,1987.0,30,6,1102,12.2,10,1,2,2,0.0,2,0,5.3,3.8,1.7,48.0,76.0,89.0,37.0,16.0,482.0,604.0,79.8,22.0,65.0,19.0,14.0,3.0,3.0,1.0,722.0,61.0,32.0,16.0,435.0,53.0,25.0,50.0,3.0,59.0,17.0,0.0,1.0,6.0,,,,,Football Players Stats 2024-2025
2024-25,serie_a_league,Pietro Pellegri,it ITA,FW,Empoli,23.0,2001.0,11,5,414,4.6,3,0,0,0,0.0,2,0,0.3,0.3,0.6,12.0,8.0,28.0,8.0,4.0,50.0,72.0,69.4,7.0,3.0,7.0,2.0,0.0,3.0,0.0,128.0,14.0,14.0,5.0,80.0,3.0,6.0,15.0,2.0,15.0,10.0,0.0,3.0,20.0,,,,,Football Players Stats 2024-2025
2024-25,serie_a_league,Lorenzo Pellegrini,it ITA,MF,Roma,28.0,1996.0,25,20,1626,18.1,2,1,1,1,0.0,4,0,4.7,3.9,2.5,27.0,61.0,82.0,41.0,13.0,519.0,653.0,79.5,27.0,49.0,24.0,16.0,6.0,22.0,0.0,825.0,53.0,27.0,11.0,463.0,35.0,27.0,60.0,5.0,61.0,26.0,2.0,10.0,20.0,,,,,Football Players Stats 2024-2025
2024-25,serie_a_league,Luca Pellegrini,it ITA,DF,Lazio,25.0,1999.0,22,10,1067,11.9,0,4,0,0,0.0,5,0,0.7,0.7,1.8,21.0,72.0,61.0,13.0,4.0,541.0,717.0,75.5,20.0,89.0,23.0,11.0,19.0,32.0,0.0,851.0,15.0,28.0,11.0,420.0,63.0,23.0,46.0,12.0,41.0,18.0,1.0,8.0,7.0,,,,,Football Players Stats 2024-2025
2024-25,serie_a_league,Mateo Pellegrino,ar ARG,FW,Parma,23.0,2001.0,13,8,737,8.2,3,1,0,0,0.0,2,0,3.3,3.3,0.7,6.0,15.0,37.0,22.0,9.0,89.0,164.0,54.3,5.0,4.0,3.0,2.0,1.0,6.0,0.0,263.0,39.0,9.0,3.0,164.0,11.0,5.0,20.0,3.0,20.0,27.0,1.0,49.0,44.0,,,,,Football Players Stats 2024-2025
2024-25,serie_a_league,Andy Pelmard,fr FRA,DF,Lecce,24.0,2000.0,3,1,129,1.4,0,0,0,0,0.0,1,0,0.0,0.0,0.0,1.0,1.0,0.0,0.0,0.0,27.0,34.0,79.4,0.0,0.0,6.0,6.0,0.0,5.0,0.0,48.0,0.0,1.0,1.0,19.0,0.0,1.0,1.0,0.0,4.0,2.0,0.0,0.0,1.0,,,,,Football Players Stats 2024-2025
2024-25,serie_a_league,Sergiu Perciun,md MDA,"FW,MF",Torino,18.0,2006.0,5,0,152,1.7,0,0,0,0,0.0,0,0,0.0,0.0,0.1,2.0,4.0,12.0,2.0,1.0,34.0,52.0,65.4,2.0,5.0,2.0,2.0,1.0,2.0,0.0,72.0,6.0,5.0,2.0,48.0,2.0,0.0,8.0,1.0,10.0,3.0,1.0,0.0,2.0,,,,,Football Players Stats 2024-2025
2024-25,serie_a_league,Pedro Pereira,pt POR,DF,Monza,26.0,1998.0,35,32,2665,29.6,1,3,0,0,0.0,10,0,1.2,1.2,1.6,52.0,66.0,107.0,13.0,6.0,925.0,1146.0,80.7,14.0,57.0,53.0,32.0,21.0,85.0,5.0,1409.0,33.0,25.0,14.0,798.0,54.0,37.0,35.0,4.0,88.0,48.0,0.0,27.0,40.0,,,,,Football Players Stats 2024-2025
2024-25,serie_a_league,Gastón Pereiro,uy URU,MF,Genoa,29.0,1995.0,2,0,31,0.3,0,0,0,0,0.0,0,0,0.0,0.0,0.0,0.0,2.0,2.0,0.0,0.0,11.0,15.0,73.3,0.0,1.0,1.0,0.0,0.0,1.0,0.0,17.0,2.0,0.0,0.0,7.0,1.0,0.0,1.0,0.0,0.0,0.0,0.0,1.0,1.0,,,,,Football Players Stats 2024-2025
2024-25,serie_a_league,Kike Pérez,es ESP,MF,Venezia,27.0,1997.0,16,13,1114,12.4,1,0,0,0,0.0,4,0,0.9,0.9,1.2,18.0,60.0,31.0,13.0,7.0,475.0,635.0,74.8,16.0,49.0,41.0,25.0,10.0,15.0,0.0,793.0,10.0,28.0,13.0,443.0,61.0,19.0,31.0,2.0,71.0,31.0,0.0,14.0,16.0,,,,,Football Players Stats 2024-2025
2024-25,serie_a_league,Nehuén Pérez,ar ARG,DF,Udinese,24.0,2000.0,2,2,180,2.0,0,0,0,0,0.0,0,0,0.0,0.0,0.0,2.0,4.0,2.0,0.0,0.0,49.0,60.0,81.7,0.0,0.0,1.0,1.0,1.0,7.0,0.0,74.0,1.0,1.0,1.0,28.0,5.0,1.0,0.0,0.0,6.0,3.0,0.0,3.0,1.0,,,,,Football Players Stats 2024-2025
2024-25,serie_a_league,Simone Perilli,it ITA,GK,Hellas Verona,29.0,1995.0,2,2,180,2.0,0,0,0,0,0.0,0,0,0.0,0.0,0.0,0.0,0.0,0.0,0.0,0.0,13.0,49.0,26.5,0.0,0.0,0.0,0.0,0.0,1.0,0.0,56.0,0.0,0.0,0.0,22.0,1.0,0.0,0.0,0.0,1.0,0.0,0.0,1.0,0.0,0.0,2.0,9.0,0.0,Football Players Stats 2024-2025
2024-25,serie_a_league,Mattia Perin,it ITA,GK,Juventus,31.0,1992.0,5,5,450,5.0,0,0,0,0,0.0,0,0,0.0,0.0,0.0,0.0,0.0,0.0,0.0,0.0,145.0,182.0,79.7,0.0,0.0,0.0,0.0,0.0,2.0,0.0,185.0,0.0,0.0,0.0,123.0,2.0,0.0,0.0,0.0,6.0,0.0,0.0,1.0,0.0,3.0,3.0,13.0,0.0,Football Players Stats 2024-2025
2024-25,serie_a_league,Máximo Perrone,ar ARG,MF,Como,21.0,2003.0,26,20,1857,20.6,0,3,0,0,0.0,6,0,0.9,0.9,2.2,16.0,98.0,19.0,10.0,2.0,1214.0,1343.0,90.4,30.0,4.0,38.0,27.0,20.0,43.0,0.0,1502.0,15.0,8.0,3.0,934.0,97.0,18.0,49.0,4.0,96.0,26.0,1.0,11.0,14.0,,,,,Football Players Stats 2024-2025
2024-25,serie_a_league,Matteo Pessina,it ITA,MF,Monza,27.0,1997.0,11,10,854,9.5,0,0,0,0,0.0,2,0,0.2,0.2,0.1,8.0,28.0,20.0,3.0,0.0,424.0,490.0,86.5,4.0,6.0,15.0,4.0,12.0,7.0,0.0,559.0,5.0,10.0,5.0,333.0,31.0,10.0,9.0,1.0,58.0,5.0,0.0,10.0,8.0,,,,,Football Players Stats 2024-2025
2024-25,serie_a_league,Andrea Petagna,it ITA,FW,Monza,29.0,1995.0,13,2,335,3.7,0,0,0,0,0.0,1,0,0.2,0.2,0.0,2.0,1.0,17.0,4.0,0.0,45.0,70.0,64.3,1.0,1.0,2.0,1.0,1.0,2.0,0.0,100.0,12.0,4.0,2.0,66.0,2.0,3.0,2.0,0.0,7.0,6.0,0.0,7.0,17.0,,,,,Football Players Stats 2024-2025
2024-25,serie_a_league,Giuseppe Pezzella,it ITA,"DF,FW",Empoli,26.0,1997.0,35,34,2878,32.0,0,3,0,0,0.0,7,0,0.6,0.6,4.6,77.0,80.0,143.0,15.0,3.0,829.0,1246.0,66.5,36.0,178.0,55.0,31.0,15.0,110.0,2.0,1579.0,33.0,51.0,17.0,673.0,56.0,33.0,59.0,5.0,88.0,49.0,2.0,36.0,19.0,,,,,Football Players Stats 2024-2025
2024-25,serie_a_league,Roberto Piccoli,it ITA,FW,Cagliari,23.0,2001.0,37,37,3127,34.7,10,1,1,1,0.0,6,0,12.7,12.0,0.9,30.0,37.0,165.0,97.0,28.0,343.0,517.0,66.3,13.0,8.0,13.0,9.0,3.0,31.0,0.0,919.0,144.0,63.0,14.0,511.0,32.0,27.0,57.0,8.0,54.0,60.0,13.0,110.0,147.0,,,,,Football Players Stats 2024-2025
2024-25,serie_a_league,Nicholas Pierini,it ITA,MF,Venezia,25.0,1998.0,2,0,83,0.9,0,0,0,0,0.0,0,0,0.0,0.0,0.1,1.0,2.0,4.0,1.0,0.0,15.0,20.0,75.0,2.0,3.0,0.0,0.0,0.0,0.0,0.0,28.0,3.0,1.0,0.0,16.0,1.0,1.0,2.0,0.0,2.0,1.0,0.0,1.0,3.0,,,,,Football Players Stats 2024-2025
2024-25,serie_a_league,Santiago Pierotti,ar ARG,FW,Lecce,23.0,2001.0,36,22,1937,21.5,4,2,0,0,0.0,6,1,3.1,3.1,2.4,43.0,38.0,85.0,32.0,7.0,311.0,436.0,71.3,25.0,17.0,46.0,24.0,14.0,32.0,0.0,730.0,81.0,49.0,22.0,353.0,27.0,25.0,50.0,2.0,111.0,55.0,3.0,49.0,61.0,,,,,Football Players Stats 2024-2025
2024-25,serie_a_league,Balthazar Pierret,fr FRA,MF,Lecce,24.0,2000.0,30,21,1723,19.1,0,0,0,0,0.0,2,0,0.2,0.2,0.4,13.0,82.0,13.0,6.0,0.0,696.0,833.0,83.6,10.0,9.0,51.0,31.0,19.0,31.0,1.0,1020.0,13.0,24.0,13.0,512.0,80.0,11.0,39.0,0.0,93.0,34.0,2.0,27.0,33.0,,,,,Football Players Stats 2024-2025
2024-25,serie_a_league,Andrea Pinamonti,it ITA,FW,Genoa,25.0,1999.0,36,33,2850,31.7,10,1,0,1,0.0,4,0,7.7,7.0,1.7,20.0,46.0,132.0,78.0,29.0,419.0,667.0,62.8,15.0,17.0,10.0,6.0,1.0,28.0,2.0,952.0,116.0,23.0,11.0,491.0,24.0,12.0,48.0,5.0,53.0,21.0,2.0,83.0,111.0,,,,,Football Players Stats 2024-2025
2024-25,serie_a_league,Nicola Pintus,it ITA,DF,Cagliari,19.0,2005.0,1,0,4,0.0,0,0,0,0,0.0,0,0,0.0,0.0,0.0,0.0,0.0,0.0,0.0,0.0,1.0,1.0,100.0,0.0,0.0,0.0,0.0,0.0,2.0,0.0,3.0,0.0,0.0,0.0,1.0,0.0,0.0,0.0,0.0,0.0,0.0,0.0,0.0,0.0,,,,,Football Players Stats 2024-2025
2024-25,serie_a_league,Niccolò Pisilli,it ITA,MF,Roma,19.0,2004.0,28,11,1227,13.6,2,1,0,0,0.0,7,0,2.7,2.7,0.7,22.0,63.0,44.0,27.0,7.0,471.0,564.0,83.5,10.0,10.0,24.0,11.0,11.0,16.0,0.0,718.0,34.0,14.0,5.0,389.0,67.0,16.0,35.0,5.0,58.0,19.0,3.0,3.0,21.0,,,,,Football Players Stats 2024-2025
2024-25,serie_a_league,Damián Pizarro,cl CHI,"FW,MF",Udinese,19.0,2005.0,2,0,16,0.2,0,0,0,0,0.0,0,0,0.0,0.0,0.0,0.0,0.0,0.0,0.0,0.0,2.0,3.0,66.7,0.0,0.0,0.0,0.0,0.0,0.0,0.0,3.0,0.0,0.0,0.0,0.0,0.0,0.0,0.0,0.0,0.0,0.0,0.0,0.0,1.0,,,,,Football Players Stats 2024-2025
2024-25,serie_a_league,Semuel Pizzignacco,it ITA,GK,Monza,22.0,2001.0,9,8,736,8.2,0,0,0,0,1.0,0,0,0.0,0.0,0.0,0.0,0.0,0.0,0.0,0.0,239.0,322.0,74.2,0.0,0.0,0.0,0.0,0.0,6.0,0.0,340.0,0.0,0.0,0.0,210.0,3.0,0.0,0.0,0.0,7.0,0.0,0.0,5.0,0.0,1.0,17.0,22.0,0.0,Football Players Stats 2024-2025
2024-25,serie_a_league,Tommaso Pobega,it ITA,MF,Bologna,25.0,1999.0,21,13,1178,13.1,2,2,0,0,0.0,6,2,2.1,2.0,1.4,12.0,42.0,23.0,24.0,8.0,384.0,468.0,82.1,12.0,8.0,33.0,19.0,14.0,16.0,0.0,608.0,20.0,8.0,3.0,293.0,51.0,10.0,27.0,4.0,45.0,33.0,2.0,14.0,16.0,,,,,Football Players Stats 2024-2025
2024-25,serie_a_league,Joel Pohjanpalo,fi FIN,FW,Venezia,29.0,1994.0,20,19,1603,17.8,6,0,3,4,0.0,1,0,7.5,4.3,1.7,9.0,29.0,72.0,34.0,13.0,211.0,350.0,60.3,15.0,3.0,3.0,3.0,4.0,24.0,0.0,491.0,66.0,10.0,3.0,249.0,25.0,7.0,33.0,3.0,20.0,12.0,3.0,46.0,59.0,,,,,Football Players Stats 2024-2025
2024-25,serie_a_league,Matteo Politano,it ITA,"FW,MF",Napoli,30.0,1993.0,37,34,2804,31.2,3,4,0,0,0.0,3,0,3.1,3.1,4.8,135.0,129.0,278.0,56.0,14.0,873.0,1261.0,69.2,56.0,229.0,29.0,15.0,13.0,50.0,1.0,1561.0,90.0,80.0,32.0,920.0,65.0,57.0,105.0,10.0,95.0,14.0,3.0,6.0,20.0,,,,,Football Players Stats 2024-2025
2024-25,serie_a_league,Marin Pongračić,hr CRO,DF,Fiorentina,26.0,1997.0,19,14,1292,14.4,0,0,0,0,1.0,3,1,0.2,0.2,0.2,7.0,34.0,5.0,2.0,1.0,691.0,775.0,89.2,5.0,1.0,18.0,13.0,12.0,69.0,2.0,922.0,6.0,14.0,9.0,560.0,43.0,13.0,12.0,1.0,73.0,26.0,0.0,25.0,11.0,,,,,Football Players Stats 2024-2025
2024-25,serie_a_league,Stefan Posch,at AUT,DF,Bologna,27.0,1997.0,14,7,714,7.9,0,0,0,0,0.0,1,0,0.3,0.3,0.7,11.0,36.0,35.0,2.0,0.0,396.0,505.0,78.4,10.0,18.0,26.0,15.0,5.0,22.0,0.0,602.0,13.0,11.0,3.0,295.0,40.0,8.0,18.0,1.0,43.0,16.0,1.0,13.0,8.0,,,,,Football Players Stats 2024-2025
2024-25,serie_a_league,Stefan Posch,at AUT,DF,Atalanta,27.0,1997.0,5,4,387,4.3,0,0,0,0,0.0,0,0,0.2,0.2,0.0,5.0,23.0,5.0,3.0,2.0,205.0,245.0,83.7,0.0,5.0,18.0,11.0,4.0,13.0,0.0,299.0,4.0,2.0,1.0,202.0,21.0,7.0,5.0,1.0,22.0,11.0,0.0,4.0,6.0,,,,,Football Players Stats 2024-2025
2024-25,serie_a_league,Matteo Prati,it ITA,MF,Cagliari,20.0,2003.0,12,8,570,6.3,0,0,0,0,0.0,1,0,0.1,0.1,0.7,2.0,23.0,7.0,4.0,0.0,180.0,250.0,72.0,6.0,5.0,10.0,4.0,7.0,10.0,1.0,313.0,3.0,11.0,3.0,155.0,20.0,3.0,11.0,1.0,24.0,8.0,1.0,1.0,6.0,,,,,Football Players Stats 2024-2025
2024-25,serie_a_league,Ivan Provedel,it ITA,GK,Lazio,30.0,1994.0,29,29,2610,29.0,0,0,0,0,0.0,0,0,0.0,0.0,0.3,0.0,4.0,0.0,0.0,0.0,865.0,1118.0,77.4,3.0,0.0,0.0,0.0,1.0,12.0,3.0,1167.0,0.0,0.0,0.0,744.0,25.0,0.0,13.0,0.0,44.0,0.0,1.0,7.0,1.0,5.0,42.0,52.0,0.0,Football Players Stats 2024-2025
2024-25,serie_a_league,Diego Pugno,it ITA,FW,Juventus,18.0,2006.0,1,0,7,0.1,0,0,0,0,0.0,0,0,0.0,0.0,0.1,0.0,0.0,0.0,0.0,0.0,2.0,2.0,100.0,1.0,0.0,0.0,0.0,0.0,0.0,0.0,4.0,0.0,1.0,0.0,2.0,0.0,1.0,1.0,0.0,1.0,0.0,0.0,0.0,2.0,,,,,Football Players Stats 2024-2025
2024-25,serie_a_league,Christian Pulisic,us USA,"FW,MF",Milan,25.0,1998.0,34,29,2478,27.5,11,9,3,4,0.0,1,0,12.0,8.9,6.4,121.0,105.0,191.0,53.0,20.0,825.0,1078.0,76.5,69.0,119.0,43.0,29.0,5.0,13.0,2.0,1367.0,128.0,87.0,39.0,859.0,56.0,75.0,125.0,14.0,94.0,20.0,5.0,11.0,42.0,,,,,Football Players Stats 2024-2025
2024-25,serie_a_league,Ionuț Radu,ro ROU,GK,Venezia,27.0,1997.0,15,15,1350,15.0,0,0,0,0,0.0,1,0,0.0,0.0,0.0,0.0,0.0,0.0,0.0,0.0,315.0,546.0,57.7,0.0,0.0,0.0,0.0,0.0,9.0,0.0,587.0,0.0,1.0,1.0,370.0,13.0,0.0,7.0,1.0,20.0,0.0,0.0,1.0,0.0,4.0,18.0,47.0,0.0,Football Players Stats 2024-2025
2024-25,serie_a_league,Hamza Rafia,tn TUN,MF,Lecce,25.0,1999.0,18,14,1058,11.8,0,0,0,0,0.0,4,0,0.5,0.5,1.4,13.0,51.0,32.0,10.0,2.0,409.0,527.0,77.6,16.0,45.0,44.0,27.0,4.0,18.0,1.0,651.0,12.0,22.0,10.0,317.0,47.0,16.0,36.0,0.0,62.0,26.0,1.0,5.0,13.0,,,,,Football Players Stats 2024-2025
2024-25,serie_a_league,Antonio Raimondo,it ITA,"FW,DF",Venezia,20.0,2004.0,9,0,94,1.0,0,0,0,0,0.0,0,0,0.3,0.3,0.1,2.0,2.0,7.0,1.0,1.0,17.0,26.0,65.4,1.0,1.0,2.0,1.0,0.0,0.0,1.0,34.0,5.0,0.0,0.0,21.0,0.0,4.0,2.0,0.0,4.0,2.0,0.0,1.0,6.0,,,,,Football Players Stats 2024-2025
2024-25,serie_a_league,Ylber Ramadani,al ALB,MF,Lecce,28.0,1996.0,29,21,1807,20.1,1,1,0,0,0.0,4,0,0.6,0.6,1.1,9.0,60.0,7.0,17.0,6.0,696.0,848.0,82.1,16.0,6.0,51.0,28.0,24.0,26.0,3.0,1038.0,8.0,24.0,13.0,537.0,52.0,11.0,35.0,4.0,117.0,18.0,0.0,15.0,25.0,,,,,Football Players Stats 2024-2025
2024-25,serie_a_league,Luca Ranieri,it ITA,DF,Fiorentina,25.0,1999.0,35,34,2981,33.1,0,3,0,0,0.0,7,0,1.1,1.1,1.7,25.0,80.0,11.0,10.0,4.0,1538.0,1800.0,85.4,16.0,9.0,42.0,24.0,27.0,154.0,1.0,2124.0,16.0,19.0,9.0,1234.0,84.0,19.0,28.0,6.0,95.0,24.0,0.0,48.0,56.0,,,,,Football Players Stats 2024-2025
2024-25,serie_a_league,Giacomo Raspadori,it ITA,"FW,MF",Napoli,24.0,2000.0,26,11,1103,12.3,6,1,0,0,0.0,1,0,4.0,4.0,2.4,18.0,42.0,57.0,42.0,14.0,280.0,410.0,68.3,28.0,67.0,18.0,9.0,3.0,13.0,0.0,549.0,54.0,14.0,9.0,263.0,27.0,6.0,51.0,4.0,43.0,12.0,2.0,5.0,11.0,,,,,Football Players Stats 2024-2025
2024-25,serie_a_league,Federico Ravaglia,it ITA,GK,Bologna,24.0,1999.0,12,11,1056,11.7,0,0,0,0,0.0,0,0,0.0,0.0,0.0,0.0,0.0,0.0,0.0,0.0,371.0,473.0,78.4,1.0,0.0,0.0,0.0,0.0,9.0,0.0,488.0,0.0,2.0,2.0,332.0,14.0,0.0,4.0,0.0,16.0,0.0,0.0,4.0,0.0,4.0,14.0,10.0,0.0,Football Players Stats 2024-2025
2024-25,serie_a_league,Ante Rebić,hr CRO,"FW,MF",Lecce,30.0,1993.0,27,7,788,8.8,1,0,0,0,0.0,3,2,2.1,2.1,2.1,17.0,36.0,63.0,13.0,5.0,182.0,298.0,61.1,18.0,32.0,12.0,9.0,2.0,4.0,1.0,429.0,43.0,30.0,8.0,223.0,18.0,9.0,30.0,1.0,33.0,19.0,5.0,27.0,37.0,,,,,Football Players Stats 2024-2025
2024-25,serie_a_league,Tijjani Reijnders,nl NED,MF,Milan,26.0,1998.0,37,36,3128,34.8,10,4,0,0,0.0,2,1,7.5,7.5,3.5,111.0,230.0,121.0,77.0,28.0,1355.0,1549.0,87.5,47.0,46.0,26.0,13.0,38.0,28.0,2.0,1863.0,82.0,71.0,36.0,1214.0,135.0,99.0,117.0,10.0,125.0,28.0,3.0,5.0,15.0,,,,,Football Players Stats 2024-2025
2024-25,serie_a_league,Pepe Reina,es ESP,GK,Como,41.0,1982.0,12,12,1034,11.5,0,0,0,0,0.0,0,1,0.0,0.0,0.0,0.0,0.0,0.0,0.0,0.0,278.0,364.0,76.4,0.0,0.0,0.0,0.0,0.0,3.0,2.0,381.0,0.0,1.0,0.0,245.0,4.0,0.0,1.0,0.0,11.0,1.0,0.0,1.0,0.0,2.0,14.0,27.0,0.0,Football Players Stats 2024-2025
2024-25,serie_a_league,Devyne Rensch,nl NED,DF,Roma,21.0,2003.0,14,5,469,5.2,0,1,0,0,0.0,0,0,0.3,0.3,0.8,2.0,14.0,25.0,3.0,2.0,213.0,260.0,81.9,2.0,11.0,17.0,13.0,7.0,12.0,1.0,319.0,8.0,3.0,0.0,161.0,14.0,6.0,14.0,1.0,13.0,1.0,3.0,10.0,7.0,,,,,Football Players Stats 2024-2025
2024-25,serie_a_league,Mateo Retegui,it ITA,FW,Atalanta,25.0,1999.0,36,32,2383,26.5,25,8,4,5,0.0,3,0,18.9,14.9,4.9,21.0,46.0,199.0,99.0,32.0,440.0,575.0,76.5,38.0,15.0,14.0,9.0,4.0,17.0,0.0,874.0,173.0,30.0,12.0,557.0,29.0,12.0,76.0,14.0,69.0,32.0,4.0,51.0,68.0,,,,,Football Players Stats 2024-2025
2024-25,serie_a_league,Samuele Ricci,it ITA,MF,Torino,22.0,2001.0,34,34,2825,31.4,1,1,0,0,0.0,8,1,1.3,1.3,0.6,43.0,116.0,30.0,22.0,7.0,1177.0,1338.0,88.0,15.0,30.0,35.0,21.0,25.0,51.0,2.0,1589.0,19.0,22.0,6.0,960.0,102.0,38.0,48.0,4.0,130.0,38.0,2.0,14.0,15.0,,,,,Football Players Stats 2024-2025
2024-25,serie_a_league,Amir Richardson,ma MAR,MF,Fiorentina,22.0,2002.0,26,10,1024,11.4,1,1,0,0,0.0,6,0,0.9,0.9,0.6,19.0,47.0,31.0,11.0,5.0,539.0,615.0,87.6,8.0,5.0,30.0,13.0,6.0,29.0,1.0,748.0,18.0,19.0,11.0,451.0,46.0,20.0,19.0,4.0,51.0,30.0,1.0,19.0,16.0,,,,,Football Players Stats 2024-2025
2024-25,serie_a_league,Sergi Roberto,es ESP,MF,Como,32.0,1992.0,13,8,696,7.7,0,1,0,0,0.0,4,0,0.7,0.7,0.7,10.0,36.0,19.0,6.0,1.0,457.0,506.0,90.3,15.0,6.0,14.0,8.0,9.0,14.0,0.0,582.0,9.0,10.0,3.0,340.0,28.0,13.0,24.0,1.0,48.0,7.0,0.0,7.0,9.0,,,,,Football Players Stats 2024-2025
2024-25,serie_a_league,Alessio Romagnoli,it ITA,DF,Lazio,29.0,1995.0,32,31,2672,29.7,2,0,0,0,0.0,4,2,2.4,2.4,0.3,8.0,90.0,4.0,20.0,7.0,1624.0,1770.0,91.8,9.0,0.0,48.0,29.0,26.0,118.0,1.0,2042.0,41.0,3.0,1.0,1064.0,107.0,6.0,27.0,1.0,96.0,29.0,0.0,84.0,47.0,,,,,Football Players Stats 2024-2025
2024-25,serie_a_league,Marten de Roon,nl NED,"MF,DF",Atalanta,33.0,1991.0,36,34,3058,34.0,4,4,0,0,0.0,5,0,0.9,0.9,2.3,37.0,242.0,32.0,14.0,4.0,1950.0,2258.0,86.4,25.0,28.0,74.0,48.0,47.0,67.0,1.0,2538.0,19.0,13.0,6.0,1475.0,236.0,51.0,73.0,14.0,140.0,48.0,1.0,46.0,29.0,,,,,Football Players Stats 2024-2025
2024-25,serie_a_league,Jonas Rouhi,se SWE,DF,Juventus,20.0,2004.0,5,1,210,2.3,0,0,0,0,0.0,0,0,0.0,0.0,0.0,1.0,9.0,7.0,0.0,0.0,126.0,159.0,79.2,0.0,3.0,4.0,1.0,3.0,2.0,0.0,192.0,2.0,5.0,2.0,84.0,9.0,2.0,0.0,0.0,15.0,4.0,0.0,0.0,4.0,,,,,Football Players Stats 2024-2025
2024-25,serie_a_league,Nicolò Rovella,it ITA,MF,Lazio,22.0,2001.0,33,31,2718,30.2,0,3,0,0,0.0,13,0,1.5,1.5,2.2,45.0,159.0,42.0,28.0,8.0,1862.0,2078.0,89.6,31.0,37.0,84.0,50.0,47.0,46.0,3.0,2354.0,16.0,25.0,18.0,1451.0,174.0,49.0,71.0,3.0,154.0,43.0,3.0,11.0,19.0,,,,,Football Players Stats 2024-2025
2024-25,serie_a_league,Amir Rrahmani,xk KVX,DF,Napoli,30.0,1994.0,38,38,3406,37.8,1,3,0,0,1.0,2,0,2.9,2.9,1.1,30.0,188.0,2.0,28.0,3.0,2531.0,2781.0,91.0,11.0,1.0,39.0,31.0,27.0,179.0,2.0,3152.0,34.0,6.0,4.0,1859.0,202.0,19.0,42.0,4.0,135.0,42.0,0.0,124.0,55.0,,,,,Football Players Stats 2024-2025
2024-25,serie_a_league,Tommaso Rubino,it ITA,MF,Fiorentina,17.0,2006.0,1,0,8,0.1,0,0,0,0,0.0,0,0,0.0,0.0,0.0,0.0,1.0,0.0,0.0,0.0,1.0,3.0,33.3,1.0,0.0,0.0,0.0,0.0,0.0,0.0,3.0,0.0,0.0,0.0,3.0,0.0,0.0,1.0,0.0,2.0,1.0,0.0,0.0,0.0,,,,,Football Players Stats 2024-2025
2024-25,serie_a_league,Matteo Ruggeri,it ITA,DF,Atalanta,22.0,2002.0,30,19,1751,19.5,0,3,0,0,0.0,2,0,0.2,0.2,2.0,60.0,114.0,104.0,3.0,2.0,1107.0,1315.0,84.2,24.0,82.0,39.0,24.0,22.0,50.0,1.0,1479.0,13.0,11.0,6.0,785.0,67.0,34.0,39.0,4.0,124.0,12.0,0.0,23.0,15.0,,,,,Football Players Stats 2024-2025
2024-25,serie_a_league,Stefano Sabelli,it ITA,DF,Genoa,31.0,1993.0,34,23,2058,22.9,0,2,0,0,0.0,3,0,0.1,0.1,1.9,36.0,88.0,43.0,6.0,1.0,825.0,1204.0,68.5,18.0,60.0,58.0,31.0,22.0,65.0,0.0,1428.0,10.0,13.0,4.0,641.0,79.0,23.0,38.0,2.0,92.0,25.0,2.0,16.0,26.0,,,,,Football Players Stats 2024-2025
2024-25,serie_a_league,Alexis Saelemaekers,be BEL,"DF,FW",Roma,25.0,1999.0,22,17,1389,15.4,7,3,0,0,0.0,4,0,2.5,2.5,2.6,39.0,53.0,136.0,25.0,12.0,630.0,773.0,81.5,24.0,53.0,33.0,20.0,9.0,8.0,1.0,945.0,47.0,52.0,22.0,582.0,35.0,32.0,55.0,10.0,75.0,13.0,4.0,8.0,3.0,,,,,Football Players Stats 2024-2025
2024-25,serie_a_league,Alexis Saelemaekers,be BEL,"DF,FW",Milan,25.0,1999.0,1,1,90,1.0,0,0,0,0,0.0,0,0,0.0,0.0,0.1,7.0,4.0,13.0,0.0,0.0,66.0,78.0,84.6,2.0,10.0,1.0,1.0,1.0,0.0,0.0,81.0,2.0,0.0,0.0,59.0,5.0,4.0,9.0,0.0,4.0,0.0,0.0,0.0,0.0,,,,,Football Players Stats 2024-2025
2024-25,serie_a_league,Richie Sagrado,be BEL,DF,Venezia,20.0,2004.0,3,3,140,1.6,0,0,0,0,0.0,1,0,0.1,0.1,0.0,0.0,2.0,5.0,1.0,0.0,24.0,31.0,77.4,0.0,0.0,2.0,2.0,3.0,4.0,0.0,46.0,0.0,0.0,0.0,21.0,2.0,0.0,0.0,0.0,6.0,2.0,0.0,2.0,0.0,,,,,Football Players Stats 2024-2025
2024-25,serie_a_league,Marco Sala,it ITA,DF,Como,25.0,1999.0,8,3,261,2.9,0,0,0,0,0.0,3,0,0.0,0.0,0.1,10.0,16.0,16.0,0.0,0.0,115.0,152.0,75.7,1.0,9.0,9.0,6.0,1.0,9.0,0.0,173.0,1.0,2.0,1.0,113.0,8.0,10.0,6.0,0.0,11.0,5.0,0.0,1.0,2.0,,,,,Football Players Stats 2024-2025
2024-25,serie_a_league,Marco Sala,it ITA,DF,Lecce,25.0,1999.0,2,0,72,0.8,0,0,0,0,0.0,0,0,0.0,0.0,0.4,5.0,6.0,9.0,0.0,0.0,36.0,50.0,72.0,1.0,8.0,1.0,0.0,0.0,0.0,0.0,52.0,0.0,0.0,0.0,32.0,2.0,0.0,1.0,0.0,1.0,1.0,0.0,0.0,2.0,,,,,Football Players Stats 2024-2025
2024-25,serie_a_league,Anass Salah-Eddine,nl NED,DF,Roma,22.0,2002.0,3,2,152,1.7,0,1,0,0,0.0,0,0,0.3,0.3,0.1,8.0,2.0,15.0,2.0,1.0,86.0,103.0,83.5,2.0,6.0,1.0,1.0,1.0,2.0,2.0,117.0,4.0,3.0,0.0,61.0,2.0,5.0,4.0,1.0,6.0,2.0,0.0,0.0,1.0,,,,,Football Players Stats 2024-2025
2024-25,serie_a_league,Lazar Samardzic,rs SRB,MF,Atalanta,22.0,2002.0,31,7,1169,13.0,2,1,0,0,0.0,3,0,2.0,2.0,2.9,54.0,92.0,99.0,33.0,12.0,539.0,692.0,77.9,35.0,60.0,21.0,15.0,2.0,6.0,0.0,867.0,54.0,60.0,27.0,573.0,60.0,40.0,77.0,6.0,50.0,19.0,0.0,4.0,23.0,,,,,Football Players Stats 2024-2025
2024-25,serie_a_league,Junior Sambia,fr FRA,"DF,FW",Empoli,27.0,1996.0,17,2,387,4.3,0,0,0,0,0.0,0,0,0.4,0.4,0.3,5.0,21.0,20.0,10.0,1.0,124.0,182.0,68.1,6.0,28.0,14.0,10.0,2.0,5.0,0.0,244.0,8.0,19.0,7.0,105.0,14.0,6.0,11.0,0.0,18.0,6.0,0.0,7.0,7.0,,,,,Football Players Stats 2024-2025
2024-25,serie_a_league,Antonio Sanabria,py PAR,FW,Torino,28.0,1996.0,26,16,1318,14.6,2,1,0,1,0.0,2,0,2.9,2.1,0.5,6.0,18.0,54.0,18.0,4.0,210.0,268.0,78.4,9.0,0.0,3.0,3.0,1.0,13.0,0.0,377.0,34.0,11.0,6.0,227.0,13.0,6.0,21.0,3.0,24.0,16.0,3.0,26.0,58.0,,,,,Football Players Stats 2024-2025
2024-25,serie_a_league,Alexis Sánchez,cl CHI,FW,Udinese,35.0,1988.0,13,6,437,4.9,0,0,0,0,0.0,0,0,0.8,0.8,0.2,2.0,19.0,19.0,7.0,0.0,125.0,163.0,76.7,3.0,8.0,3.0,1.0,4.0,1.0,1.0,211.0,14.0,7.0,4.0,121.0,11.0,4.0,18.0,0.0,17.0,4.0,2.0,2.0,12.0,,,,,Football Players Stats 2024-2025
2024-25,serie_a_league,Nicola Sansone,it ITA,"MF,FW",Lecce,32.0,1991.0,5,0,65,0.7,0,0,0,0,0.0,1,0,0.2,0.2,0.0,0.0,1.0,5.0,3.0,1.0,18.0,22.0,81.8,1.0,4.0,0.0,0.0,0.0,0.0,0.0,29.0,3.0,1.0,0.0,20.0,2.0,1.0,5.0,0.0,1.0,0.0,1.0,0.0,1.0,,,,,Football Players Stats 2024-2025
2024-25,serie_a_league,Amin Sarr,se SWE,FW,Hellas Verona,23.0,2001.0,32,25,1907,21.2,4,1,0,0,0.0,1,0,3.2,3.2,2.1,31.0,41.0,103.0,23.0,7.0,322.0,460.0,70.0,22.0,7.0,22.0,12.0,3.0,14.0,0.0,681.0,58.0,33.0,14.0,345.0,26.0,13.0,45.0,4.0,42.0,47.0,2.0,65.0,91.0,,,,,Football Players Stats 2024-2025
2024-25,serie_a_league,Razvan Sava,ro ROU,GK,Udinese,22.0,2002.0,12,12,1080,12.0,0,0,0,0,0.0,1,0,0.0,0.0,0.0,0.0,0.0,0.0,0.0,0.0,277.0,395.0,70.1,0.0,0.0,0.0,0.0,0.0,6.0,2.0,423.0,0.0,0.0,0.0,262.0,6.0,0.0,0.0,0.0,13.0,1.0,0.0,0.0,1.0,4.0,16.0,37.0,0.0,Football Players Stats 2024-2025
2024-25,serie_a_league,Nicolò Savona,it ITA,DF,Juventus,21.0,2003.0,28,19,1724,19.2,2,1,0,0,0.0,5,0,0.5,0.5,1.2,35.0,59.0,44.0,6.0,4.0,982.0,1097.0,89.5,16.0,34.0,29.0,13.0,11.0,38.0,0.0,1227.0,15.0,11.0,6.0,778.0,62.0,26.0,29.0,2.0,72.0,13.0,0.0,9.0,18.0,,,,,Football Players Stats 2024-2025
2024-25,serie_a_league,Saba Sazonov,ge GEO,DF,Torino,22.0,2002.0,1,0,3,0.0,0,0,0,0,0.0,0,0,0.0,0.0,0.0,0.0,0.0,0.0,0.0,0.0,0.0,0.0,,0.0,0.0,0.0,0.0,0.0,0.0,0.0,1.0,0.0,0.0,0.0,0.0,0.0,0.0,0.0,0.0,0.0,0.0,0.0,0.0,0.0,,,,,Football Players Stats 2024-2025
2024-25,serie_a_league,Giorgio Scalvini,it ITA,DF,Atalanta,20.0,2003.0,6,4,272,3.0,0,0,0,0,0.0,2,0,0.1,0.1,0.0,5.0,20.0,7.0,4.0,0.0,165.0,195.0,84.6,0.0,0.0,8.0,4.0,4.0,7.0,0.0,228.0,4.0,7.0,5.0,158.0,14.0,1.0,1.0,0.0,13.0,7.0,0.0,8.0,6.0,,,,,Football Players Stats 2024-2025
2024-25,serie_a_league,Gianluca Scamacca,it ITA,FW,Atalanta,25.0,1999.0,1,0,6,0.1,0,0,0,0,0.0,0,0,0.1,0.1,0.0,0.0,0.0,0.0,1.0,1.0,1.0,1.0,100.0,0.0,0.0,0.0,0.0,0.0,0.0,0.0,2.0,1.0,0.0,0.0,2.0,0.0,0.0,0.0,0.0,0.0,0.0,0.0,0.0,0.0,,,,,Football Players Stats 2024-2025
2024-25,serie_a_league,Joël Schingtienne,be BEL,DF,Venezia,21.0,2002.0,16,12,1122,12.5,0,0,0,0,0.0,2,0,0.0,0.0,0.1,5.0,28.0,4.0,0.0,0.0,420.0,487.0,86.2,3.0,0.0,27.0,16.0,14.0,25.0,5.0,611.0,4.0,9.0,5.0,299.0,16.0,6.0,10.0,0.0,49.0,7.0,0.0,4.0,14.0,,,,,Football Players Stats 2024-2025
2024-25,serie_a_league,Simone Scuffet,it ITA,GK,Cagliari,28.0,1996.0,13,13,1170,13.0,0,0,0,0,0.0,0,0,0.0,0.0,0.0,0.0,0.0,0.0,0.0,0.0,286.0,407.0,70.3,0.0,0.0,0.0,0.0,0.0,8.0,2.0,442.0,0.0,0.0,0.0,201.0,5.0,0.0,2.0,0.0,17.0,0.0,0.0,3.0,1.0,1.0,23.0,33.0,0.0,Football Players Stats 2024-2025
2024-25,serie_a_league,Simone Scuffet,it ITA,GK,Napoli,28.0,1996.0,1,1,90,1.0,0,0,0,0,0.0,0,0,0.0,0.0,0.0,0.0,0.0,0.0,0.0,0.0,35.0,44.0,79.5,0.0,0.0,0.0,0.0,0.0,2.0,0.0,46.0,0.0,0.0,0.0,27.0,0.0,0.0,0.0,0.0,0.0,0.0,0.0,1.0,0.0,0.0,1.0,3.0,0.0,Football Players Stats 2024-2025
2024-25,serie_a_league,Jacopo Seghetti,it ITA,GK,Empoli,19.0,2005.0,1,1,90,1.0,0,0,0,0,0.0,0,0,0.0,0.0,0.0,0.0,0.0,0.0,0.0,0.0,14.0,22.0,63.6,0.0,0.0,0.0,0.0,0.0,0.0,0.0,24.0,0.0,0.0,0.0,12.0,0.0,0.0,0.0,0.0,0.0,0.0,0.0,0.0,0.0,0.0,3.0,3.0,0.0,Football Players Stats 2024-2025
2024-25,serie_a_league,Stefano Sensi,it ITA,MF,Monza,28.0,1995.0,12,2,274,3.0,1,0,1,1,0.0,0,0,0.9,0.2,0.2,4.0,38.0,8.0,6.0,1.0,257.0,299.0,86.0,3.0,12.0,8.0,5.0,3.0,3.0,1.0,329.0,1.0,7.0,5.0,245.0,36.0,5.0,15.0,0.0,16.0,3.0,1.0,2.0,3.0,,,,,Football Players Stats 2024-2025
2024-25,serie_a_league,Suat Serdar,de GER,MF,Hellas Verona,27.0,1997.0,22,16,1376,15.3,2,1,0,0,0.0,4,1,1.9,1.9,1.0,18.0,56.0,35.0,30.0,8.0,357.0,477.0,74.8,10.0,9.0,35.0,22.0,8.0,21.0,0.0,660.0,30.0,37.0,19.0,370.0,47.0,20.0,29.0,1.0,74.0,33.0,4.0,14.0,14.0,,,,,Football Players Stats 2024-2025
2024-25,serie_a_league,Stephan El Shaarawy,it ITA,"DF,MF",Roma,31.0,1992.0,31,12,1098,12.2,3,4,0,0,0.0,2,0,2.7,2.7,1.2,42.0,49.0,77.0,28.0,12.0,399.0,504.0,79.2,15.0,27.0,16.0,12.0,10.0,13.0,0.0,635.0,45.0,38.0,17.0,381.0,19.0,37.0,47.0,9.0,48.0,7.0,3.0,5.0,19.0,,,,,Football Players Stats 2024-2025
2024-25,serie_a_league,Alen Sherri,al ALB,GK,Cagliari,26.0,1997.0,7,7,621,6.9,0,0,0,0,0.0,0,0,0.0,0.0,0.0,0.0,0.0,0.0,0.0,0.0,163.0,225.0,72.4,1.0,0.0,1.0,0.0,1.0,1.0,0.0,244.0,0.0,0.0,0.0,137.0,2.0,0.0,2.0,0.0,15.0,0.0,0.0,0.0,0.0,1.0,11.0,20.0,0.0,Football Players Stats 2024-2025
2024-25,serie_a_league,Eldor Shomurodov,uz UZB,"FW,MF",Roma,29.0,1995.0,27,11,1097,12.2,4,4,0,0,0.0,1,0,4.7,4.7,1.3,19.0,21.0,62.0,29.0,13.0,215.0,286.0,75.2,17.0,6.0,14.0,6.0,3.0,5.0,0.0,446.0,52.0,28.0,8.0,246.0,10.0,17.0,32.0,7.0,36.0,14.0,0.0,26.0,38.0,,,,,Football Players Stats 2024-2025
2024-25,serie_a_league,Benjamin Siegrist,ch SUI,GK,Genoa,32.0,1992.0,2,2,152,1.7,0,0,0,0,0.0,0,0,0.0,0.0,0.0,0.0,0.0,0.0,0.0,0.0,48.0,73.0,65.8,0.0,0.0,0.0,0.0,1.0,1.0,0.0,79.0,0.0,0.0,0.0,56.0,0.0,0.0,0.0,0.0,2.0,0.0,0.0,0.0,0.0,0.0,2.0,10.0,0.0,Football Players Stats 2024-2025
2024-25,serie_a_league,Marco Silvestri,it ITA,GK,Empoli,33.0,1991.0,5,5,450,5.0,0,0,0,0,0.0,0,0,0.0,0.0,0.0,0.0,0.0,0.0,0.0,0.0,94.0,148.0,63.5,0.0,0.0,0.0,0.0,0.0,3.0,1.0,162.0,0.0,0.0,0.0,103.0,8.0,0.0,0.0,0.0,6.0,0.0,0.0,1.0,0.0,0.0,11.0,17.0,0.0,Football Players Stats 2024-2025
2024-25,serie_a_league,Giovanni Simeone,ar ARG,FW,Napoli,29.0,1995.0,30,1,419,4.7,1,1,0,0,0.0,1,0,2.6,2.6,0.8,11.0,7.0,30.0,13.0,3.0,79.0,113.0,69.9,8.0,3.0,2.0,0.0,1.0,6.0,0.0,194.0,22.0,12.0,6.0,110.0,5.0,9.0,12.0,2.0,25.0,7.0,1.0,8.0,34.0,,,,,Football Players Stats 2024-2025
2024-25,serie_a_league,Łukasz Skorupski,pl POL,GK,Bologna,33.0,1991.0,27,27,2364,26.3,0,0,0,0,0.0,1,0,0.0,0.0,0.0,0.0,0.0,0.0,0.0,0.0,862.0,1105.0,78.0,0.0,0.0,1.0,0.0,0.0,13.0,2.0,1155.0,0.0,1.0,1.0,778.0,17.0,0.0,4.0,0.0,47.0,1.0,0.0,2.0,1.0,8.0,33.0,50.0,1.0,Football Players Stats 2024-2025
2024-25,serie_a_league,Ivan Smolčić,hr CRO,DF,Como,23.0,2000.0,9,7,630,7.0,0,0,0,0,0.0,2,0,0.4,0.4,0.1,3.0,23.0,9.0,7.0,3.0,327.0,394.0,83.0,2.0,4.0,16.0,9.0,10.0,24.0,0.0,475.0,10.0,2.0,0.0,231.0,18.0,5.0,8.0,0.0,27.0,11.0,0.0,11.0,10.0,,,,,Football Players Stats 2024-2025
2024-25,serie_a_league,Simon Sohm,ch SUI,MF,Parma,23.0,2001.0,37,36,2989,33.2,4,0,0,0,0.0,6,0,3.1,3.1,2.1,69.0,140.0,67.0,34.0,13.0,1050.0,1233.0,85.2,20.0,15.0,28.0,17.0,26.0,36.0,0.0,1467.0,45.0,35.0,15.0,876.0,122.0,55.0,78.0,3.0,127.0,19.0,3.0,29.0,29.0,,,,,Football Players Stats 2024-2025
2024-25,serie_a_league,Ola Solbakken,no NOR,"MF,FW",Empoli,25.0,1998.0,21,8,760,8.4,0,0,0,0,0.0,2,0,0.8,0.8,0.4,18.0,20.0,32.0,4.0,3.0,141.0,199.0,70.9,9.0,7.0,7.0,4.0,2.0,8.0,0.0,263.0,15.0,15.0,7.0,150.0,14.0,10.0,12.0,1.0,19.0,8.0,0.0,9.0,19.0,,,,,Football Players Stats 2024-2025
2024-25,serie_a_league,Oumar Solet,fr FRA,DF,Udinese,24.0,2000.0,19,19,1672,18.6,1,2,0,0,0.0,3,1,0.8,0.8,1.2,20.0,65.0,6.0,12.0,7.0,982.0,1110.0,88.5,17.0,9.0,33.0,19.0,17.0,78.0,4.0,1325.0,15.0,31.0,25.0,806.0,54.0,14.0,33.0,3.0,92.0,17.0,0.0,20.0,20.0,,,,,Football Players Stats 2024-2025
2024-25,serie_a_league,Daniele Sommariva,it ITA,GK,Genoa,27.0,1997.0,1,0,28,0.3,0,0,0,0,0.0,0,0,0.0,0.0,0.0,0.0,0.0,0.0,0.0,0.0,5.0,15.0,33.3,0.0,0.0,0.0,0.0,0.0,1.0,0.0,18.0,0.0,0.0,0.0,6.0,1.0,0.0,0.0,0.0,0.0,0.0,0.0,1.0,0.0,0.0,1.0,2.0,0.0,Football Players Stats 2024-2025
2024-25,serie_a_league,Yann Sommer,ch SUI,GK,Inter,35.0,1988.0,32,32,2880,32.0,0,0,0,0,0.0,0,0,0.0,0.0,0.0,0.0,1.0,0.0,0.0,0.0,1167.0,1332.0,87.6,0.0,0.0,0.0,0.0,0.0,13.0,1.0,1388.0,0.0,0.0,0.0,925.0,7.0,0.0,6.0,0.0,46.0,0.0,0.0,4.0,0.0,13.0,29.0,81.0,1.0,Football Players Stats 2024-2025
2024-25,serie_a_league,Borna Sosa,hr CRO,DF,Torino,26.0,1998.0,19,14,1181,13.1,0,0,0,0,0.0,0,0,0.3,0.3,0.7,13.0,51.0,49.0,4.0,1.0,546.0,686.0,79.6,11.0,51.0,26.0,19.0,14.0,33.0,0.0,781.0,14.0,7.0,3.0,417.0,43.0,15.0,24.0,1.0,53.0,12.0,0.0,16.0,19.0,,,,,Football Players Stats 2024-2025
2024-25,serie_a_league,Riccardo Sottil,it ITA,"FW,MF",Fiorentina,25.0,1999.0,18,8,833,9.3,1,1,0,0,0.0,1,0,0.9,0.9,0.9,71.0,18.0,100.0,22.0,6.0,196.0,278.0,70.5,12.0,41.0,5.0,4.0,4.0,3.0,0.0,356.0,41.0,27.0,11.0,272.0,5.0,31.0,35.0,4.0,44.0,7.0,4.0,4.0,9.0,,,,,Football Players Stats 2024-2025
2024-25,serie_a_league,Riccardo Sottil,it ITA,"FW,MF",Milan,25.0,1999.0,6,1,123,1.4,0,0,0,0,0.0,0,0,0.2,0.2,0.3,11.0,3.0,14.0,2.0,0.0,41.0,55.0,74.5,3.0,9.0,1.0,1.0,0.0,0.0,0.0,63.0,6.0,4.0,1.0,47.0,2.0,5.0,5.0,0.0,5.0,1.0,0.0,1.0,0.0,,,,,Football Players Stats 2024-2025
2024-25,serie_a_league,Matìas Soulé,ar ARG,"MF,DF",Roma,21.0,2003.0,27,22,1781,19.8,5,5,0,0,0.0,3,0,3.0,3.0,5.2,84.0,89.0,191.0,42.0,13.0,785.0,955.0,82.2,51.0,88.0,26.0,16.0,9.0,25.0,0.0,1271.0,73.0,108.0,35.0,794.0,53.0,56.0,90.0,8.0,105.0,12.0,2.0,10.0,17.0,,,,,Football Players Stats 2024-2025
2024-25,serie_a_league,Leonardo Spinazzola,it ITA,"DF,FW",Napoli,31.0,1993.0,27,17,1517,16.9,1,1,0,0,0.0,1,0,0.8,0.8,3.5,83.0,88.0,81.0,12.0,4.0,710.0,895.0,79.3,26.0,65.0,17.0,10.0,9.0,31.0,1.0,1051.0,38.0,64.0,28.0,603.0,62.0,64.0,47.0,3.0,62.0,6.0,1.0,3.0,3.0,,,,,Football Players Stats 2024-2025
2024-25,serie_a_league,Marco Sportiello,it ITA,GK,Milan,32.0,1992.0,2,1,126,1.4,0,0,0,0,0.0,0,0,0.0,0.0,0.0,0.0,0.0,0.0,0.0,0.0,51.0,61.0,83.6,0.0,0.0,0.0,0.0,0.0,1.0,0.0,63.0,0.0,0.0,0.0,37.0,1.0,0.0,0.0,0.0,1.0,0.0,0.0,0.0,0.0,1.0,2.0,4.0,0.0,Football Players Stats 2024-2025
2024-25,serie_a_league,Filip Stankovic,rs SRB,GK,Venezia,22.0,2002.0,16,16,1367,15.2,0,0,0,0,0.0,1,0,0.0,0.0,0.0,0.0,0.0,0.0,0.0,0.0,372.0,513.0,72.5,0.0,0.0,0.0,0.0,0.0,11.0,2.0,566.0,0.0,0.0,0.0,341.0,2.0,0.0,1.0,0.0,15.0,0.0,0.0,5.0,0.0,0.0,23.0,60.0,1.0,Football Players Stats 2024-2025
2024-25,serie_a_league,Petar Stojanović,si SVN,MF,Empoli,28.0,1995.0,1,0,3,0.0,0,0,0,0,0.0,0,0,0.0,0.0,0.0,0.0,0.0,0.0,0.0,0.0,1.0,3.0,33.3,0.0,0.0,0.0,0.0,0.0,0.0,0.0,3.0,0.0,0.0,0.0,2.0,0.0,0.0,0.0,0.0,1.0,0.0,0.0,0.0,0.0,,,,,Football Players Stats 2024-2025
2024-25,serie_a_league,Gabriel Strefezza,br BRA,"FW,MF",Como,27.0,1997.0,37,32,2619,29.1,6,4,0,0,0.0,5,0,3.7,3.7,3.9,80.0,106.0,190.0,58.0,21.0,875.0,1158.0,75.6,57.0,123.0,57.0,39.0,13.0,26.0,0.0,1483.0,93.0,82.0,36.0,1033.0,67.0,42.0,111.0,4.0,108.0,46.0,4.0,10.0,24.0,,,,,Football Players Stats 2024-2025
2024-25,serie_a_league,Ibrahim Sulemana,gh GHA,MF,Atalanta,21.0,2003.0,9,3,283,3.1,2,0,0,0,0.0,1,0,0.6,0.6,0.0,2.0,12.0,2.0,5.0,2.0,159.0,180.0,88.3,1.0,0.0,9.0,4.0,0.0,1.0,0.0,209.0,1.0,4.0,1.0,135.0,18.0,6.0,3.0,0.0,13.0,2.0,0.0,9.0,4.0,,,,,Football Players Stats 2024-2025
2024-25,serie_a_league,Tomáš Suslov,sk SVK,"MF,FW",Hellas Verona,22.0,2002.0,31,27,2080,23.1,0,1,0,0,0.0,7,1,1.6,1.6,1.9,39.0,82.0,77.0,32.0,7.0,387.0,529.0,73.2,27.0,49.0,54.0,38.0,18.0,17.0,1.0,811.0,28.0,77.0,36.0,462.0,40.0,28.0,74.0,4.0,88.0,54.0,6.0,5.0,25.0,,,,,Football Players Stats 2024-2025
2024-25,serie_a_league,Zion Suzuki,jp JPN,GK,Parma,21.0,2002.0,37,37,3314,36.8,0,0,0,0,0.0,2,1,0.0,0.0,0.0,0.0,0.0,0.0,0.0,0.0,1008.0,1496.0,67.4,0.0,0.0,1.0,0.0,0.0,35.0,4.0,1605.0,0.0,0.0,0.0,953.0,47.0,0.0,9.0,1.0,44.0,3.0,0.0,13.0,1.0,7.0,53.0,99.0,0.0,Football Players Stats 2024-2025
2024-25,serie_a_league,Marin Šverko,hr CRO,DF,Venezia,26.0,1998.0,16,12,1117,12.4,1,0,0,0,0.0,3,0,0.3,0.3,0.3,8.0,38.0,1.0,3.0,1.0,495.0,602.0,82.2,2.0,2.0,20.0,9.0,16.0,45.0,3.0,711.0,3.0,10.0,6.0,356.0,39.0,3.0,13.0,1.0,44.0,9.0,1.0,20.0,20.0,,,,,Football Players Stats 2024-2025
2024-25,serie_a_league,Mile Svilar,rs SRB,GK,Roma,24.0,1999.0,38,38,3420,38.0,0,0,0,0,0.0,1,0,0.0,0.0,0.0,0.0,2.0,0.0,1.0,0.0,1151.0,1459.0,78.9,0.0,0.0,0.0,0.0,0.0,12.0,2.0,1531.0,1.0,0.0,0.0,944.0,15.0,0.0,6.0,0.0,53.0,0.0,0.0,6.0,1.0,16.0,35.0,117.0,0.0,Football Players Stats 2024-2025
2024-25,serie_a_league,Michael Svoboda,at AUT,DF,Venezia,25.0,1998.0,16,15,1314,14.6,1,0,0,0,0.0,1,0,0.2,0.2,0.6,13.0,43.0,5.0,4.0,4.0,703.0,829.0,84.8,5.0,2.0,26.0,14.0,22.0,66.0,2.0,984.0,15.0,3.0,2.0,509.0,44.0,15.0,16.0,0.0,71.0,7.0,0.0,35.0,28.0,,,,,Football Players Stats 2024-2025
2024-25,serie_a_league,Adrien Tameze,cm CMR,"MF,DF",Torino,30.0,1994.0,20,9,649,7.2,0,0,0,0,0.0,3,0,0.4,0.4,0.8,16.0,23.0,21.0,7.0,3.0,259.0,301.0,86.0,6.0,9.0,5.0,2.0,10.0,8.0,1.0,368.0,13.0,15.0,4.0,214.0,10.0,9.0,8.0,0.0,25.0,8.0,0.0,11.0,8.0,,,,,Football Players Stats 2024-2025
2024-25,serie_a_league,Mehdi Taremi,ir IRN,FW,Inter,32.0,1992.0,25,7,807,9.0,1,2,1,1,0.0,1,0,3.5,2.7,1.6,10.0,25.0,47.0,13.0,5.0,185.0,231.0,80.1,15.0,1.0,7.0,1.0,0.0,11.0,0.0,318.0,45.0,11.0,6.0,186.0,12.0,9.0,33.0,4.0,29.0,9.0,4.0,19.0,24.0,,,,,Football Players Stats 2024-2025
2024-25,serie_a_league,Nuno Tavares,pt POR,DF,Lazio,24.0,2000.0,23,22,1686,18.7,0,8,0,0,0.0,4,1,1.1,1.1,4.8,98.0,111.0,100.0,28.0,5.0,820.0,1042.0,78.7,33.0,126.0,28.0,21.0,21.0,44.0,2.0,1302.0,39.0,105.0,49.0,736.0,69.0,67.0,63.0,11.0,104.0,18.0,2.0,11.0,11.0,,,,,Football Players Stats 2024-2025
2024-25,serie_a_league,Loum Tchaouna,fr FRA,"FW,MF",Lazio,20.0,2003.0,24,6,660,7.3,1,0,0,0,0.0,4,1,2.5,2.5,0.6,22.0,20.0,66.0,23.0,8.0,172.0,247.0,69.6,10.0,32.0,8.0,4.0,4.0,14.0,2.0,341.0,33.0,10.0,5.0,188.0,9.0,8.0,25.0,6.0,18.0,10.0,0.0,5.0,26.0,,,,,Football Players Stats 2024-2025
2024-25,serie_a_league,Jackson Tchatchoua,cm CMR,"DF,MF",Hellas Verona,22.0,2001.0,36,36,3167,35.2,2,3,0,0,0.0,7,1,1.6,1.6,2.8,88.0,72.0,163.0,18.0,3.0,837.0,1126.0,74.3,34.0,118.0,50.0,31.0,14.0,75.0,2.0,1403.0,35.0,40.0,21.0,685.0,39.0,59.0,60.0,3.0,121.0,26.0,0.0,30.0,34.0,,,,,Football Players Stats 2024-2025
2024-25,serie_a_league,Casper Tengstedt,dk DEN,FW,Hellas Verona,24.0,2000.0,25,20,1517,16.9,6,1,1,1,0.0,2,0,5.3,4.5,0.9,29.0,29.0,85.0,37.0,10.0,201.0,298.0,67.4,12.0,10.0,7.0,5.0,4.0,29.0,0.0,458.0,58.0,27.0,9.0,238.0,11.0,14.0,24.0,3.0,37.0,6.0,2.0,20.0,61.0,,,,,Football Players Stats 2024-2025
2024-25,serie_a_league,Filippo Terracciano,it ITA,"DF,MF",Milan,21.0,2003.0,13,6,539,6.0,0,0,0,0,0.0,3,0,0.2,0.2,0.1,5.0,14.0,9.0,3.0,1.0,226.0,257.0,87.9,2.0,3.0,9.0,6.0,6.0,11.0,0.0,303.0,3.0,2.0,0.0,162.0,21.0,3.0,4.0,0.0,21.0,11.0,0.0,10.0,5.0,,,,,Football Players Stats 2024-2025
2024-25,serie_a_league,Pietro Terracciano,it ITA,GK,Fiorentina,34.0,1990.0,3,3,270,3.0,0,0,0,0,0.0,0,0,0.0,0.0,0.0,0.0,0.0,0.0,0.0,0.0,70.0,89.0,78.7,0.0,0.0,0.0,0.0,0.0,0.0,0.0,96.0,0.0,0.0,0.0,67.0,0.0,0.0,0.0,0.0,4.0,0.0,0.0,0.0,0.0,1.0,3.0,10.0,0.0,Football Players Stats 2024-2025
2024-25,serie_a_league,Florian Thauvin,fr FRA,"FW,MF",Udinese,31.0,1993.0,25,24,1956,21.7,8,3,1,3,0.0,0,0,8.1,5.7,3.8,92.0,90.0,148.0,51.0,23.0,544.0,819.0,66.4,39.0,168.0,20.0,14.0,7.0,10.0,0.0,1062.0,82.0,92.0,39.0,682.0,58.0,53.0,93.0,9.0,68.0,10.0,3.0,5.0,10.0,,,,,Football Players Stats 2024-2025
2024-25,serie_a_league,Malick Thiaw,de GER,DF,Milan,22.0,2001.0,22,19,1806,20.1,0,0,0,0,3.0,2,0,0.6,0.6,0.1,12.0,89.0,1.0,7.0,0.0,1181.0,1269.0,93.1,4.0,3.0,24.0,17.0,15.0,76.0,1.0,1432.0,15.0,4.0,3.0,905.0,87.0,11.0,21.0,1.0,65.0,24.0,0.0,49.0,27.0,,,,,Football Players Stats 2024-2025
2024-25,serie_a_league,Morten Thorsby,no NOR,"MF,FW",Genoa,28.0,1996.0,30,22,1898,21.1,0,1,0,0,1.0,6,0,2.8,2.8,2.1,24.0,58.0,76.0,15.0,6.0,353.0,530.0,66.6,27.0,9.0,49.0,30.0,5.0,28.0,1.0,753.0,66.0,22.0,9.0,295.0,45.0,17.0,55.0,2.0,51.0,53.0,2.0,107.0,99.0,,,,,Football Players Stats 2024-2025
2024-25,serie_a_league,Khéphren Thuram,fr FRA,MF,Juventus,23.0,2001.0,35,26,2326,25.8,4,5,0,0,0.0,5,0,3.5,3.5,3.6,74.0,123.0,52.0,36.0,10.0,1228.0,1389.0,88.4,25.0,13.0,44.0,21.0,14.0,39.0,2.0,1661.0,44.0,70.0,39.0,1067.0,124.0,59.0,56.0,10.0,110.0,36.0,2.0,28.0,29.0,,,,,Football Players Stats 2024-2025
2024-25,serie_a_league,Marcus Thuram,fr FRA,FW,Inter,26.0,1997.0,31,26,2200,24.4,14,4,0,0,0.0,1,0,9.9,9.9,4.4,62.0,53.0,170.0,64.0,27.0,412.0,559.0,73.7,39.0,13.0,18.0,8.0,3.0,15.0,0.0,830.0,160.0,53.0,24.0,453.0,24.0,33.0,90.0,16.0,71.0,30.0,9.0,45.0,34.0,,,,,Football Players Stats 2024-2025
2024-25,serie_a_league,Cheikh Tidiane Niasse,sn SEN,MF,Hellas Verona,24.0,2000.0,11,8,755,8.4,0,0,0,0,0.0,4,0,0.4,0.4,0.1,5.0,25.0,15.0,3.0,1.0,192.0,240.0,80.0,4.0,2.0,18.0,15.0,17.0,17.0,2.0,353.0,9.0,7.0,1.0,160.0,16.0,2.0,12.0,0.0,26.0,11.0,1.0,19.0,21.0,,,,,Football Players Stats 2024-2025
2024-25,serie_a_league,Rafael Tolói,it ITA,DF,Atalanta,33.0,1990.0,11,2,468,5.2,0,0,0,0,0.0,1,0,0.1,0.1,0.2,5.0,26.0,5.0,3.0,0.0,257.0,293.0,87.7,3.0,2.0,10.0,5.0,8.0,11.0,0.0,340.0,3.0,3.0,2.0,195.0,20.0,6.0,7.0,0.0,33.0,6.0,1.0,9.0,1.0,,,,,Football Players Stats 2024-2025
2024-25,serie_a_league,Fikayo Tomori,eng ENG,DF,Milan,26.0,1997.0,22,19,1593,17.7,0,1,0,0,0.0,4,1,0.1,0.1,0.7,8.0,63.0,3.0,2.0,0.0,1019.0,1103.0,92.4,8.0,6.0,40.0,25.0,20.0,61.0,2.0,1260.0,7.0,2.0,2.0,721.0,58.0,9.0,22.0,3.0,60.0,10.0,0.0,28.0,30.0,,,,,Football Players Stats 2024-2025
2024-25,serie_a_league,Luka Topalović,si SVN,MF,Inter,18.0,2006.0,1,0,11,0.1,0,0,0,0,0.0,0,0,0.0,0.0,0.0,0.0,0.0,1.0,0.0,0.0,5.0,9.0,55.6,0.0,0.0,1.0,1.0,0.0,0.0,0.0,11.0,3.0,1.0,0.0,5.0,0.0,1.0,0.0,0.0,0.0,0.0,0.0,0.0,0.0,,,,,Football Players Stats 2024-2025
2024-25,serie_a_league,Lorenzo Tosto,it ITA,DF,Empoli,18.0,2006.0,1,0,1,0.0,0,0,0,0,0.0,0,0,0.0,0.0,0.0,0.0,0.0,0.0,0.0,0.0,4.0,4.0,100.0,0.0,0.0,0.0,0.0,0.0,0.0,0.0,4.0,0.0,0.0,0.0,3.0,0.0,0.0,0.0,0.0,0.0,0.0,0.0,0.0,0.0,,,,,Football Players Stats 2024-2025
2024-25,serie_a_league,Souleymane Touré,fr FRA,DF,Udinese,21.0,2003.0,12,11,733,8.1,1,0,0,0,1.0,2,2,0.4,0.4,0.0,6.0,26.0,3.0,4.0,2.0,474.0,517.0,91.7,2.0,6.0,7.0,6.0,9.0,17.0,1.0,585.0,10.0,10.0,5.0,378.0,34.0,5.0,8.0,0.0,23.0,15.0,0.0,7.0,5.0,,,,,Football Players Stats 2024-2025
2024-25,serie_a_league,Stefano Turati,it ITA,GK,Monza,22.0,2001.0,30,30,2676,29.7,0,0,0,0,0.0,1,0,0.0,0.0,0.0,0.0,0.0,0.0,0.0,0.0,764.0,1077.0,70.9,0.0,0.0,0.0,0.0,0.0,21.0,2.0,1166.0,0.0,0.0,0.0,720.0,10.0,0.0,5.0,1.0,32.0,0.0,0.0,3.0,1.0,2.0,52.0,93.0,2.0,Football Players Stats 2024-2025
2024-25,serie_a_league,Kacper Urbanski,pl POL,MF,Bologna,19.0,2004.0,7,1,247,2.7,1,0,0,0,0.0,2,0,0.3,0.3,0.5,5.0,15.0,19.0,4.0,1.0,106.0,126.0,84.1,9.0,8.0,5.0,2.0,2.0,5.0,0.0,163.0,10.0,5.0,3.0,107.0,14.0,2.0,8.0,0.0,16.0,5.0,0.0,2.0,8.0,,,,,Football Players Stats 2024-2025
2024-25,serie_a_league,Kacper Urbanski,pl POL,MF,Monza,19.0,2004.0,8,6,500,5.6,0,0,0,0,0.0,1,0,0.1,0.1,0.1,10.0,41.0,14.0,5.0,1.0,215.0,249.0,86.3,4.0,4.0,5.0,3.0,2.0,9.0,0.0,304.0,3.0,8.0,3.0,187.0,30.0,5.0,7.0,0.0,23.0,8.0,0.0,6.0,13.0,,,,,Football Players Stats 2024-2025
2024-25,serie_a_league,Lautaro Valenti,ar ARG,DF,Parma,25.0,1999.0,20,18,1556,17.3,1,0,0,0,0.0,6,1,0.2,0.2,0.2,3.0,28.0,3.0,7.0,2.0,701.0,830.0,84.5,4.0,2.0,17.0,12.0,13.0,94.0,1.0,1011.0,12.0,1.0,0.0,556.0,26.0,2.0,11.0,0.0,48.0,24.0,0.0,24.0,21.0,,,,,Football Players Stats 2024-2025
2024-25,serie_a_league,Nicolás Valentini,ar ARG,DF,Hellas Verona,23.0,2001.0,14,13,1129,12.5,0,0,0,0,0.0,5,1,0.3,0.3,0.8,4.0,42.0,1.0,8.0,0.0,316.0,468.0,67.5,6.0,5.0,35.0,23.0,15.0,97.0,0.0,654.0,14.0,2.0,2.0,268.0,52.0,1.0,11.0,0.0,43.0,22.0,0.0,50.0,13.0,,,,,Football Players Stats 2024-2025
2024-25,serie_a_league,Emanuele Valeri,it ITA,DF,Parma,25.0,1998.0,35,34,2873,31.9,2,6,1,1,0.0,1,0,1.8,1.0,4.7,79.0,93.0,109.0,26.0,4.0,783.0,1193.0,65.6,36.0,129.0,51.0,31.0,29.0,103.0,4.0,1528.0,33.0,47.0,12.0,740.0,69.0,45.0,75.0,10.0,124.0,28.0,5.0,19.0,19.0,,,,,Football Players Stats 2024-2025
2024-25,serie_a_league,Álex Valle,es ESP,DF,Como,20.0,2004.0,15,12,1030,11.4,0,0,0,0,0.0,2,0,0.3,0.3,0.7,19.0,44.0,30.0,9.0,1.0,562.0,661.0,85.0,11.0,16.0,26.0,12.0,8.0,42.0,0.0,799.0,12.0,18.0,9.0,425.0,51.0,20.0,25.0,0.0,51.0,14.0,0.0,6.0,15.0,,,,,Football Players Stats 2024-2025
2024-25,serie_a_league,Mattia Valoti,it ITA,MF,Monza,30.0,1993.0,5,0,40,0.4,0,0,0,0,0.0,1,0,0.0,0.0,0.0,0.0,0.0,0.0,0.0,0.0,12.0,19.0,63.2,0.0,0.0,3.0,3.0,0.0,2.0,0.0,27.0,0.0,0.0,0.0,7.0,0.0,0.0,0.0,0.0,3.0,2.0,0.0,0.0,1.0,,,,,Football Players Stats 2024-2025
2024-25,serie_a_league,Ignace Van Der Brempt,be BEL,DF,Como,22.0,2002.0,20,14,1257,14.0,0,1,0,0,0.0,3,0,0.5,0.5,0.5,19.0,42.0,34.0,7.0,3.0,551.0,679.0,81.1,10.0,20.0,40.0,32.0,17.0,34.0,0.0,841.0,14.0,28.0,13.0,432.0,32.0,12.0,22.0,3.0,59.0,21.0,3.0,18.0,15.0,,,,,Football Players Stats 2024-2025
2024-25,serie_a_league,Devis Vásquez,co COL,GK,Empoli,26.0,1998.0,32,32,2880,32.0,0,0,0,0,0.0,2,0,0.0,0.0,0.0,0.0,0.0,0.0,0.0,0.0,667.0,1105.0,60.4,0.0,0.0,0.0,0.0,0.0,21.0,4.0,1183.0,0.0,1.0,1.0,701.0,29.0,0.0,6.0,0.0,43.0,1.0,0.0,8.0,1.0,6.0,45.0,79.0,1.0,Football Players Stats 2024-2025
2024-25,serie_a_league,Johan Vásquez,mx MEX,DF,Genoa,25.0,1998.0,36,34,3041,33.8,3,0,0,0,0.0,9,0,2.4,2.4,0.3,37.0,96.0,12.0,36.0,8.0,1491.0,1760.0,84.7,7.0,7.0,56.0,31.0,50.0,150.0,1.0,2190.0,46.0,7.0,5.0,1202.0,76.0,21.0,25.0,0.0,122.0,31.0,2.0,93.0,75.0,,,,,Football Players Stats 2024-2025
2024-25,serie_a_league,Matías Vecino,uy URU,MF,Lazio,32.0,1991.0,20,7,877,9.7,2,3,0,0,0.0,7,0,2.3,2.3,2.4,4.0,29.0,14.0,16.0,4.0,322.0,397.0,81.1,11.0,2.0,13.0,7.0,5.0,15.0,0.0,475.0,33.0,1.0,1.0,231.0,32.0,11.0,22.0,4.0,29.0,20.0,0.0,30.0,28.0,,,,,Football Players Stats 2024-2025
2024-25,serie_a_league,Danilo Veiga,pt POR,DF,Lecce,21.0,2002.0,13,2,374,4.2,0,0,0,0,0.0,0,0,0.6,0.6,0.3,10.0,10.0,13.0,5.0,0.0,104.0,161.0,64.6,6.0,17.0,8.0,6.0,4.0,14.0,0.0,225.0,5.0,14.0,6.0,111.0,11.0,6.0,14.0,1.0,19.0,6.0,2.0,5.0,11.0,,,,,Football Players Stats 2024-2025
2024-25,serie_a_league,Renato Veiga,pt POR,DF,Juventus,21.0,2003.0,13,12,1093,12.1,0,1,0,0,0.0,2,0,1.0,1.0,0.1,9.0,40.0,0.0,12.0,5.0,500.0,568.0,88.0,2.0,0.0,17.0,12.0,19.0,81.0,0.0,727.0,11.0,1.0,1.0,388.0,35.0,5.0,9.0,1.0,38.0,9.0,0.0,27.0,11.0,,,,,Football Players Stats 2024-2025
2024-25,serie_a_league,Lorenzo Venturino,it ITA,"FW,MF",Genoa,18.0,2006.0,6,1,167,1.9,2,0,0,0,0.0,0,0,0.7,0.7,0.2,5.0,7.0,10.0,4.0,3.0,28.0,55.0,50.9,3.0,10.0,5.0,3.0,0.0,5.0,0.0,86.0,6.0,6.0,4.0,39.0,2.0,2.0,6.0,1.0,8.0,3.0,0.0,1.0,1.0,,,,,Football Players Stats 2024-2025
2024-25,serie_a_league,Simone Verdi,it ITA,"MF,FW",Como,32.0,1992.0,9,0,115,1.3,0,0,0,0,0.0,1,0,0.1,0.1,0.5,3.0,5.0,13.0,2.0,2.0,31.0,60.0,51.7,6.0,14.0,2.0,2.0,0.0,2.0,0.0,75.0,1.0,2.0,2.0,44.0,2.0,4.0,8.0,0.0,5.0,1.0,0.0,0.0,0.0,,,,,Football Players Stats 2024-2025
2024-25,serie_a_league,Samuele Vignato,it ITA,MF,Monza,20.0,2004.0,17,3,470,5.2,0,0,0,0,0.0,0,0,0.3,0.3,0.0,5.0,17.0,30.0,4.0,1.0,126.0,167.0,75.4,1.0,14.0,6.0,3.0,0.0,6.0,0.0,214.0,7.0,13.0,4.0,139.0,9.0,8.0,7.0,1.0,12.0,3.0,0.0,5.0,13.0,,,,,Football Players Stats 2024-2025
2024-25,serie_a_league,Nicolas Viola,it ITA,"FW,MF",Cagliari,34.0,1989.0,27,18,1267,14.1,3,1,0,0,0.0,2,0,2.2,2.2,1.9,21.0,46.0,70.0,31.0,9.0,285.0,452.0,63.1,28.0,79.0,14.0,7.0,3.0,5.0,0.0,595.0,34.0,30.0,11.0,326.0,34.0,17.0,59.0,4.0,52.0,20.0,3.0,21.0,24.0,,,,,Football Players Stats 2024-2025
2024-25,serie_a_league,Mattia Viti,it ITA,DF,Empoli,22.0,2002.0,30,30,2572,28.6,1,0,0,0,0.0,3,0,0.8,0.8,0.2,17.0,86.0,10.0,11.0,2.0,933.0,1163.0,80.2,5.0,0.0,65.0,45.0,48.0,128.0,4.0,1506.0,12.0,11.0,6.0,633.0,71.0,9.0,23.0,0.0,97.0,30.0,2.0,61.0,52.0,,,,,Football Players Stats 2024-2025
2024-25,serie_a_league,Vitinha,pt POR,"FW,MF",Genoa,24.0,2000.0,25,16,1328,14.8,2,3,0,0,0.0,2,0,1.6,1.6,3.3,38.0,19.0,71.0,33.0,5.0,191.0,322.0,59.3,16.0,45.0,23.0,8.0,12.0,22.0,0.0,572.0,54.0,68.0,22.0,309.0,12.0,27.0,41.0,3.0,53.0,23.0,5.0,31.0,28.0,,,,,Football Players Stats 2024-2025
2024-25,serie_a_league,Dušan Vlahović,rs SRB,FW,Juventus,24.0,2000.0,29,21,1784,19.8,10,4,4,4,0.0,3,0,12.3,9.2,1.3,27.0,22.0,117.0,73.0,25.0,253.0,366.0,69.1,15.0,9.0,4.0,2.0,1.0,9.0,3.0,564.0,125.0,28.0,9.0,308.0,11.0,10.0,41.0,8.0,36.0,27.0,2.0,39.0,42.0,,,,,Football Players Stats 2024-2025
2024-25,serie_a_league,Vanja Vlahović,rs SRB,"FW,MF",Atalanta,20.0,2004.0,3,0,60,0.7,0,0,0,0,0.0,0,0,0.2,0.2,0.1,0.0,0.0,5.0,1.0,1.0,4.0,6.0,66.7,2.0,0.0,1.0,1.0,0.0,0.0,0.0,18.0,7.0,2.0,0.0,13.0,0.0,0.0,3.0,1.0,0.0,0.0,1.0,0.0,3.0,,,,,Football Players Stats 2024-2025
2024-25,serie_a_league,Nikola Vlašić,hr CRO,"MF,FW",Torino,26.0,1997.0,30,23,2117,23.5,5,4,2,2,0.0,0,0,3.4,1.8,2.4,53.0,94.0,110.0,30.0,10.0,613.0,768.0,79.8,32.0,26.0,37.0,19.0,9.0,15.0,0.0,983.0,59.0,48.0,24.0,607.0,57.0,41.0,70.0,8.0,93.0,28.0,3.0,27.0,29.0,,,,,Football Players Stats 2024-2025
2024-25,serie_a_league,Alessandro Vogliacco,it ITA,DF,Genoa,25.0,1998.0,12,8,715,7.9,2,0,0,0,0.0,3,0,1.3,1.3,0.0,9.0,26.0,2.0,5.0,2.0,266.0,341.0,78.0,1.0,11.0,15.0,3.0,9.0,20.0,0.0,407.0,5.0,1.0,0.0,208.0,35.0,8.0,6.0,0.0,20.0,12.0,0.0,11.0,8.0,,,,,Football Players Stats 2024-2025
2024-25,serie_a_league,Alessandro Vogliacco,it ITA,DF,Parma,25.0,1998.0,10,10,772,8.6,0,0,0,0,1.0,2,0,0.1,0.1,0.1,2.0,21.0,0.0,1.0,1.0,437.0,477.0,91.6,3.0,2.0,5.0,2.0,3.0,37.0,0.0,551.0,3.0,1.0,1.0,370.0,26.0,1.0,5.0,0.0,24.0,10.0,0.0,17.0,13.0,,,,,Football Players Stats 2024-2025
2024-25,serie_a_league,Mërgim Vojvoda,xk KVX,DF,Torino,29.0,1995.0,17,12,1105,12.3,0,0,0,0,0.0,4,0,0.4,0.4,0.4,18.0,64.0,34.0,5.0,0.0,662.0,792.0,83.6,11.0,40.0,18.0,10.0,7.0,24.0,1.0,875.0,6.0,11.0,6.0,577.0,47.0,12.0,27.0,1.0,53.0,13.0,1.0,8.0,10.0,,,,,Football Players Stats 2024-2025
2024-25,serie_a_league,Mërgim Vojvoda,xk KVX,DF,Como,29.0,1995.0,11,8,717,8.0,1,2,0,0,0.0,2,0,0.2,0.2,2.0,16.0,43.0,40.0,4.0,1.0,375.0,460.0,81.5,12.0,26.0,9.0,6.0,3.0,18.0,0.0,521.0,14.0,11.0,3.0,293.0,31.0,11.0,20.0,2.0,28.0,8.0,0.0,6.0,6.0,,,,,Football Players Stats 2024-2025
2024-25,serie_a_league,Stefan de Vrij,nl NED,DF,Inter,32.0,1992.0,25,17,1636,18.2,3,0,0,0,0.0,2,0,1.1,1.1,0.0,11.0,76.0,5.0,13.0,3.0,1309.0,1403.0,93.3,1.0,0.0,18.0,11.0,22.0,89.0,0.0,1613.0,19.0,8.0,3.0,988.0,64.0,7.0,14.0,3.0,66.0,8.0,0.0,65.0,38.0,,,,,Football Players Stats 2024-2025
2024-25,serie_a_league,Kyle Walker,eng ENG,DF,Milan,34.0,1990.0,11,7,659,7.3,0,0,0,0,0.0,1,0,0.0,0.0,0.9,11.0,32.0,19.0,2.0,0.0,370.0,422.0,87.7,6.0,11.0,17.0,9.0,9.0,15.0,1.0,492.0,6.0,7.0,5.0,310.0,26.0,5.0,10.0,0.0,37.0,7.0,0.0,6.0,3.0,,,,,Football Players Stats 2024-2025
2024-25,serie_a_league,Sebastian Walukiewicz,pl POL,DF,Torino,24.0,2000.0,29,20,1661,18.5,0,0,0,0,0.0,6,0,0.4,0.4,0.3,25.0,80.0,31.0,6.0,1.0,761.0,938.0,81.1,4.0,24.0,38.0,20.0,18.0,60.0,0.0,1119.0,9.0,22.0,6.0,557.0,74.0,13.0,16.0,1.0,52.0,29.0,0.0,23.0,36.0,,,,,Football Players Stats 2024-2025
2024-25,serie_a_league,Sebastian Walukiewicz,pl POL,DF,Empoli,24.0,2000.0,2,2,180,2.0,0,0,0,0,0.0,0,0,0.0,0.0,0.1,2.0,8.0,3.0,0.0,0.0,48.0,62.0,77.4,1.0,2.0,1.0,0.0,1.0,15.0,0.0,83.0,0.0,0.0,0.0,32.0,6.0,0.0,4.0,0.0,6.0,4.0,0.0,5.0,3.0,,,,,Football Players Stats 2024-2025
2024-25,serie_a_league,Timothy Weah,us USA,"DF,FW",Juventus,24.0,2000.0,30,18,1638,18.2,5,2,0,0,0.0,4,0,3.4,3.4,1.6,45.0,56.0,120.0,21.0,9.0,659.0,787.0,83.7,19.0,44.0,36.0,19.0,14.0,27.0,2.0,977.0,35.0,34.0,13.0,565.0,38.0,21.0,36.0,3.0,60.0,20.0,2.0,19.0,24.0,,,,,Football Players Stats 2024-2025
2024-25,serie_a_league,Mateusz Wieteska,pl POL,DF,Cagliari,27.0,1997.0,5,1,184,2.0,0,0,0,0,0.0,1,0,0.2,0.2,0.2,1.0,5.0,0.0,1.0,0.0,82.0,95.0,86.3,1.0,0.0,1.0,0.0,7.0,6.0,0.0,116.0,2.0,0.0,0.0,69.0,3.0,0.0,2.0,0.0,11.0,4.0,0.0,2.0,7.0,,,,,Football Players Stats 2024-2025
2024-25,serie_a_league,John Yeboah,ec ECU,"FW,MF",Venezia,24.0,2000.0,33,11,1226,13.6,1,1,0,0,0.0,6,0,3.0,3.0,1.9,50.0,42.0,88.0,30.0,10.0,258.0,354.0,72.9,20.0,26.0,6.0,3.0,4.0,2.0,0.0,517.0,55.0,59.0,24.0,374.0,19.0,27.0,53.0,3.0,45.0,14.0,5.0,6.0,10.0,,,,,Football Players Stats 2024-2025
2024-25,serie_a_league,Kenan Yıldız,tr TUR,"FW,MF",Juventus,19.0,2005.0,35,28,2402,26.7,7,4,0,0,0.0,2,1,4.3,4.3,5.0,115.0,121.0,223.0,61.0,22.0,896.0,1124.0,79.7,57.0,115.0,54.0,30.0,5.0,13.0,3.0,1485.0,103.0,111.0,59.0,964.0,70.0,59.0,130.0,10.0,123.0,25.0,5.0,8.0,26.0,,,,,Football Players Stats 2024-2025
2024-25,serie_a_league,Mattia Zaccagni,it ITA,FW,Lazio,29.0,1995.0,34,33,2686,29.8,8,6,2,2,0.0,10,0,6.4,4.9,4.6,91.0,114.0,264.0,46.0,14.0,872.0,1151.0,75.8,55.0,156.0,38.0,27.0,29.0,22.0,2.0,1458.0,100.0,96.0,44.0,911.0,51.0,63.0,107.0,9.0,86.0,35.0,6.0,19.0,21.0,,,,,Football Players Stats 2024-2025
2024-25,serie_a_league,Nicola Zalewski,pl POL,"DF,FW",Roma,22.0,2002.0,12,4,533,5.9,0,0,0,0,0.0,0,0,0.3,0.3,0.8,31.0,17.0,54.0,5.0,0.0,194.0,265.0,73.2,10.0,29.0,8.0,6.0,4.0,8.0,2.0,325.0,15.0,16.0,2.0,193.0,10.0,18.0,20.0,0.0,23.0,2.0,2.0,5.0,8.0,,,,,Football Players Stats 2024-2025
2024-25,serie_a_league,Nicola Zalewski,pl POL,"DF,MF",Inter,22.0,2002.0,11,4,435,4.8,1,1,0,0,0.0,4,0,0.2,0.2,1.7,29.0,18.0,47.0,5.0,3.0,205.0,245.0,83.7,11.0,23.0,7.0,4.0,2.0,5.0,1.0,293.0,16.0,20.0,9.0,206.0,11.0,16.0,20.0,1.0,21.0,7.0,1.0,2.0,3.0,,,,,Football Players Stats 2024-2025
2024-25,serie_a_league,Andre-Frank Zambo Anguissa,cm CMR,MF,Napoli,28.0,1995.0,35,32,2852,31.7,6,4,0,0,0.0,5,0,4.4,4.4,2.4,24.0,144.0,119.0,44.0,12.0,1275.0,1509.0,84.5,26.0,23.0,42.0,26.0,35.0,40.0,1.0,1825.0,73.0,47.0,25.0,915.0,128.0,26.0,75.0,9.0,150.0,39.0,1.0,67.0,50.0,,,,,Football Players Stats 2024-2025
2024-25,serie_a_league,Francesco Zampano,it ITA,DF,Venezia,30.0,1993.0,24,17,1639,18.2,1,2,0,0,0.0,5,0,1.0,1.0,0.8,42.0,41.0,85.0,7.0,4.0,416.0,568.0,73.2,12.0,49.0,31.0,20.0,6.0,29.0,2.0,731.0,26.0,28.0,8.0,418.0,26.0,21.0,25.0,3.0,77.0,24.0,2.0,10.0,18.0,,,,,Football Players Stats 2024-2025
2024-25,serie_a_league,Nicolò Zaniolo,it ITA,FW,Fiorentina,25.0,1999.0,9,4,343,3.8,0,0,0,0,0.0,2,1,0.7,0.6,0.2,8.0,5.0,20.0,9.0,4.0,52.0,74.0,70.3,5.0,4.0,3.0,1.0,0.0,2.0,0.0,131.0,12.0,17.0,6.0,100.0,4.0,6.0,10.0,0.0,11.0,11.0,3.0,3.0,9.0,,,,,Football Players Stats 2024-2025
2024-25,serie_a_league,Nicolò Zaniolo,it ITA,"FW,MF",Atalanta,25.0,1999.0,14,0,356,4.0,2,2,0,0,0.0,4,0,0.9,0.9,0.5,7.0,13.0,33.0,11.0,4.0,85.0,102.0,83.3,7.0,4.0,0.0,0.0,1.0,0.0,0.0,153.0,25.0,16.0,6.0,118.0,5.0,6.0,15.0,3.0,11.0,9.0,2.0,4.0,5.0,,,,,Football Players Stats 2024-2025
2024-25,serie_a_league,Alessandro Zanoli,it ITA,"FW,DF",Genoa,23.0,2000.0,31,19,1711,19.0,1,0,0,0,0.0,3,0,0.4,0.4,1.6,65.0,27.0,90.0,11.0,3.0,339.0,507.0,66.9,19.0,65.0,29.0,20.0,12.0,40.0,0.0,720.0,43.0,56.0,20.0,364.0,10.0,48.0,32.0,1.0,60.0,17.0,1.0,19.0,19.0,,,,,Football Players Stats 2024-2025
2024-25,serie_a_league,Duván Zapata,co COL,FW,Torino,33.0,1991.0,7,7,587,6.5,3,0,0,0,0.0,1,0,3.4,3.4,0.5,6.0,7.0,36.0,21.0,8.0,87.0,126.0,69.0,9.0,3.0,7.0,5.0,2.0,7.0,0.0,192.0,39.0,9.0,1.0,104.0,4.0,4.0,20.0,1.0,15.0,10.0,1.0,20.0,28.0,,,,,Football Players Stats 2024-2025
2024-25,serie_a_league,Gabriele Zappa,it ITA,DF,Cagliari,24.0,1999.0,37,35,3060,34.0,2,0,0,0,0.0,4,0,0.9,0.9,3.6,57.0,146.0,82.0,11.0,5.0,1318.0,1723.0,76.5,28.0,72.0,40.0,23.0,23.0,93.0,1.0,2017.0,34.0,29.0,13.0,1100.0,126.0,39.0,57.0,2.0,123.0,25.0,0.0,21.0,27.0,,,,,Football Players Stats 2024-2025
2024-25,serie_a_league,Davide Zappacosta,it ITA,DF,Atalanta,32.0,1992.0,30,26,2067,23.0,4,2,0,0,0.0,3,0,2.2,2.2,2.1,67.0,107.0,139.0,39.0,12.0,986.0,1192.0,82.7,23.0,95.0,26.0,16.0,11.0,32.0,2.0,1416.0,47.0,41.0,12.0,780.0,60.0,38.0,53.0,6.0,89.0,19.0,0.0,9.0,12.0,,,,,Football Players Stats 2024-2025
2024-25,serie_a_league,Oier Zarraga,es ESP,MF,Udinese,25.0,1999.0,22,9,896,10.0,1,0,0,0,0.0,0,0,0.4,0.4,0.4,7.0,28.0,23.0,6.0,1.0,238.0,289.0,82.4,6.0,20.0,19.0,13.0,2.0,8.0,0.0,359.0,3.0,5.0,2.0,186.0,27.0,3.0,15.0,0.0,25.0,12.0,0.0,6.0,11.0,,,,,Football Players Stats 2024-2025
2024-25,serie_a_league,Jordan Zemura,zw ZIM,DF,Udinese,24.0,1999.0,23,13,1415,15.7,1,2,0,0,0.0,2,0,1.0,1.0,1.0,25.0,42.0,76.0,14.0,3.0,475.0,621.0,76.5,11.0,39.0,31.0,14.0,16.0,41.0,0.0,815.0,23.0,48.0,20.0,403.0,24.0,18.0,30.0,4.0,60.0,22.0,1.0,6.0,14.0,,,,,Football Players Stats 2024-2025
2024-25,serie_a_league,Alessio Zerbin,it ITA,DF,Venezia,25.0,1999.0,18,17,1518,16.9,1,1,0,0,0.0,4,0,1.9,1.9,2.1,53.0,54.0,70.0,16.0,6.0,400.0,612.0,65.4,24.0,74.0,51.0,28.0,15.0,25.0,1.0,864.0,53.0,63.0,21.0,383.0,26.0,26.0,42.0,2.0,69.0,36.0,3.0,10.0,12.0,,,,,Football Players Stats 2024-2025
2024-25,serie_a_league,Alessio Zerbin,it ITA,"FW,DF",Napoli,25.0,1999.0,2,0,2,0.0,0,0,0,0,0.0,0,0,0.0,0.0,0.0,0.0,0.0,0.0,0.0,0.0,0.0,0.0,,0.0,0.0,2.0,1.0,0.0,0.0,0.0,3.0,0.0,1.0,0.0,0.0,0.0,0.0,0.0,0.0,0.0,0.0,0.0,0.0,0.0,,,,,Football Players Stats 2024-2025
2024-25,serie_a_league,Kevin Zeroli,it ITA,MF,Monza,19.0,2005.0,8,4,395,4.4,0,1,0,0,0.0,0,0,0.8,0.8,0.5,2.0,5.0,8.0,6.0,1.0,71.0,96.0,74.0,2.0,2.0,6.0,2.0,2.0,11.0,0.0,146.0,9.0,1.0,0.0,83.0,6.0,3.0,2.0,1.0,15.0,5.0,0.0,5.0,4.0,,,,,Football Players Stats 2024-2025
2024-25,serie_a_league,Kevin Zeroli,it ITA,MF,Milan,19.0,2005.0,1,0,12,0.1,0,0,0,0,0.0,0,0,0.0,0.0,0.0,1.0,2.0,3.0,0.0,0.0,9.0,9.0,100.0,0.0,0.0,1.0,1.0,0.0,0.0,0.0,9.0,0.0,0.0,0.0,7.0,1.0,1.0,0.0,0.0,1.0,0.0,0.0,0.0,0.0,,,,,Football Players Stats 2024-2025
2024-25,serie_a_league,Piotr Zieliński,pl POL,MF,Inter,30.0,1994.0,26,8,980,10.9,2,2,2,2,0.0,0,0,2.6,1.1,0.9,26.0,65.0,24.0,15.0,4.0,636.0,711.0,89.5,14.0,28.0,14.0,10.0,6.0,13.0,1.0,803.0,14.0,18.0,6.0,510.0,77.0,27.0,40.0,7.0,58.0,9.0,0.0,9.0,3.0,,,,,Football Players Stats 2024-2025
2024-25,serie_a_league,Nadir Zortea,it ITA,"DF,MF",Cagliari,25.0,1999.0,35,33,2713,30.1,6,2,0,0,0.0,2,0,3.1,3.1,2.4,69.0,63.0,144.0,33.0,10.0,557.0,827.0,67.4,28.0,119.0,30.0,14.0,19.0,47.0,2.0,1115.0,31.0,87.0,38.0,661.0,42.0,38.0,57.0,3.0,96.0,33.0,1.0,17.0,30.0,,,,,Football Players Stats 2024-2025
2024-25,serie_a_league,Szymon Żurkowski,pl POL,MF,Empoli,26.0,1997.0,5,0,106,1.2,0,0,0,0,0.0,0,0,0.1,0.1,0.0,1.0,1.0,3.0,2.0,0.0,27.0,33.0,81.8,0.0,0.0,6.0,4.0,1.0,2.0,0.0,59.0,4.0,4.0,2.0,28.0,0.0,0.0,1.0,0.0,10.0,2.0,0.0,0.0,0.0,,,,,Football Players Stats 2024-2025
2024-25,serie_a_league,Milan Đurić,ba BIH,FW,Monza,34.0,1990.0,18,13,1270,14.1,4,1,0,0,0.0,3,0,2.9,2.9,1.1,2.0,21.0,30.0,23.0,10.0,131.0,266.0,49.2,5.0,0.0,1.0,1.0,2.0,17.0,0.0,358.0,31.0,6.0,4.0,150.0,16.0,2.0,7.0,1.0,13.0,17.0,0.0,132.0,50.0,,,,,Football Players Stats 2024-2025
2024-25,serie_a_league,Milan Đurić,ba BIH,FW,Parma,34.0,1990.0,9,3,268,3.0,1,0,0,0,0.0,1,0,0.3,0.3,0.0,0.0,7.0,6.0,5.0,1.0,35.0,84.0,41.7,0.0,0.0,0.0,0.0,0.0,2.0,0.0,104.0,17.0,2.0,2.0,40.0,3.0,1.0,5.0,1.0,8.0,2.0,2.0,35.0,15.0,,,,,Football Players Stats 2024-2025
2025-26,serie_a_league,Zakaria Aboukhlal,ma MAR,MF,Torino,25.0,2000.0,15,6,511,5.7,0,0,0,0,0.0,4,0,,,,,,,7.0,2.0,,,,,18.0,,12.0,1.0,,,,,,,,,,,,,12.0,11.0,,,,,,,Football Players Stats 2025-2026
2025-26,serie_a_league,Francesco Acerbi,it ITA,DF,Inter,37.0,1988.0,18,15,1378,15.3,0,1,0,0,0.0,3,0,,,,,,,3.0,1.0,,,,,3.0,,9.0,18.0,,,,,,,,,,,,,17.0,13.0,,,,,,,Football Players Stats 2025-2026
2025-26,serie_a_league,Che Adams,sct SCO,FW,Torino,29.0,1996.0,33,19,1893,21.0,6,2,0,0,0.0,0,0,,,,,,,53.0,18.0,,,,,14.0,,9.0,1.0,,,,,,,,,,,,,18.0,15.0,,,,,,,Football Players Stats 2025-2026
2025-26,serie_a_league,Jayden Addai,nl NED,MF,Como,19.0,2005.0,12,7,686,7.6,3,0,0,0,0.0,4,0,,,,,,,13.0,6.0,,,,,10.0,,2.0,2.0,,,,,,,,,,,,,13.0,14.0,,,,,,,Football Players Stats 2025-2026
2025-26,serie_a_league,Vasilije Adžić,me MNE,MF,Juventus,19.0,2006.0,10,1,171,1.9,1,0,0,0,0.0,0,0,,,,,,,6.0,4.0,,,,,4.0,,2.0,3.0,,,,,,,,,,,,,3.0,2.0,,,,,,,Football Players Stats 2025-2026
2025-26,serie_a_league,Michel Aebischer,ch SUI,MF,Pisa,28.0,1997.0,35,33,2892,32.1,1,2,0,0,0.0,8,0,,,,,,,19.0,5.0,,,,,43.0,,37.0,35.0,,,,,,,,,,,,,44.0,38.0,,,,,,,Football Players Stats 2025-2026
2025-26,serie_a_league,Honest Ahanor,it ITA,DF,Atalanta,17.0,2008.0,22,15,1377,15.3,0,0,0,0,0.0,2,1,,,,,,,13.0,4.0,,,,,2.0,,20.0,24.0,,,,,,,,,,,,,24.0,28.0,,,,,,,Football Players Stats 2025-2026
2025-26,serie_a_league,Junior Ajayi,ci CIV,FW,Hellas Verona,20.0,2004.0,1,0,1,0.0,0,0,0,0,0.0,0,0,,,,,,,0.0,0.0,,,,,0.0,,0.0,0.0,,,,,,,,,,,,,0.0,0.0,,,,,,,Football Players Stats 2025-2026
2025-26,serie_a_league,Manuel Akanji,ch SUI,DF,Inter,30.0,1995.0,33,31,2821,31.3,2,0,0,0,0.0,4,0,,,,,,,23.0,6.0,,,,,3.0,,24.0,37.0,,,,,,,,,,,,,26.0,18.0,,,,,,,Football Players Stats 2025-2026
2025-26,serie_a_league,Ebenezer Akinsanmiro,ng NGA,MF,Pisa,20.0,2004.0,24,16,1444,16.0,0,1,0,0,0.0,2,0,,,,,,,13.0,3.0,,,,,9.0,,25.0,27.0,,,,,,,,,,,,,30.0,28.0,,,,,,,Football Players Stats 2025-2026
2025-26,serie_a_league,Jean-Daniel Akpa-Akpro,ci CIV,MF,Hellas Verona,32.0,1992.0,22,17,1504,16.7,1,0,0,0,0.0,9,0,,,,,,,13.0,4.0,,,,,17.0,,32.0,22.0,,,,,,,,,,,,,39.0,15.0,,,,,,,Football Players Stats 2025-2026
2025-26,serie_a_league,Al-Musrati,ly LBY,MF,Hellas Verona,29.0,1996.0,18,8,844,9.4,0,1,0,0,0.0,6,1,,,,,,,9.0,1.0,,,,,2.0,,7.0,11.0,,,,,,,,,,,,,15.0,3.0,,,,,,,Football Players Stats 2025-2026
2025-26,serie_a_league,Agustín Albarracín,uy URU,FW,Cagliari,19.0,2005.0,2,0,33,0.4,0,0,0,0,0.0,0,0,,,,,,,0.0,0.0,,,,,2.0,,0.0,0.0,,,,,,,,,,,,,0.0,3.0,,,,,,,Football Players Stats 2025-2026
2025-26,serie_a_league,Raúl Albiol,es ESP,DF,Pisa,39.0,1985.0,8,5,500,5.6,0,1,0,0,0.0,1,0,,,,,,,1.0,0.0,,,,,1.0,,4.0,7.0,,,,,,,,,,,,,6.0,2.0,,,,,,,Football Players Stats 2025-2026
2025-26,serie_a_league,Pontus Almqvist,se SWE,MF,Parma,26.0,1999.0,13,4,457,5.1,0,1,0,0,0.0,0,0,,,,,,,5.0,2.0,,,,,7.0,,6.0,6.0,,,,,,,,,,,,,6.0,14.0,,,,,,,Football Players Stats 2025-2026
2025-26,serie_a_league,Giuseppe Ambrosino,it ITA,FW,Napoli,21.0,2003.0,3,0,38,0.4,0,0,0,0,0.0,0,0,,,,,,,0.0,0.0,,,,,0.0,,0.0,0.0,,,,,,,,,,,,,1.0,1.0,,,,,,,Football Players Stats 2025-2026
2025-26,serie_a_league,Amorim,br BRA,MF,Genoa,20.0,2005.0,11,6,552,6.1,0,0,0,0,0.0,1,0,,,,,,,2.0,0.0,,,,,16.0,,6.0,7.0,,,,,,,,,,,,,7.0,18.0,,,,,,,Football Players Stats 2025-2026
2025-26,serie_a_league,Nícolas Andrade,br BRA,GK,Pisa,37.0,1988.0,6,6,540,6.0,0,0,0,0,0.0,0,0,,,,,,,0.0,0.0,,,,,0.0,,0.0,0.0,,,,,,,,,,,,,0.0,3.0,,,0.0,14.0,12.0,0.0,Football Players Stats 2025-2026
2025-26,serie_a_league,Angeliño,es ESP,MF,Roma,28.0,1997.0,7,5,416,4.6,0,0,0,0,0.0,2,0,,,,,,,5.0,2.0,,,,,18.0,,7.0,3.0,,,,,,,,,,,,,5.0,2.0,,,,,,,Football Players Stats 2025-2026
2025-26,serie_a_league,Samuele Angori,it ITA,MF,Pisa,21.0,2003.0,35,30,2599,28.9,0,2,0,0,0.0,2,0,,,,,,,14.0,3.0,,,,,165.0,,25.0,23.0,,,,,,,,,,,,,17.0,54.0,,,,,,,Football Players Stats 2025-2026
2025-26,serie_a_league,Faustino Anjorin,eng ENG,MF,Torino,23.0,2001.0,15,1,289,3.2,0,0,0,0,0.0,1,0,,,,,,,4.0,1.0,,,,,1.0,,5.0,7.0,,,,,,,,,,,,,8.0,1.0,,,,,,,Football Players Stats 2025-2026
2025-26,serie_a_league,Antonio Arena,it ITA,FW,Roma,16.0,2009.0,2,0,23,0.3,0,0,0,0,0.0,0,0,,,,,,,2.0,0.0,,,,,0.0,,0.0,0.0,,,,,,,,,,,,,0.0,0.0,,,,,,,Football Players Stats 2025-2026
2025-26,serie_a_league,Juan Arizala,co COL,MF,Udinese,19.0,2005.0,10,1,191,2.1,0,0,0,0,0.0,0,0,,,,,,,1.0,1.0,,,,,6.0,,3.0,1.0,,,,,,,,,,,,,1.0,1.0,,,,,,,Football Players Stats 2025-2026
2025-26,serie_a_league,Kristjan Asllani,al ALB,MF,Torino,23.0,2002.0,15,13,1129,12.5,0,0,0,1,0.0,3,0,,,,,,,20.0,4.0,,,,,52.0,,14.0,12.0,,,,,,,,,,,,,7.0,14.0,,,,,,,Football Players Stats 2025-2026
2025-26,serie_a_league,Zachary Athekame,ch SUI,"MF,DF",Milan,20.0,2004.0,27,7,833,9.3,2,2,0,0,0.0,3,0,,,,,,,13.0,4.0,,,,,46.0,,8.0,4.0,,,,,,,,,,,,,16.0,12.0,,,,,,,Football Players Stats 2025-2026
2025-26,serie_a_league,Arthur Atta,fr FRA,MF,Udinese,22.0,2003.0,32,29,2557,28.4,5,3,0,0,0.0,3,0,,,,,,,57.0,20.0,,,,,56.0,,17.0,23.0,,,,,,,,,,,,,23.0,32.0,,,,,,,Football Players Stats 2025-2026
2025-26,serie_a_league,Emil Audero,id IDN,GK,Cremonese,28.0,1997.0,34,34,3060,34.0,0,0,0,0,0.0,0,0,,,,,,,0.0,0.0,,,,,0.0,,0.0,0.0,,,,,,,,,,,,,0.0,6.0,,,11.0,50.0,123.0,2.0,Football Players Stats 2025-2026
2025-26,serie_a_league,Carlos Augusto,br BRA,"MF,DF",Inter,26.0,1999.0,34,18,1763,19.6,1,1,0,0,0.0,6,0,,,,,,,20.0,6.0,,,,,46.0,,22.0,19.0,,,,,,,,,,,,,26.0,13.0,,,,,,,Football Players Stats 2025-2026
2025-26,serie_a_league,Yann Aurel Bisseck,de GER,DF,Inter,24.0,2000.0,23,21,1922,21.4,3,1,0,0,0.0,2,0,,,,,,,25.0,12.0,,,,,12.0,,18.0,23.0,,,,,,,,,,,,,21.0,16.0,,,,,,,Football Players Stats 2025-2026
2025-26,serie_a_league,Neil El Aynaoui,ma MAR,MF,Roma,24.0,2001.0,25,8,999,11.1,1,2,0,0,0.0,5,0,,,,,,,6.0,4.0,,,,,17.0,,10.0,18.0,,,,,,,,,,,,,23.0,10.0,,,,,,,Football Players Stats 2025-2026
2025-26,serie_a_league,Leon Bailey,jm JAM,FW,Roma,27.0,1997.0,7,1,186,2.1,0,0,0,0,0.0,0,0,,,,,,,3.0,1.0,,,,,14.0,,0.0,0.0,,,,,,,,,,,,,2.0,1.0,,,,,,,Football Players Stats 2025-2026
2025-26,serie_a_league,Mitchel Bakker,nl NED,"DF,MF",Atalanta,25.0,2000.0,1,0,9,0.1,0,0,0,0,0.0,0,0,,,,,,,0.0,0.0,,,,,0.0,,0.0,0.0,,,,,,,,,,,,,0.0,0.0,,,,,,,Football Players Stats 2025-2026
2025-26,serie_a_league,Darryl Bakola,fr FRA,MF,Sassuolo,17.0,2007.0,6,1,128,1.4,0,1,0,0,0.0,0,0,,,,,,,3.0,1.0,,,,,3.0,,1.0,1.0,,,,,,,,,,,,,2.0,3.0,,,,,,,Football Players Stats 2025-2026
2025-26,serie_a_league,Luís Balbo,ve VEN,DF,Fiorentina,19.0,2006.0,6,1,212,2.4,0,0,0,0,0.0,0,0,,,,,,,0.0,0.0,,,,,5.0,,5.0,1.0,,,,,,,,,,,,,2.0,6.0,,,,,,,Football Players Stats 2025-2026
2025-26,serie_a_league,Tommaso Baldanzi,it ITA,MF,Genoa,22.0,2003.0,8,5,399,4.4,0,2,0,0,0.0,0,0,,,,,,,9.0,3.0,,,,,7.0,,6.0,3.0,,,,,,,,,,,,,2.0,6.0,,,,,,,Football Players Stats 2025-2026
2025-26,serie_a_league,Tommaso Baldanzi,it ITA,"FW,MF",Roma,22.0,2003.0,10,3,386,4.3,1,0,0,0,0.0,2,0,,,,,,,11.0,4.0,,,,,9.0,,1.0,3.0,,,,,,,,,,,,,8.0,18.0,,,,,,,Football Players Stats 2025-2026
2025-26,serie_a_league,Lameck Banda,zm ZAM,"MF,FW",Lecce,24.0,2001.0,32,21,1752,19.5,5,4,0,0,0.0,6,1,,,,,,,38.0,15.0,,,,,90.0,,17.0,7.0,,,,,,,,,,,,,44.0,49.0,,,,,,,Football Players Stats 2025-2026
2025-26,serie_a_league,Tommaso Barbieri,it ITA,MF,Cremonese,22.0,2002.0,29,18,1707,19.0,0,1,0,0,0.0,8,0,,,,,,,16.0,2.0,,,,,78.0,,26.0,14.0,,,,,,,,,,,,,40.0,26.0,,,,,,,Football Players Stats 2025-2026
2025-26,serie_a_league,Nicolò Barella,it ITA,MF,Inter,28.0,1997.0,34,31,2517,28.0,3,8,0,0,0.0,7,0,,,,,,,35.0,5.0,,,,,102.0,,31.0,9.0,,,,,,,,,,,,,33.0,22.0,,,,,,,Football Players Stats 2025-2026
2025-26,serie_a_league,Davide Bartesaghi,it ITA,"MF,DF",Milan,19.0,2005.0,31,27,2441,27.1,2,0,0,0,1.0,3,0,,,,,,,22.0,7.0,,,,,139.0,,35.0,15.0,,,,,,,,,,,,,18.0,14.0,,,,,,,Football Players Stats 2025-2026
2025-26,serie_a_league,Federico Baschirotto,it ITA,DF,Cremonese,28.0,1996.0,29,29,2540,28.2,2,0,0,0,0.0,2,0,,,,,,,12.0,5.0,,,,,8.0,,13.0,24.0,,,,,,,,,,,,,45.0,9.0,,,,,,,Football Players Stats 2025-2026
2025-26,serie_a_league,Toma Bašić,hr CRO,MF,Lazio,28.0,1996.0,23,23,1735,19.3,2,3,0,0,0.0,0,1,,,,,,,30.0,12.0,,,,,48.0,,16.0,9.0,,,,,,,,,,,,,20.0,19.0,,,,,,,Football Players Stats 2025-2026
2025-26,serie_a_league,Alessandro Bastoni,it ITA,DF,Inter,26.0,1999.0,28,28,2239,24.9,1,4,0,0,0.0,6,0,,,,,,,17.0,8.0,,,,,85.0,,39.0,21.0,,,,,,,,,,,,,45.0,20.0,,,,,,,Football Players Stats 2025-2026
2025-26,serie_a_league,Martin Baturina,hr CRO,"MF,FW",Como,22.0,2003.0,29,17,1569,17.4,6,3,0,0,0.0,0,0,,,,,,,28.0,9.0,,,,,77.0,,14.0,5.0,,,,,,,,,,,,,15.0,44.0,,,,,,,Football Players Stats 2025-2026
2025-26,serie_a_league,Vakoun Bayo,ci CIV,FW,Udinese,28.0,1997.0,15,4,453,5.0,0,2,0,0,0.0,0,0,,,,,,,14.0,2.0,,,,,1.0,,1.0,0.0,,,,,,,,,,,,,15.0,6.0,,,,,,,Football Players Stats 2025-2026
2025-26,serie_a_league,Tjaš Begić,si SVN,MF,Parma,22.0,2003.0,1,0,1,0.0,0,0,0,0,0.0,0,0,,,,,,,0.0,0.0,,,,,0.0,,0.0,0.0,,,,,,,,,,,,,0.0,0.0,,,,,,,Football Players Stats 2025-2026
2025-26,serie_a_league,Reda Belahyane,ma MAR,MF,Lazio,21.0,2004.0,13,5,609,6.8,0,2,0,0,0.0,1,1,,,,,,,3.0,1.0,,,,,1.0,,8.0,3.0,,,,,,,,,,,,,11.0,3.0,,,,,,,Football Players Stats 2025-2026
2025-26,serie_a_league,Rafik Belghali,dz ALG,MF,Hellas Verona,23.0,2002.0,26,22,1920,21.3,2,0,0,0,0.0,6,0,,,,,,,21.0,6.0,,,,,60.0,,13.0,17.0,,,,,,,,,,,,,20.0,10.0,,,,,,,Football Players Stats 2025-2026
2025-26,serie_a_league,Armel Bella Kotchap,de GER,DF,Hellas Verona,23.0,2001.0,19,14,1347,15.0,0,0,0,0,0.0,3,0,,,,,,,3.0,0.0,,,,,1.0,,12.0,29.0,,,,,,,,,,,,,22.0,17.0,,,,,,,Football Players Stats 2025-2026
2025-26,serie_a_league,Raoul Bellanova,it ITA,MF,Atalanta,25.0,2000.0,24,15,1377,15.3,0,1,0,0,0.0,2,0,,,,,,,13.0,5.0,,,,,84.0,,9.0,10.0,,,,,,,,,,,,,5.0,12.0,,,,,,,Football Players Stats 2025-2026
2025-26,serie_a_league,Andrea Belotti,it ITA,FW,Cagliari,31.0,1993.0,8,3,221,2.5,2,0,1,1,0.0,0,0,,,,,,,6.0,4.0,,,,,1.0,,1.0,4.0,,,,,,,,,,,,,3.0,10.0,,,,,,,Football Players Stats 2025-2026
2025-26,serie_a_league,Adrian Benedyczak,pl POL,FW,Parma,24.0,2000.0,14,5,490,5.4,1,1,1,1,0.0,1,0,,,,,,,8.0,3.0,,,,,10.0,,6.0,1.0,,,,,,,,,,,,,9.0,6.0,,,,,,,Football Players Stats 2025-2026
2025-26,serie_a_league,Domenico Berardi,it ITA,FW,Sassuolo,30.0,1994.0,26,24,1958,21.8,8,4,2,3,0.0,2,1,,,,,,,40.0,21.0,,,,,58.0,,17.0,24.0,,,,,,,,,,,,,31.0,34.0,,,,,,,Football Players Stats 2025-2026
2025-26,serie_a_league,Medon Berisha,al ALB,MF,Lecce,21.0,2003.0,13,12,871,9.7,2,3,0,0,0.0,0,0,,,,,,,24.0,5.0,,,,,58.0,,12.0,5.0,,,,,,,,,,,,,11.0,10.0,,,,,,,Football Players Stats 2025-2026
2025-26,serie_a_league,Adrian Bernabe,es ESP,MF,Parma,24.0,2001.0,32,31,2470,27.4,3,1,0,0,0.0,0,0,,,,,,,50.0,12.0,,,,,81.0,,23.0,17.0,,,,,,,,,,,,,15.0,61.0,,,,,,,Football Players Stats 2025-2026
2025-26,serie_a_league,Federico Bernardeschi,it ITA,"MF,FW",Bologna,31.0,1994.0,29,12,1217,13.5,4,2,1,1,0.0,3,0,,,,,,,39.0,13.0,,,,,48.0,,6.0,6.0,,,,,,,,,,,,,13.0,11.0,,,,,,,Football Players Stats 2025-2026
2025-26,serie_a_league,Lorenzo Bernasconi,it ITA,MF,Atalanta,21.0,2003.0,23,17,1572,17.5,0,3,0,0,0.0,3,0,,,,,,,9.0,1.0,,,,,113.0,,16.0,14.0,,,,,,,,,,,,,8.0,5.0,,,,,,,Football Players Stats 2025-2026
2025-26,serie_a_league,Antoine Bernede,fr FRA,MF,Hellas Verona,26.0,1999.0,32,29,2301,25.6,1,2,0,0,0.0,2,0,,,,,,,21.0,4.0,,,,,25.0,,39.0,16.0,,,,,,,,,,,,,55.0,20.0,,,,,,,Football Players Stats 2025-2026
2025-26,serie_a_league,Nicolò Bertola,it ITA,"DF,MF",Udinese,22.0,2003.0,28,18,1763,19.6,0,1,0,0,0.0,3,0,,,,,,,13.0,4.0,,,,,8.0,,21.0,24.0,,,,,,,,,,,,,19.0,12.0,,,,,,,Football Players Stats 2025-2026
2025-26,serie_a_league,Brando Bettazzi,it ITA,MF,Pisa,17.0,2007.0,1,0,14,0.2,0,0,0,0,0.0,0,0,,,,,,,0.0,0.0,,,,,0.0,,1.0,0.0,,,,,,,,,,,,,1.0,1.0,,,,,,,Football Players Stats 2025-2026
2025-26,serie_a_league,Sam Beukema,nl NED,DF,Napoli,26.0,1998.0,24,18,1681,18.7,2,0,0,0,0.0,2,0,,,,,,,8.0,4.0,,,,,6.0,,17.0,14.0,,,,,,,,,,,,,19.0,5.0,,,,,,,Football Players Stats 2025-2026
2025-26,serie_a_league,Matteo Bianchetti,it ITA,DF,Cremonese,32.0,1993.0,27,25,2192,24.4,0,2,0,0,0.0,4,0,,,,,,,7.0,1.0,,,,,6.0,,30.0,19.0,,,,,,,,,,,,,28.0,15.0,,,,,,,Football Players Stats 2025-2026
2025-26,serie_a_league,Justin Bijlow,nl NED,GK,Genoa,27.0,1998.0,16,16,1395,15.5,0,0,0,0,0.0,1,0,,,,,,,0.0,0.0,,,,,0.0,,0.0,0.0,,,,,,,,,,,,,1.0,1.0,,,5.0,20.0,45.0,0.0,Football Players Stats 2025-2026
2025-26,serie_a_league,Cristiano Biraghi,it ITA,"MF,DF",Torino,32.0,1992.0,14,5,517,5.7,0,0,0,0,0.0,0,0,,,,,,,2.0,0.0,,,,,45.0,,7.0,3.0,,,,,,,,,,,,,9.0,6.0,,,,,,,Football Players Stats 2025-2026
2025-26,serie_a_league,Jeremie Boga,ci CIV,"MF,FW",Juventus,28.0,1997.0,15,6,679,7.5,4,0,0,0,0.0,1,0,,,,,,,24.0,12.0,,,,,30.0,,3.0,2.0,,,,,,,,,,,,,3.0,7.0,,,,,,,Football Players Stats 2025-2026
2025-26,serie_a_league,Daniel Boloca,ro ROU,MF,Sassuolo,26.0,1998.0,2,2,135,1.5,0,0,0,0,0.0,0,0,,,,,,,2.0,0.0,,,,,1.0,,2.0,2.0,,,,,,,,,,,,,0.0,1.0,,,,,,,Football Players Stats 2025-2026
2025-26,serie_a_league,Federico Bonazzoli,it ITA,FW,Cremonese,28.0,1997.0,35,31,2510,27.9,10,1,3,3,0.0,4,0,,,,,,,75.0,32.0,,,,,26.0,,16.0,12.0,,,,,,,,,,,,,26.0,80.0,,,,,,,Football Players Stats 2025-2026
2025-26,serie_a_league,Warren Bondo,fr FRA,MF,Cremonese,21.0,2003.0,27,22,1762,19.6,0,0,0,0,0.0,5,0,,,,,,,8.0,2.0,,,,,3.0,,16.0,9.0,,,,,,,,,,,,,39.0,33.0,,,,,,,Football Players Stats 2025-2026
2025-26,serie_a_league,Giovanni Bonfanti,it ITA,"DF,MF",Pisa,22.0,2003.0,9,6,494,5.5,0,0,0,0,0.0,1,0,,,,,,,6.0,1.0,,,,,12.0,,6.0,7.0,,,,,,,,,,,,,10.0,3.0,,,,,,,Football Players Stats 2025-2026
2025-26,serie_a_league,Ange-Yoan Bonny,fr FRA,FW,Inter,21.0,2003.0,33,10,1142,12.7,5,4,0,0,0.0,1,0,,,,,,,22.0,9.0,,,,,6.0,,9.0,1.0,,,,,,,,,,,,,17.0,24.0,,,,,,,Football Players Stats 2025-2026
2025-26,serie_a_league,Gennaro Borrelli,it ITA,FW,Cagliari,25.0,2000.0,27,13,1275,14.2,5,1,0,0,0.0,4,0,,,,,,,30.0,12.0,,,,,2.0,,6.0,3.0,,,,,,,,,,,,,43.0,49.0,,,,,,,Football Players Stats 2025-2026
2025-26,serie_a_league,Kieron Bowie,sct SCO,FW,Hellas Verona,22.0,2002.0,14,14,1200,13.3,4,0,0,0,0.0,1,0,,,,,,,33.0,11.0,,,,,6.0,,3.0,0.0,,,,,,,,,,,,,34.0,27.0,,,,,,,Football Players Stats 2025-2026
2025-26,serie_a_league,Rosen Bozhinov,bg BUL,DF,Pisa,20.0,2005.0,9,8,610,6.8,0,0,0,0,0.0,3,1,,,,,,,3.0,1.0,,,,,3.0,,5.0,12.0,,,,,,,,,,,,,12.0,1.0,,,,,,,Football Players Stats 2025-2026
2025-26,serie_a_league,Domagoj Bradarić,hr CRO,MF,Hellas Verona,25.0,1999.0,29,23,1966,21.8,0,1,0,0,0.0,2,0,,,,,,,13.0,6.0,,,,,108.0,,20.0,9.0,,,,,,,,,,,,,8.0,10.0,,,,,,,Football Players Stats 2025-2026
2025-26,serie_a_league,Riccardo Braschi,it ITA,FW,Fiorentina,18.0,2006.0,2,1,105,1.2,0,0,0,0,0.0,0,0,,,,,,,3.0,0.0,,,,,1.0,,0.0,0.0,,,,,,,,,,,,,0.0,0.0,,,,,,,Football Players Stats 2025-2026
2025-26,serie_a_league,Iker Bravo,es ESP,FW,Udinese,20.0,2005.0,8,3,206,2.3,1,0,0,0,0.0,1,0,,,,,,,4.0,1.0,,,,,4.0,,1.0,0.0,,,,,,,,,,,,,3.0,1.0,,,,,,,Football Players Stats 2025-2026
2025-26,serie_a_league,Gleison Bremer,br BRA,DF,Juventus,28.0,1997.0,26,25,2171,24.1,4,3,0,0,0.0,5,0,,,,,,,23.0,9.0,,,,,1.0,,14.0,30.0,,,,,,,,,,,,,21.0,10.0,,,,,,,Football Players Stats 2025-2026
2025-26,serie_a_league,Marco Brescianini,it ITA,MF,Fiorentina,25.0,2000.0,17,10,862,9.6,1,1,0,0,0.0,1,0,,,,,,,10.0,2.0,,,,,11.0,,2.0,1.0,,,,,,,,,,,,,13.0,9.0,,,,,,,Football Players Stats 2025-2026
2025-26,serie_a_league,Marco Brescianini,it ITA,MF,Atalanta,25.0,2000.0,9,0,182,2.0,1,0,0,0,0.0,1,0,,,,,,,3.0,2.0,,,,,6.0,,8.0,2.0,,,,,,,,,,,,,4.0,2.0,,,,,,,Football Players Stats 2025-2026
2025-26,serie_a_league,Sascha Britschgi,ch SUI,"MF,DF",Parma,18.0,2006.0,29,22,2095,23.3,0,2,0,0,0.0,7,1,,,,,,,13.0,3.0,,,,,48.0,,18.0,8.0,,,,,,,,,,,,,18.0,23.0,,,,,,,Football Players Stats 2025-2026
2025-26,serie_a_league,Louis Buffon,cz CZE,FW,Pisa,17.0,2007.0,4,0,32,0.4,0,0,0,0,0.0,0,0,,,,,,,0.0,0.0,,,,,0.0,,0.0,0.0,,,,,,,,,,,,,1.0,1.0,,,,,,,Football Players Stats 2025-2026
2025-26,serie_a_league,Adam Buksa,pl POL,FW,Udinese,29.0,1996.0,25,6,922,10.2,3,0,0,0,0.0,3,0,,,,,,,12.0,6.0,,,,,1.0,,8.0,3.0,,,,,,,,,,,,,24.0,15.0,,,,,,,Football Players Stats 2025-2026
2025-26,serie_a_league,Alessandro Buongiorno,it ITA,DF,Napoli,26.0,1999.0,33,28,2521,28.0,0,1,0,0,0.0,3,0,,,,,,,8.0,3.0,,,,,6.0,,22.0,40.0,,,,,,,,,,,,,50.0,26.0,,,,,,,Football Players Stats 2025-2026
2025-26,serie_a_league,Jean Butez,fr FRA,GK,Como,30.0,1995.0,38,38,3420,38.0,0,1,0,0,0.0,3,0,,,,,,,0.0,0.0,,,,,0.0,,2.0,0.0,,,,,,,,,,,,,0.0,9.0,,,19.0,29.0,86.0,1.0,Football Players Stats 2025-2026
2025-26,serie_a_league,Arturo Calabresi,it ITA,DF,Pisa,29.0,1996.0,26,17,1514,16.8,0,0,0,0,0.0,8,0,,,,,,,4.0,1.0,,,,,17.0,,13.0,19.0,,,,,,,,,,,,,33.0,25.0,,,,,,,Football Players Stats 2025-2026
2025-26,serie_a_league,Hakan Çalhanoğlu,tr TUR,MF,Inter,31.0,1994.0,22,20,1639,18.2,9,4,4,5,0.0,7,0,,,,,,,50.0,17.0,,,,,86.0,,17.0,19.0,,,,,,,,,,,,,28.0,11.0,,,,,,,Football Players Stats 2025-2026
2025-26,serie_a_league,Abdoulaye Camara,fr FRA,MF,Udinese,16.0,2008.0,1,0,12,0.1,0,0,0,0,0.0,0,0,,,,,,,0.0,0.0,,,,,2.0,,0.0,0.0,,,,,,,,,,,,,0.0,0.0,,,,,,,Football Players Stats 2025-2026
2025-26,serie_a_league,Francesco Camarda,it ITA,FW,Lecce,17.0,2008.0,21,7,687,7.6,1,0,0,1,0.0,1,0,,,,,,,16.0,3.0,,,,,1.0,,1.0,0.0,,,,,,,,,,,,,12.0,4.0,,,,,,,Football Players Stats 2025-2026
2025-26,serie_a_league,Nicolò Cambiaghi,it ITA,"MF,FW",Bologna,24.0,2000.0,28,17,1518,16.9,3,4,0,0,0.0,3,1,,,,,,,24.0,6.0,,,,,63.0,,20.0,9.0,,,,,,,,,,,,,32.0,71.0,,,,,,,Football Players Stats 2025-2026
2025-26,serie_a_league,Andrea Cambiaso,it ITA,"MF,DF",Juventus,25.0,2000.0,36,35,2769,30.8,3,4,0,0,2.0,3,1,,,,,,,26.0,13.0,,,,,123.0,,39.0,20.0,,,,,,,,,,,,,29.0,21.0,,,,,,,Football Players Stats 2025-2026
2025-26,serie_a_league,Matteo Cancellieri,it ITA,FW,Lazio,23.0,2002.0,30,21,1725,19.2,4,2,0,0,0.0,6,0,,,,,,,41.0,17.0,,,,,21.0,,28.0,24.0,,,,,,,,,,,,,39.0,67.0,,,,,,,Football Players Stats 2025-2026
2025-26,serie_a_league,Fali Candé,gw GNB,DF,Sassuolo,27.0,1998.0,12,5,509,5.7,0,0,0,0,0.0,2,0,,,,,,,3.0,0.0,,,,,4.0,,9.0,2.0,,,,,,,,,,,,,9.0,6.0,,,,,,,Football Players Stats 2025-2026
2025-26,serie_a_league,Simone Canestrelli,it ITA,DF,Pisa,24.0,2000.0,37,36,3201,35.6,1,0,0,0,0.0,4,0,,,,,,,16.0,3.0,,,,,12.0,,25.0,33.0,,,,,,,,,,,,,42.0,22.0,,,,,,,Football Players Stats 2025-2026
2025-26,serie_a_league,Elia Caprile,it ITA,GK,Cagliari,23.0,2001.0,38,38,3420,38.0,0,0,0,0,0.0,2,0,,,,,,,0.0,0.0,,,,,0.0,,0.0,0.0,,,,,,,,,,,,,0.0,8.0,,,8.0,53.0,121.0,0.0,Football Players Stats 2025-2026
2025-26,serie_a_league,Maxence Caqueret,fr FRA,MF,Como,25.0,2000.0,30,17,1485,16.5,2,6,0,0,0.0,3,0,,,,,,,18.0,4.0,,,,,36.0,,23.0,14.0,,,,,,,,,,,,,26.0,23.0,,,,,,,Football Players Stats 2025-2026
2025-26,serie_a_league,Antonio Caracciolo,it ITA,DF,Pisa,35.0,1990.0,35,34,3073,34.1,2,0,0,0,1.0,10,0,,,,,,,25.0,6.0,,,,,3.0,,44.0,57.0,,,,,,,,,,,,,41.0,11.0,,,,,,,Football Players Stats 2025-2026
2025-26,serie_a_league,Filippo Carbone,it ITA,MF,Genoa,18.0,2006.0,1,0,8,0.1,0,0,0,0,0.0,0,0,,,,,,,0.0,0.0,,,,,0.0,,3.0,0.0,,,,,,,,,,,,,0.0,1.0,,,,,,,Football Players Stats 2025-2026
2025-26,serie_a_league,Franco Carboni,it ITA,MF,Parma,22.0,2003.0,7,1,114,1.3,0,0,0,0,0.0,0,0,,,,,,,0.0,0.0,,,,,3.0,,1.0,2.0,,,,,,,,,,,,,3.0,0.0,,,,,,,Football Players Stats 2025-2026
2025-26,serie_a_league,Valentin Carboni,ar ARG,MF,Genoa,20.0,2005.0,12,3,359,4.0,0,0,0,0,0.0,2,0,,,,,,,6.0,2.0,,,,,7.0,,8.0,2.0,,,,,,,,,,,,,11.0,5.0,,,,,,,Football Players Stats 2025-2026
2025-26,serie_a_league,Alessandro Cardinali,it ITA,FW,Parma,19.0,2006.0,1,0,45,0.5,0,0,0,0,0.0,0,0,,,,,,,0.0,0.0,,,,,1.0,,0.0,0.0,,,,,,,,,,,,,0.0,0.0,,,,,,,Football Players Stats 2025-2026
2025-26,serie_a_league,Diego Carlos,br BRA,DF,Como,32.0,1993.0,27,21,1949,21.7,1,0,0,0,0.0,8,0,,,,,,,8.0,2.0,,,,,2.0,,18.0,22.0,,,,,,,,,,,,,39.0,7.0,,,,,,,Football Players Stats 2025-2026
2025-26,serie_a_league,Marco Carnesecchi,it ITA,GK,Atalanta,25.0,2000.0,37,37,3330,37.0,0,0,0,0,0.0,0,0,,,,,,,0.0,0.0,,,,,1.0,,0.0,0.0,,,,,,,,,,,,,1.0,6.0,,,13.0,35.0,112.0,2.0,Football Players Stats 2025-2026
2025-26,serie_a_league,Cesare Casadei,it ITA,MF,Torino,22.0,2003.0,33,19,1997,22.2,6,0,0,0,0.0,5,0,,,,,,,35.0,17.0,,,,,4.0,,16.0,9.0,,,,,,,,,,,,,52.0,16.0,,,,,,,Football Players Stats 2025-2026
2025-26,serie_a_league,Nicolò Casale,it ITA,DF,Bologna,27.0,1998.0,12,8,678,7.5,0,0,0,0,0.0,0,0,,,,,,,5.0,0.0,,,,,2.0,,2.0,7.0,,,,,,,,,,,,,15.0,5.0,,,,,,,Football Players Stats 2025-2026
2025-26,serie_a_league,Valentín Castellanos,ar ARG,FW,Lazio,26.0,1998.0,11,8,692,7.7,2,3,0,0,0.0,2,0,,,,,,,20.0,8.0,,,,,6.0,,3.0,3.0,,,,,,,,,,,,,9.0,18.0,,,,,,,Football Players Stats 2025-2026
2025-26,serie_a_league,Santiago Castro,ar ARG,FW,Bologna,20.0,2004.0,35,26,2359,26.2,7,2,0,0,0.0,3,0,,,,,,,63.0,20.0,,,,,4.0,,8.0,1.0,,,,,,,,,,,,,35.0,50.0,,,,,,,Football Players Stats 2025-2026
2025-26,serie_a_league,Danilo Cataldi,it ITA,MF,Lazio,30.0,1994.0,27,24,1985,22.1,3,3,2,2,0.0,6,0,,,,,,,26.0,7.0,,,,,48.0,,22.0,21.0,,,,,,,,,,,,,22.0,12.0,,,,,,,Football Players Stats 2025-2026
2025-26,serie_a_league,Nicolò Cavuoti,it ITA,MF,Cagliari,22.0,2003.0,4,0,44,0.5,0,0,0,0,0.0,0,0,,,,,,,0.0,0.0,,,,,0.0,,0.0,0.0,,,,,,,,,,,,,1.0,1.0,,,,,,,Football Players Stats 2025-2026
2025-26,serie_a_league,Federico Ceccherini,it ITA,DF,Cremonese,33.0,1992.0,9,6,476,5.3,0,1,0,0,0.0,1,1,,,,,,,5.0,2.0,,,,,3.0,,2.0,7.0,,,,,,,,,,,,,10.0,9.0,,,,,,,Football Players Stats 2025-2026
2025-26,serie_a_league,Zeki Çelik,tr TUR,"MF,DF",Roma,28.0,1997.0,34,32,2723,30.3,1,2,0,0,0.0,2,1,,,,,,,22.0,4.0,,,,,75.0,,40.0,24.0,,,,,,,,,,,,,35.0,18.0,,,,,,,Football Players Stats 2025-2026
2025-26,serie_a_league,Fallou Cham,gm GAM,MF,Hellas Verona,19.0,2006.0,6,3,228,2.5,0,0,0,0,0.0,0,0,,,,,,,5.0,2.0,,,,,10.0,,9.0,4.0,,,,,,,,,,,,,7.0,5.0,,,,,,,Football Players Stats 2025-2026
2025-26,serie_a_league,Walid Cheddira,ma MAR,FW,Sassuolo,27.0,1998.0,16,1,221,2.5,1,0,0,0,0.0,1,0,,,,,,,8.0,2.0,,,,,4.0,,0.0,0.0,,,,,,,,,,,,,7.0,9.0,,,,,,,Football Players Stats 2025-2026
2025-26,serie_a_league,Walid Cheddira,ma MAR,FW,Lecce,27.0,1998.0,17,11,1000,11.1,3,1,0,0,0.0,2,0,,,,,,,25.0,10.0,,,,,4.0,,3.0,1.0,,,,,,,,,,,,,20.0,25.0,,,,,,,Football Players Stats 2025-2026
2025-26,serie_a_league,Oliver Christensen,dk DEN,GK,Fiorentina,26.0,1999.0,1,1,86,1.0,0,0,0,0,0.0,0,0,,,,,,,0.0,0.0,,,,,0.0,,0.0,0.0,,,,,,,,,,,,,0.0,1.0,,,0.0,1.0,6.0,0.0,Football Players Stats 2025-2026
2025-26,serie_a_league,Samuel Chukwueze,ng NGA,"FW,MF",Milan,26.0,1999.0,1,0,26,0.3,0,0,0,0,0.0,0,0,,,,,,,0.0,0.0,,,,,3.0,,0.0,0.0,,,,,,,,,,,,,0.0,3.0,,,,,,,Football Players Stats 2025-2026
2025-26,serie_a_league,Alessandro Circati,au AUS,DF,Parma,21.0,2003.0,31,31,2664,29.6,1,0,0,0,0.0,6,0,,,,,,,8.0,1.0,,,,,5.0,,25.0,27.0,,,,,,,,,,,,,30.0,18.0,,,,,,,Football Players Stats 2025-2026
2025-26,serie_a_league,Matteo Cocchi,it ITA,DF,Inter,18.0,2007.0,1,0,17,0.2,0,0,0,0,0.0,0,0,,,,,,,0.0,0.0,,,,,0.0,,0.0,0.0,,,,,,,,,,,,,0.0,0.0,,,,,,,Football Players Stats 2025-2026
2025-26,serie_a_league,Saúl Coco,gq EQG,DF,Torino,26.0,1999.0,35,35,3088,34.3,1,1,0,0,0.0,3,0,,,,,,,15.0,4.0,,,,,5.0,,34.0,41.0,,,,,,,,,,,,,46.0,34.0,,,,,,,Football Players Stats 2025-2026
2025-26,serie_a_league,Michele Collocolo,it ITA,MF,Cremonese,25.0,1999.0,8,5,362,4.0,0,0,0,0,0.0,1,0,,,,,,,2.0,1.0,,,,,5.0,,3.0,1.0,,,,,,,,,,,,,2.0,2.0,,,,,,,Football Players Stats 2025-2026
2025-26,serie_a_league,Lorenzo Colombo,it ITA,FW,Genoa,23.0,2002.0,38,30,2326,25.8,7,1,1,2,0.0,2,0,,,,,,,66.0,27.0,,,,,16.0,,12.0,1.0,,,,,,,,,,,,,41.0,55.0,,,,,,,Football Players Stats 2025-2026
2025-26,serie_a_league,Pietro Comuzzo,it ITA,DF,Fiorentina,20.0,2005.0,27,18,1696,18.8,1,0,0,0,1.0,2,0,,,,,,,10.0,2.0,,,,,1.0,,16.0,24.0,,,,,,,,,,,,,24.0,4.0,,,,,,,Football Players Stats 2025-2026
2025-26,serie_a_league,Francisco Conceição,pt POR,"MF,FW",Juventus,22.0,2002.0,31,27,2078,23.1,3,5,0,0,0.0,3,0,,,,,,,73.0,23.0,,,,,92.0,,26.0,7.0,,,,,,,,,,,,,32.0,40.0,,,,,,,Football Players Stats 2025-2026
2025-26,serie_a_league,Nikita Contini Baranovsky,it ITA,GK,Napoli,29.0,1996.0,1,0,11,0.1,0,0,0,0,0.0,0,0,,,,,,,0.0,0.0,,,,,0.0,,0.0,0.0,,,,,,,,,,,,,0.0,0.0,,,1.0,0.0,0.0,0.0,Football Players Stats 2025-2026
2025-26,serie_a_league,Francesco Coppola,it ITA,DF,Pisa,20.0,2005.0,7,5,458,5.1,0,0,0,0,0.0,3,0,,,,,,,2.0,0.0,,,,,2.0,,5.0,5.0,,,,,,,,,,,,,7.0,8.0,,,,,,,Football Players Stats 2025-2026
2025-26,serie_a_league,Maxwel Cornet,ci CIV,MF,Genoa,28.0,1996.0,8,1,118,1.3,0,0,0,1,0.0,0,0,,,,,,,4.0,2.0,,,,,13.0,,4.0,0.0,,,,,,,,,,,,,6.0,1.0,,,,,,,Football Players Stats 2025-2026
2025-26,serie_a_league,Edoardo Corvi,it ITA,GK,Parma,24.0,2001.0,17,17,1530,17.0,0,0,0,0,0.0,1,0,,,,,,,0.0,0.0,,,,,0.0,,0.0,0.0,,,,,,,,,,,,,0.0,5.0,,,7.0,18.0,44.0,0.0,Football Players Stats 2025-2026
2025-26,serie_a_league,Lassana Coulibaly,ml MLI,MF,Lecce,29.0,1996.0,33,31,2689,29.9,3,1,0,0,0.0,4,0,,,,,,,28.0,8.0,,,,,18.0,,28.0,9.0,,,,,,,,,,,,,34.0,52.0,,,,,,,Football Players Stats 2025-2026
2025-26,serie_a_league,Woyo Coulibaly,ml MLI,DF,Sassuolo,26.0,1999.0,20,9,1054,11.7,0,0,0,0,0.0,2,0,,,,,,,6.0,1.0,,,,,10.0,,14.0,10.0,,,,,,,,,,,,,15.0,12.0,,,,,,,Football Players Stats 2025-2026
2025-26,serie_a_league,Ben Cremaschi,us USA,MF,Parma,20.0,2005.0,8,2,132,1.5,0,0,0,0,0.0,0,0,,,,,,,1.0,0.0,,,,,6.0,,1.0,0.0,,,,,,,,,,,,,2.0,0.0,,,,,,,Football Players Stats 2025-2026
2025-26,serie_a_league,Bryan Cristante,it ITA,MF,Roma,30.0,1995.0,37,36,3094,34.4,2,1,0,0,0.0,6,0,,,,,,,44.0,8.0,,,,,19.0,,43.0,28.0,,,,,,,,,,,,,63.0,9.0,,,,,,,Football Players Stats 2025-2026
2025-26,serie_a_league,Juan Cuadrado,co COL,MF,Pisa,37.0,1988.0,19,2,506,5.6,1,0,1,1,0.0,3,0,,,,,,,10.0,2.0,,,,,45.0,,10.0,5.0,,,,,,,,,,,,,9.0,16.0,,,,,,,Football Players Stats 2025-2026
2025-26,serie_a_league,Patrick Cutrone,it ITA,FW,Parma,27.0,1998.0,15,11,888,9.9,1,0,0,0,0.0,0,0,,,,,,,25.0,7.0,,,,,12.0,,1.0,3.0,,,,,,,,,,,,,7.0,16.0,,,,,,,Football Players Stats 2025-2026
2025-26,serie_a_league,Lucas Da Cunha,fr FRA,MF,Como,24.0,2001.0,36,31,2739,30.4,6,4,4,4,0.0,4,0,,,,,,,42.0,16.0,,,,,99.0,,33.0,18.0,,,,,,,,,,,,,34.0,19.0,,,,,,,Football Players Stats 2025-2026
2025-26,serie_a_league,Thijs Dallinga,nl NED,FW,Bologna,24.0,2000.0,23,9,811,9.0,2,2,0,0,0.0,2,0,,,,,,,24.0,5.0,,,,,5.0,,4.0,1.0,,,,,,,,,,,,,20.0,9.0,,,,,,,Football Players Stats 2025-2026
2025-26,serie_a_league,Matteo Darmian,it ITA,"MF,DF",Inter,35.0,1989.0,6,2,248,2.8,0,0,0,0,0.0,0,0,,,,,,,0.0,0.0,,,,,5.0,,3.0,1.0,,,,,,,,,,,,,4.0,2.0,,,,,,,Football Players Stats 2025-2026
2025-26,serie_a_league,Juan David Cabal,co COL,MF,Juventus,24.0,2001.0,12,2,296,3.3,2,0,0,0,0.0,1,0,,,,,,,5.0,2.0,,,,,4.0,,5.0,4.0,,,,,,,,,,,,,4.0,1.0,,,,,,,Football Players Stats 2025-2026
2025-26,serie_a_league,Jonathan David,ca CAN,FW,Juventus,25.0,2000.0,35,20,1781,19.8,6,4,0,1,0.0,0,0,,,,,,,41.0,16.0,,,,,8.0,,10.0,6.0,,,,,,,,,,,,,30.0,26.0,,,,,,,Football Players Stats 2025-2026
2025-26,serie_a_league,Keinan Davis,eng ENG,FW,Udinese,27.0,1998.0,30,27,2065,22.9,10,4,4,4,0.0,5,0,,,,,,,50.0,25.0,,,,,5.0,,5.0,1.0,,,,,,,,,,,,,41.0,47.0,,,,,,,Football Players Stats 2025-2026
2025-26,serie_a_league,Kevin De Bruyne,be BEL,MF,Napoli,34.0,1991.0,18,13,1165,12.9,5,2,3,3,0.0,1,0,,,,,,,27.0,11.0,,,,,58.0,,8.0,5.0,,,,,,,,,,,,,8.0,6.0,,,,,,,Football Players Stats 2025-2026
2025-26,serie_a_league,Charles De Ketelaere,be BEL,"MF,FW",Atalanta,24.0,2001.0,31,26,2177,24.2,3,5,0,0,0.0,4,0,,,,,,,46.0,16.0,,,,,46.0,,15.0,5.0,,,,,,,,,,,,,23.0,36.0,,,,,,,Football Players Stats 2025-2026
2025-26,serie_a_league,Manuel De Luca,it ITA,FW,Cremonese,27.0,1998.0,2,0,16,0.2,1,0,1,1,0.0,0,0,,,,,,,2.0,2.0,,,,,0.0,,0.0,0.0,,,,,,,,,,,,,1.0,1.0,,,,,,,Football Players Stats 2025-2026
2025-26,serie_a_league,Lorenzo De Silvestri,it ITA,DF,Bologna,37.0,1988.0,12,6,491,5.5,0,0,0,0,0.0,2,0,,,,,,,0.0,0.0,,,,,7.0,,1.0,7.0,,,,,,,,,,,,,9.0,3.0,,,,,,,Football Players Stats 2025-2026
2025-26,serie_a_league,Koni De Winter,be BEL,DF,Milan,23.0,2002.0,26,19,1800,20.0,1,1,0,0,0.0,1,0,,,,,,,7.0,1.0,,,,,5.0,,19.0,13.0,,,,,,,,,,,,,27.0,8.0,,,,,,,Football Players Stats 2025-2026
2025-26,serie_a_league,Alessandro Deiola,it ITA,"MF,DF",Cagliari,29.0,1995.0,20,17,1430,15.9,0,2,0,0,0.0,3,0,,,,,,,22.0,7.0,,,,,2.0,,20.0,13.0,,,,,,,,,,,,,22.0,11.0,,,,,,,Football Players Stats 2025-2026
2025-26,serie_a_league,Fisayo Dele-Bashiru,ng NGA,MF,Lazio,24.0,2001.0,24,11,1187,13.2,1,0,0,0,0.0,0,0,,,,,,,9.0,2.0,,,,,10.0,,15.0,4.0,,,,,,,,,,,,,8.0,3.0,,,,,,,Football Players Stats 2025-2026
2025-26,serie_a_league,Enrico Delprato,it ITA,"DF,MF",Parma,25.0,1999.0,35,34,2951,32.8,2,0,0,0,0.0,5,0,,,,,,,18.0,9.0,,,,,19.0,,21.0,24.0,,,,,,,,,,,,,16.0,10.0,,,,,,,Football Players Stats 2025-2026
2025-26,serie_a_league,Ali Dembélé,fr FRA,DF,Torino,21.0,2004.0,2,0,21,0.2,0,0,0,0,0.0,0,0,,,,,,,1.0,0.0,,,,,0.0,,0.0,0.0,,,,,,,,,,,,,0.0,0.0,,,,,,,Football Players Stats 2025-2026
2025-26,serie_a_league,Daniel Denoon,ch SUI,DF,Pisa,21.0,2004.0,2,2,122,1.4,0,0,0,0,0.0,1,0,,,,,,,0.0,0.0,,,,,0.0,,2.0,1.0,,,,,,,,,,,,,4.0,3.0,,,,,,,Football Players Stats 2025-2026
2025-26,serie_a_league,Raffaele Di Gennaro,it ITA,GK,Inter,31.0,1993.0,1,0,10,0.1,0,0,0,0,0.0,0,0,,,,,,,0.0,0.0,,,,,0.0,,0.0,0.0,,,,,,,,,,,,,0.0,0.0,,,0.0,1.0,1.0,0.0,Football Players Stats 2025-2026
2025-26,serie_a_league,Michele Di Gregorio,it ITA,GK,Juventus,28.0,1997.0,30,29,2655,29.5,0,0,0,0,0.0,1,0,,,,,,,0.0,0.0,,,,,0.0,,0.0,0.0,,,,,,,,,,,,,0.0,5.0,,,14.0,25.0,60.0,0.0,Football Players Stats 2025-2026
2025-26,serie_a_league,Giovanni Di Lorenzo,it ITA,"DF,MF",Napoli,31.0,1993.0,26,26,2276,25.3,2,1,0,0,0.0,1,0,,,,,,,25.0,9.0,,,,,38.0,,26.0,9.0,,,,,,,,,,,,,33.0,23.0,,,,,,,Football Players Stats 2025-2026
2025-26,serie_a_league,Alessandro Di Pardo,it ITA,"DF,MF",Cagliari,26.0,1999.0,3,0,54,0.6,0,0,0,0,0.0,0,0,,,,,,,1.0,0.0,,,,,0.0,,1.0,0.0,,,,,,,,,,,,,0.0,1.0,,,,,,,Football Players Stats 2025-2026
2025-26,serie_a_league,Boulaye Dia,sn SEN,"FW,MF",Lazio,28.0,1996.0,27,14,1253,13.9,1,2,0,0,0.0,1,0,,,,,,,12.0,7.0,,,,,0.0,,7.0,3.0,,,,,,,,,,,,,19.0,14.0,,,,,,,Football Players Stats 2025-2026
2025-26,serie_a_league,Assane Diao,sn SEN,MF,Como,19.0,2005.0,17,13,1075,11.9,2,1,0,0,0.0,2,0,,,,,,,31.0,10.0,,,,,27.0,,5.0,4.0,,,,,,,,,,,,,15.0,39.0,,,,,,,Football Players Stats 2025-2026
2025-26,serie_a_league,Federico Dimarco,it ITA,MF,Inter,27.0,1997.0,35,30,2698,30.0,7,16,0,0,0.0,3,0,,,,,,,65.0,22.0,,,,,295.0,,31.0,30.0,,,,,,,,,,,,,41.0,23.0,,,,,,,Football Players Stats 2025-2026
2025-26,serie_a_league,Andy Diouf,fr FRA,MF,Inter,22.0,2003.0,19,4,493,5.5,1,0,0,0,0.0,1,0,,,,,,,10.0,3.0,,,,,6.0,,6.0,1.0,,,,,,,,,,,,,5.0,3.0,,,,,,,Football Players Stats 2025-2026
2025-26,serie_a_league,Berat Djimsiti,al ALB,DF,Atalanta,32.0,1993.0,34,29,2525,28.1,0,0,0,0,0.0,4,0,,,,,,,16.0,2.0,,,,,2.0,,30.0,42.0,,,,,,,,,,,,,17.0,8.0,,,,,,,Football Players Stats 2025-2026
2025-26,serie_a_league,Dodô,br BRA,"DF,MF",Fiorentina,26.0,1998.0,36,36,3134,34.8,1,2,0,0,0.0,7,0,,,,,,,25.0,4.0,,,,,153.0,,18.0,31.0,,,,,,,,,,,,,22.0,53.0,,,,,,,Football Players Stats 2025-2026
2025-26,serie_a_league,Josh Doig,sct SCO,DF,Sassuolo,23.0,2002.0,30,22,1917,21.3,0,0,0,0,0.0,5,0,,,,,,,11.0,4.0,,,,,39.0,,20.0,22.0,,,,,,,,,,,,,16.0,19.0,,,,,,,Football Players Stats 2025-2026
2025-26,serie_a_league,Benjamín Domínguez,ar ARG,MF,Bologna,21.0,2003.0,15,6,547,6.1,0,3,0,0,0.0,1,0,,,,,,,12.0,2.0,,,,,7.0,,2.0,2.0,,,,,,,,,,,,,6.0,18.0,,,,,,,Football Players Stats 2025-2026
2025-26,serie_a_league,Alberto Dossena,it ITA,DF,Cagliari,26.0,1998.0,12,9,859,9.5,0,1,0,0,0.0,5,0,,,,,,,7.0,2.0,,,,,0.0,,13.0,9.0,,,,,,,,,,,,,11.0,8.0,,,,,,,Football Players Stats 2025-2026
2025-26,serie_a_league,Mamedi Doucouré,fr FRA,DF,Genoa,18.0,2007.0,1,0,9,0.1,0,0,0,0,0.0,0,0,,,,,,,0.0,0.0,,,,,0.0,,0.0,0.0,,,,,,,,,,,,,0.0,0.0,,,,,,,Football Players Stats 2025-2026
2025-26,serie_a_league,Anastasios Douvikas,gr GRE,FW,Como,25.0,1999.0,38,25,2273,25.3,14,1,1,1,0.0,0,0,,,,,,,65.0,30.0,,,,,4.0,,10.0,4.0,,,,,,,,,,,,,36.0,42.0,,,,,,,Football Players Stats 2025-2026
2025-26,serie_a_league,Artem Dovbyk,ua UKR,FW,Roma,28.0,1997.0,14,3,393,4.4,3,1,0,0,0.0,0,0,,,,,,,12.0,6.0,,,,,1.0,,3.0,0.0,,,,,,,,,,,,,11.0,6.0,,,,,,,Football Players Stats 2025-2026
2025-26,serie_a_league,Denzel Dumfries,nl NED,MF,Inter,29.0,1996.0,20,15,1325,14.7,3,1,0,0,0.0,2,0,,,,,,,23.0,5.0,,,,,34.0,,9.0,7.0,,,,,,,,,,,,,20.0,13.0,,,,,,,Football Players Stats 2025-2026
2025-26,serie_a_league,Rafiu Durosinmi,ng NGA,FW,Pisa,22.0,2003.0,12,4,432,4.8,1,1,0,0,0.0,1,1,,,,,,,9.0,5.0,,,,,0.0,,0.0,1.0,,,,,,,,,,,,,15.0,2.0,,,,,,,Football Players Stats 2025-2026
2025-26,serie_a_league,Paulo Dybala,ar ARG,"MF,FW",Roma,31.0,1993.0,22,15,1354,15.0,2,6,0,1,0.0,0,0,,,,,,,43.0,18.0,,,,,98.0,,6.0,5.0,,,,,,,,,,,,,11.0,40.0,,,,,,,Football Players Stats 2025-2026
2025-26,serie_a_league,Edin Džeko,ba BIH,FW,Fiorentina,39.0,1986.0,11,2,244,2.7,0,0,0,0,0.0,1,0,,,,,,,4.0,1.0,,,,,1.0,,1.0,1.0,,,,,,,,,,,,,2.0,5.0,,,,,,,Football Players Stats 2025-2026
2025-26,serie_a_league,Enzo Ebosse,cm CMR,DF,Hellas Verona,26.0,1999.0,4,3,214,2.4,0,0,0,0,0.0,1,0,,,,,,,1.0,0.0,,,,,0.0,,1.0,0.0,,,,,,,,,,,,,5.0,1.0,,,,,,,Football Players Stats 2025-2026
2025-26,serie_a_league,Enzo Ebosse,cm CMR,DF,Torino,26.0,1999.0,13,13,1115,12.4,0,1,0,0,0.0,3,0,,,,,,,0.0,0.0,,,,,7.0,,6.0,10.0,,,,,,,,,,,,,16.0,9.0,,,,,,,Football Players Stats 2025-2026
2025-26,serie_a_league,Éderson,br BRA,MF,Atalanta,26.0,1999.0,30,26,2230,24.8,2,1,1,1,0.0,3,0,,,,,,,35.0,11.0,,,,,12.0,,35.0,28.0,,,,,,,,,,,,,34.0,40.0,,,,,,,Football Players Stats 2025-2026
2025-26,serie_a_league,Andrias Edmundsson,fo FRO,DF,Hellas Verona,24.0,2000.0,15,15,1319,14.7,0,0,0,0,1.0,3,0,,,,,,,4.0,1.0,,,,,4.0,,20.0,28.0,,,,,,,,,,,,,13.0,7.0,,,,,,,Football Players Stats 2025-2026
2025-26,serie_a_league,Kingsley Ehizibue,nl NED,"MF,DF",Udinese,30.0,1995.0,32,20,1811,20.1,2,0,0,0,0.0,5,0,,,,,,,9.0,2.0,,,,,32.0,,31.0,13.0,,,,,,,,,,,,,34.0,24.0,,,,,,,Football Players Stats 2025-2026
2025-26,serie_a_league,Jeff Ekhator,it ITA,"FW,MF",Genoa,18.0,2006.0,30,9,956,10.6,3,0,0,0,0.0,3,0,,,,,,,20.0,5.0,,,,,9.0,,8.0,2.0,,,,,,,,,,,,,20.0,19.0,,,,,,,Football Players Stats 2025-2026
2025-26,serie_a_league,Jurgen Ekkelenkamp,nl NED,MF,Udinese,25.0,2000.0,31,27,2186,24.3,5,3,0,0,0.0,1,0,,,,,,,33.0,15.0,,,,,32.0,,27.0,18.0,,,,,,,,,,,,,22.0,19.0,,,,,,,Football Players Stats 2025-2026
2025-26,serie_a_league,Caleb Ekuban,gh GHA,"FW,MF",Genoa,31.0,1994.0,31,6,994,11.0,4,1,0,0,0.0,0,0,,,,,,,29.0,10.0,,,,,5.0,,1.0,5.0,,,,,,,,,,,,,16.0,29.0,,,,,,,Football Players Stats 2025-2026
2025-26,serie_a_league,Mikael Ellertsson,is ISL,MF,Genoa,23.0,2002.0,36,31,2767,30.7,1,1,0,0,0.0,1,1,,,,,,,26.0,6.0,,,,,32.0,,26.0,14.0,,,,,,,,,,,,,28.0,42.0,,,,,,,Football Players Stats 2025-2026
2025-26,serie_a_league,Elif Elmas,mk MKD,"MF,FW",Napoli,25.0,1999.0,33,20,1783,19.8,1,3,0,0,0.0,3,0,,,,,,,27.0,9.0,,,,,41.0,,13.0,7.0,,,,,,,,,,,,,18.0,13.0,,,,,,,Football Players Stats 2025-2026
2025-26,serie_a_league,Nesta Elphege,fr FRA,FW,Parma,24.0,2001.0,9,2,309,3.4,2,1,0,0,0.0,0,0,,,,,,,6.0,3.0,,,,,0.0,,0.0,0.0,,,,,,,,,,,,,3.0,0.0,,,,,,,Football Players Stats 2025-2026
2025-26,serie_a_league,Francesco Esposito,it ITA,FW,Inter,20.0,2005.0,35,15,1571,17.5,7,3,0,0,0.0,1,0,,,,,,,57.0,23.0,,,,,4.0,,5.0,5.0,,,,,,,,,,,,,29.0,50.0,,,,,,,Football Players Stats 2025-2026
2025-26,serie_a_league,Sebastiano Esposito,it ITA,"FW,MF",Cagliari,23.0,2002.0,36,34,2675,29.7,7,5,1,1,0.0,6,0,,,,,,,57.0,16.0,,,,,139.0,,35.0,21.0,,,,,,,,,,,,,46.0,56.0,,,,,,,Football Players Stats 2025-2026
2025-26,serie_a_league,Tomás Esteves,pt POR,"DF,MF",Pisa,23.0,2002.0,1,0,14,0.2,0,0,0,0,0.0,0,0,,,,,,,0.0,0.0,,,,,0.0,,0.0,0.0,,,,,,,,,,,,,0.0,0.0,,,,,,,Football Players Stats 2025-2026
2025-26,serie_a_league,Nahuel Estévez,ar ARG,MF,Parma,29.0,1995.0,32,9,1049,11.7,0,1,0,0,0.0,2,0,,,,,,,9.0,1.0,,,,,43.0,,10.0,5.0,,,,,,,,,,,,,11.0,13.0,,,,,,,Football Players Stats 2025-2026
2025-26,serie_a_league,Pervis Estupiñán,ec ECU,MF,Milan,27.0,1998.0,19,13,1034,11.5,1,1,0,0,0.0,5,1,,,,,,,9.0,1.0,,,,,20.0,,9.0,11.0,,,,,,,,,,,,,17.0,8.0,,,,,,,Football Players Stats 2025-2026
2025-26,serie_a_league,Giovanni Fabbian,it ITA,MF,Bologna,22.0,2003.0,14,8,705,7.8,2,0,0,0,0.0,0,0,,,,,,,14.0,4.0,,,,,2.0,,4.0,5.0,,,,,,,,,,,,,13.0,18.0,,,,,,,Football Players Stats 2025-2026
2025-26,serie_a_league,Giovanni Fabbian,it ITA,MF,Fiorentina,22.0,2003.0,15,4,468,5.2,0,0,0,0,0.0,2,0,,,,,,,7.0,2.0,,,,,4.0,,2.0,1.0,,,,,,,,,,,,,6.0,9.0,,,,,,,Football Players Stats 2025-2026
2025-26,serie_a_league,Alieu Fadera,gm GAM,FW,Sassuolo,23.0,2001.0,28,8,987,11.0,2,1,0,0,0.0,5,0,,,,,,,13.0,4.0,,,,,24.0,,23.0,5.0,,,,,,,,,,,,,36.0,36.0,,,,,,,Football Players Stats 2025-2026
2025-26,serie_a_league,Nicolò Fagioli,it ITA,MF,Fiorentina,24.0,2001.0,33,30,2554,28.4,2,3,0,0,0.0,5,0,,,,,,,33.0,7.0,,,,,84.0,,31.0,18.0,,,,,,,,,,,,,23.0,45.0,,,,,,,Football Players Stats 2025-2026
2025-26,serie_a_league,Wladimiro Falcone,it ITA,GK,Lecce,30.0,1995.0,38,38,3420,38.0,0,0,0,0,0.0,2,0,,,,,,,0.0,0.0,,,,,0.0,,2.0,0.0,,,,,,,,,,,,,0.0,8.0,,,10.0,50.0,108.0,2.0,Football Players Stats 2025-2026
2025-26,serie_a_league,Jacopo Fazzini,it ITA,"MF,FW",Fiorentina,22.0,2003.0,20,5,584,6.5,0,0,0,0,0.0,2,0,,,,,,,9.0,1.0,,,,,16.0,,10.0,5.0,,,,,,,,,,,,,12.0,15.0,,,,,,,Football Players Stats 2025-2026
2025-26,serie_a_league,Mattia Felici,it ITA,MF,Cagliari,24.0,2001.0,12,4,412,4.6,2,1,0,0,0.0,3,0,,,,,,,9.0,6.0,,,,,23.0,,6.0,5.0,,,,,,,,,,,,,10.0,6.0,,,,,,,Football Players Stats 2025-2026
2025-26,serie_a_league,Pedro Felipe,br BRA,DF,Sassuolo,21.0,2004.0,3,1,129,1.4,0,1,0,0,0.0,0,0,,,,,,,0.0,0.0,,,,,0.0,,1.0,2.0,,,,,,,,,,,,,2.0,1.0,,,,,,,Football Players Stats 2025-2026
2025-26,serie_a_league,Evan Ferguson,ie IRL,FW,Roma,20.0,2004.0,16,10,773,8.6,3,2,0,0,0.0,1,0,,,,,,,27.0,15.0,,,,,2.0,,4.0,1.0,,,,,,,,,,,,,11.0,9.0,,,,,,,Football Players Stats 2025-2026
2025-26,serie_a_league,Lewis Ferguson,sct SCO,MF,Bologna,25.0,1999.0,27,17,1601,17.8,1,0,0,0,0.0,7,1,,,,,,,13.0,2.0,,,,,25.0,,16.0,12.0,,,,,,,,,,,,,34.0,26.0,,,,,,,Football Players Stats 2025-2026
2025-26,serie_a_league,Seydou Fini,it ITA,FW,Genoa,19.0,2006.0,1,0,32,0.4,0,0,0,0,0.0,0,0,,,,,,,0.0,0.0,,,,,1.0,,0.0,0.0,,,,,,,,,,,,,1.0,0.0,,,,,,,Football Players Stats 2025-2026
2025-26,serie_a_league,Romano Floriani,it ITA,MF,Cremonese,22.0,2003.0,28,12,1168,13.0,0,1,0,0,0.0,2,0,,,,,,,5.0,1.0,,,,,29.0,,14.0,6.0,,,,,,,,,,,,,21.0,5.0,,,,,,,Football Players Stats 2025-2026
2025-26,serie_a_league,Sadik Fofana,tg TOG,MF,Lecce,22.0,2003.0,5,1,84,0.9,0,0,0,0,0.0,0,0,,,,,,,2.0,0.0,,,,,0.0,,2.0,0.0,,,,,,,,,,,,,3.0,1.0,,,,,,,Football Players Stats 2025-2026
2025-26,serie_a_league,Youssouf Fofana,fr FRA,MF,Milan,26.0,1999.0,33,28,2203,24.5,2,3,0,0,0.0,4,0,,,,,,,45.0,18.0,,,,,10.0,,19.0,19.0,,,,,,,,,,,,,21.0,16.0,,,,,,,Football Players Stats 2025-2026
2025-26,serie_a_league,Francesco Folino,it ITA,DF,Cremonese,23.0,2002.0,18,7,722,8.0,1,0,0,0,0.0,1,0,,,,,,,2.0,1.0,,,,,1.0,,4.0,2.0,,,,,,,,,,,,,11.0,9.0,,,,,,,Football Players Stats 2025-2026
2025-26,serie_a_league,Michael Folorunsho,it ITA,"MF,FW",Cagliari,27.0,1998.0,27,24,1999,22.2,2,0,0,0,0.0,3,0,,,,,,,36.0,9.0,,,,,22.0,,10.0,10.0,,,,,,,,,,,,,35.0,49.0,,,,,,,Football Players Stats 2025-2026
2025-26,serie_a_league,Niccolò Fortini,it ITA,MF,Fiorentina,19.0,2006.0,16,2,541,6.0,0,0,0,0,0.0,0,0,,,,,,,8.0,2.0,,,,,29.0,,9.0,4.0,,,,,,,,,,,,,5.0,18.0,,,,,,,Football Players Stats 2025-2026
2025-26,serie_a_league,Christian Frangella,it ITA,MF,Sassuolo,18.0,2006.0,1,0,3,0.0,0,0,0,0,0.0,0,0,,,,,,,0.0,0.0,,,,,1.0,,0.0,1.0,,,,,,,,,,,,,0.0,0.0,,,,,,,Football Players Stats 2025-2026
2025-26,serie_a_league,Davide Frattesi,it ITA,MF,Inter,25.0,1999.0,22,3,569,6.3,0,0,0,0,0.0,0,0,,,,,,,16.0,4.0,,,,,2.0,,7.0,3.0,,,,,,,,,,,,,9.0,11.0,,,,,,,Football Players Stats 2025-2026
2025-26,serie_a_league,Morten Frendrup,dk DEN,MF,Genoa,24.0,2001.0,36,35,3081,34.2,1,0,0,0,0.0,5,0,,,,,,,8.0,3.0,,,,,5.0,,71.0,41.0,,,,,,,,,,,,,41.0,39.0,,,,,,,Football Players Stats 2025-2026
2025-26,serie_a_league,Martin Frese,dk DEN,"MF,DF",Hellas Verona,27.0,1998.0,31,27,2408,26.8,2,0,0,0,1.0,8,0,,,,,,,21.0,11.0,,,,,74.0,,54.0,30.0,,,,,,,,,,,,,46.0,20.0,,,,,,,Football Players Stats 2025-2026
2025-26,serie_a_league,Remo Freuler,ch SUI,MF,Bologna,33.0,1992.0,29,26,2213,24.6,1,2,0,0,1.0,5,0,,,,,,,8.0,1.0,,,,,18.0,,31.0,22.0,,,,,,,,,,,,,19.0,24.0,,,,,,,Football Players Stats 2025-2026
2025-26,serie_a_league,Niclas Füllkrug,de GER,FW,Milan,32.0,1993.0,20,3,659,7.3,1,0,0,1,0.0,0,0,,,,,,,16.0,5.0,,,,,1.0,,2.0,3.0,,,,,,,,,,,,,8.0,8.0,,,,,,,Football Players Stats 2025-2026
2025-26,serie_a_league,Alessio Furlanetto,it ITA,GK,Lazio,23.0,2002.0,2,2,180,2.0,0,0,0,0,0.0,0,0,,,,,,,0.0,0.0,,,,,0.0,,0.0,0.0,,,,,,,,,,,,,0.0,0.0,,,0.0,3.0,7.0,0.0,Football Players Stats 2025-2026
2025-26,serie_a_league,Matteo Gabbia,it ITA,DF,Milan,25.0,1999.0,30,28,2530,28.1,0,0,0,0,0.0,4,0,,,,,,,19.0,3.0,,,,,1.0,,14.0,13.0,,,,,,,,,,,,,25.0,6.0,,,,,,,Football Players Stats 2025-2026
2025-26,serie_a_league,Tiago Gabriel,pt POR,DF,Lecce,20.0,2004.0,37,36,3219,35.8,2,0,0,0,1.0,7,0,,,,,,,20.0,4.0,,,,,2.0,,40.0,46.0,,,,,,,,,,,,,29.0,40.0,,,,,,,Football Players Stats 2025-2026
2025-26,serie_a_league,Gianluca Gaetano,it ITA,"MF,FW",Cagliari,25.0,2000.0,33,21,1912,21.2,2,4,0,0,0.0,4,0,,,,,,,34.0,11.0,,,,,38.0,,15.0,23.0,,,,,,,,,,,,,26.0,29.0,,,,,,,Football Players Stats 2025-2026
2025-26,serie_a_league,Roberto Gagliardini,it ITA,MF,Hellas Verona,31.0,1994.0,29,25,2272,25.2,1,0,0,0,0.0,9,0,,,,,,,15.0,3.0,,,,,16.0,,40.0,56.0,,,,,,,,,,,,,45.0,35.0,,,,,,,Football Players Stats 2025-2026
2025-26,serie_a_league,Antonino Gallo,it ITA,DF,Lecce,25.0,2000.0,37,34,3056,34.0,0,4,0,0,0.0,3,0,,,,,,,6.0,1.0,,,,,134.0,,37.0,15.0,,,,,,,,,,,,,7.0,13.0,,,,,,,Football Players Stats 2025-2026
2025-26,serie_a_league,Omri Gandelman,il ISR,"MF,FW",Lecce,25.0,2000.0,19,10,975,10.8,2,1,0,0,0.0,0,0,,,,,,,10.0,3.0,,,,,4.0,,6.0,4.0,,,,,,,,,,,,,13.0,3.0,,,,,,,Football Players Stats 2025-2026
2025-26,serie_a_league,Ulisses Garcia,ch SUI,DF,Sassuolo,29.0,1996.0,13,10,943,10.5,1,2,0,0,0.0,3,0,,,,,,,2.0,1.0,,,,,34.0,,10.0,8.0,,,,,,,,,,,,,11.0,2.0,,,,,,,Football Players Stats 2025-2026
2025-26,serie_a_league,Federico Gatti,it ITA,DF,Juventus,27.0,1998.0,21,12,1093,12.1,2,0,0,0,0.0,3,0,,,,,,,14.0,6.0,,,,,2.0,,10.0,12.0,,,,,,,,,,,,,17.0,6.0,,,,,,,Football Players Stats 2025-2026
2025-26,serie_a_league,David de Gea,es ESP,GK,Fiorentina,34.0,1990.0,37,37,3330,37.0,0,0,0,0,0.0,0,0,,,,,,,0.0,0.0,,,,,0.0,,0.0,0.0,,,,,,,,,,,,,0.0,6.0,,,10.0,49.0,119.0,1.0,Football Players Stats 2025-2026
2025-26,serie_a_league,Daniele Ghilardi,it ITA,DF,Roma,22.0,2003.0,23,9,1097,12.2,0,0,0,0,0.0,1,0,,,,,,,3.0,0.0,,,,,3.0,,15.0,22.0,,,,,,,,,,,,,23.0,17.0,,,,,,,Football Players Stats 2025-2026
2025-26,serie_a_league,Andrea Ghion,it ITA,MF,Sassuolo,25.0,2000.0,1,0,10,0.1,0,0,0,0,0.0,0,0,,,,,,,0.0,0.0,,,,,1.0,,1.0,0.0,,,,,,,,,,,,,0.0,0.0,,,,,,,Football Players Stats 2025-2026
2025-26,serie_a_league,Mario Gila,es ESP,DF,Lazio,24.0,2000.0,31,31,2472,27.5,0,0,0,0,0.0,4,1,,,,,,,12.0,3.0,,,,,1.0,,34.0,26.0,,,,,,,,,,,,,19.0,25.0,,,,,,,Football Players Stats 2025-2026
2025-26,serie_a_league,Billy Gilmour,sct SCO,MF,Napoli,24.0,2001.0,17,8,805,8.9,1,0,0,0,0.0,1,0,,,,,,,10.0,3.0,,,,,6.0,,8.0,11.0,,,,,,,,,,,,,9.0,7.0,,,,,,,Football Players Stats 2025-2026
2025-26,serie_a_league,Santiago Giménez,mx MEX,FW,Milan,24.0,2001.0,16,11,892,9.9,0,1,0,0,0.0,2,0,,,,,,,27.0,9.0,,,,,1.0,,5.0,1.0,,,,,,,,,,,,,10.0,15.0,,,,,,,Football Players Stats 2025-2026
2025-26,serie_a_league,Gvidas Gineitis,lt LTU,MF,Torino,21.0,2004.0,29,23,1756,19.5,0,1,0,0,0.0,5,0,,,,,,,27.0,5.0,,,,,64.0,,28.0,23.0,,,,,,,,,,,,,43.0,32.0,,,,,,,Football Players Stats 2025-2026
2025-26,serie_a_league,Giovane,br BRA,"FW,MF",Hellas Verona,21.0,2003.0,21,19,1533,17.0,3,4,0,0,0.0,2,0,,,,,,,47.0,25.0,,,,,56.0,,9.0,5.0,,,,,,,,,,,,,21.0,15.0,,,,,,,Football Players Stats 2025-2026
2025-26,serie_a_league,Giovane,br BRA,"MF,FW",Napoli,21.0,2003.0,12,2,338,3.8,0,1,0,0,0.0,0,0,,,,,,,9.0,2.0,,,,,11.0,,0.0,1.0,,,,,,,,,,,,,3.0,9.0,,,,,,,Football Players Stats 2025-2026
2025-26,serie_a_league,Saba Goglichidze,ge GEO,DF,Udinese,21.0,2004.0,8,4,424,4.7,0,0,0,0,0.0,2,0,,,,,,,3.0,1.0,,,,,2.0,,8.0,8.0,,,,,,,,,,,,,5.0,4.0,,,,,,,Football Players Stats 2025-2026
2025-26,serie_a_league,Edoardo Goldaniga,it ITA,DF,Como,31.0,1993.0,2,0,15,0.2,0,0,0,0,0.0,0,0,,,,,,,0.0,0.0,,,,,0.0,,0.0,0.0,,,,,,,,,,,,,0.0,0.0,,,,,,,Football Players Stats 2025-2026
2025-26,serie_a_league,Nicolás González,ar ARG,"FW,MF",Juventus,27.0,1998.0,2,0,19,0.2,0,0,0,0,0.0,0,0,,,,,,,2.0,0.0,,,,,0.0,,0.0,0.0,,,,,,,,,,,,,0.0,3.0,,,,,,,Football Players Stats 2025-2026
2025-26,serie_a_league,Olaf Gorter,nl NED,MF,Lecce,20.0,2005.0,2,0,28,0.3,0,0,0,0,0.0,0,0,,,,,,,0.0,0.0,,,,,0.0,,1.0,0.0,,,,,,,,,,,,,1.0,0.0,,,,,,,Football Players Stats 2025-2026
2025-26,serie_a_league,Robin Gosens,de GER,"DF,MF",Fiorentina,31.0,1994.0,26,24,1881,20.9,3,1,0,0,0.0,2,0,,,,,,,18.0,7.0,,,,,41.0,,18.0,23.0,,,,,,,,,,,,,24.0,25.0,,,,,,,Football Players Stats 2025-2026
2025-26,serie_a_league,Alberto Grassi,it ITA,MF,Cremonese,30.0,1995.0,30,18,1753,19.5,0,0,0,0,0.0,4,1,,,,,,,13.0,4.0,,,,,3.0,,11.0,35.0,,,,,,,,,,,,,17.0,30.0,,,,,,,Football Players Stats 2025-2026
2025-26,serie_a_league,Jacopo Grossi,it ITA,MF,Genoa,18.0,2006.0,1,0,22,0.2,0,0,0,0,0.0,0,0,,,,,,,1.0,0.0,,,,,3.0,,0.0,0.0,,,,,,,,,,,,,0.0,0.0,,,,,,,Football Players Stats 2025-2026
2025-26,serie_a_league,Albert Grønbaek,dk DEN,MF,Genoa,24.0,2001.0,4,1,103,1.1,0,0,0,0,0.0,1,0,,,,,,,1.0,1.0,,,,,1.0,,2.0,0.0,,,,,,,,,,,,,1.0,1.0,,,,,,,Football Players Stats 2025-2026
2025-26,serie_a_league,Mattéo Guendouzi,fr FRA,MF,Lazio,26.0,1999.0,16,16,1428,15.9,2,1,0,0,0.0,5,1,,,,,,,16.0,8.0,,,,,20.0,,8.0,11.0,,,,,,,,,,,,,17.0,21.0,,,,,,,Football Players Stats 2025-2026
2025-26,serie_a_league,Idrissa Guèye,sn SEN,FW,Udinese,18.0,2006.0,19,1,421,4.7,1,0,0,0,0.0,2,0,,,,,,,20.0,6.0,,,,,4.0,,4.0,3.0,,,,,,,,,,,,,15.0,9.0,,,,,,,Football Players Stats 2025-2026
2025-26,serie_a_league,Miguel Gutiérrez,es ESP,"MF,DF",Napoli,24.0,2001.0,28,15,1488,16.5,1,1,0,0,0.0,0,0,,,,,,,15.0,5.0,,,,,48.0,,22.0,7.0,,,,,,,,,,,,,19.0,28.0,,,,,,,Football Players Stats 2025-2026
2025-26,serie_a_league,Albert Guðmundsson,is ISL,"FW,MF",Fiorentina,28.0,1997.0,33,27,2250,25.0,5,4,3,3,0.0,4,1,,,,,,,41.0,15.0,,,,,54.0,,4.0,3.0,,,,,,,,,,,,,34.0,30.0,,,,,,,Football Players Stats 2025-2026
2025-26,serie_a_league,Jack Harrison,eng ENG,"FW,MF",Fiorentina,28.0,1996.0,15,10,981,10.9,1,3,0,0,0.0,1,0,,,,,,,13.0,4.0,,,,,56.0,,6.0,2.0,,,,,,,,,,,,,9.0,7.0,,,,,,,Football Players Stats 2025-2026
2025-26,serie_a_league,Abdou Harroui,nl NED,MF,Hellas Verona,27.0,1998.0,23,11,907,10.1,1,0,1,1,0.0,3,0,,,,,,,12.0,2.0,,,,,28.0,,17.0,1.0,,,,,,,,,,,,,22.0,1.0,,,,,,,Football Players Stats 2025-2026
2025-26,serie_a_league,Torbjørn Heggem,no NOR,DF,Bologna,26.0,1999.0,27,23,2113,23.5,0,0,0,0,0.0,0,1,,,,,,,11.0,2.0,,,,,1.0,,19.0,25.0,,,,,,,,,,,,,31.0,12.0,,,,,,,Football Players Stats 2025-2026
2025-26,serie_a_league,Eivind Helland,no NOR,DF,Bologna,20.0,2005.0,6,6,484,5.4,0,0,0,0,0.0,2,0,,,,,,,1.0,0.0,,,,,0.0,,5.0,7.0,,,,,,,,,,,,,5.0,1.0,,,,,,,Football Players Stats 2025-2026
2025-26,serie_a_league,Luis Henrique,br BRA,MF,Inter,23.0,2001.0,30,18,1624,18.0,1,2,0,0,0.0,1,0,,,,,,,15.0,7.0,,,,,39.0,,16.0,7.0,,,,,,,,,,,,,5.0,0.0,,,,,,,Football Players Stats 2025-2026
2025-26,serie_a_league,Mario Hermoso,es ESP,DF,Roma,30.0,1995.0,27,25,2085,23.2,3,2,0,0,0.0,9,0,,,,,,,20.0,6.0,,,,,10.0,,20.0,30.0,,,,,,,,,,,,,40.0,19.0,,,,,,,Football Players Stats 2025-2026
2025-26,serie_a_league,Hernani,br BRA,MF,Parma,31.0,1994.0,4,0,73,0.8,0,0,0,0,0.0,0,0,,,,,,,1.0,0.0,,,,,2.0,,0.0,1.0,,,,,,,,,,,,,2.0,3.0,,,,,,,Football Players Stats 2025-2026
2025-26,serie_a_league,Isak Hien,se SWE,DF,Atalanta,26.0,1999.0,28,20,1970,21.9,1,0,0,0,1.0,5,0,,,,,,,9.0,3.0,,,,,0.0,,34.0,29.0,,,,,,,,,,,,,36.0,21.0,,,,,,,Football Players Stats 2025-2026
2025-26,serie_a_league,Malthe Hojholt,dk DEN,MF,Pisa,24.0,2001.0,17,9,850,9.4,0,0,0,0,0.0,2,0,,,,,,,4.0,2.0,,,,,4.0,,8.0,9.0,,,,,,,,,,,,,13.0,5.0,,,,,,,Football Players Stats 2025-2026
2025-26,serie_a_league,Emil Holm,se SWE,DF,Bologna,25.0,2000.0,11,8,655,7.3,1,4,0,0,0.0,3,1,,,,,,,8.0,1.0,,,,,23.0,,13.0,7.0,,,,,,,,,,,,,11.0,14.0,,,,,,,Football Players Stats 2025-2026
2025-26,serie_a_league,Emil Holm,se SWE,MF,Juventus,25.0,2000.0,7,2,230,2.6,0,0,0,0,0.0,0,0,,,,,,,5.0,1.0,,,,,6.0,,5.0,3.0,,,,,,,,,,,,,0.0,5.0,,,,,,,Football Players Stats 2025-2026
2025-26,serie_a_league,Elseid Hysaj,al ALB,DF,Lazio,31.0,1994.0,5,1,174,1.9,0,0,0,0,0.0,0,0,,,,,,,0.0,0.0,,,,,2.0,,0.0,2.0,,,,,,,,,,,,,0.0,1.0,,,,,,,Football Players Stats 2025-2026
2025-26,serie_a_league,Rasmus Højlund,dk DEN,FW,Napoli,22.0,2003.0,33,32,2750,30.6,12,5,1,1,0.0,1,0,,,,,,,60.0,25.0,,,,,3.0,,1.0,0.0,,,,,,,,,,,,,37.0,53.0,,,,,,,Football Players Stats 2025-2026
2025-26,serie_a_league,Edoardo Iannoni,it ITA,MF,Sassuolo,24.0,2001.0,15,1,260,2.9,1,0,0,0,0.0,3,0,,,,,,,3.0,1.0,,,,,2.0,,3.0,3.0,,,,,,,,,,,,,11.0,0.0,,,,,,,Football Players Stats 2025-2026
2025-26,serie_a_league,Riyad Idrissi,it ITA,"MF,DF",Cagliari,20.0,2005.0,23,4,783,8.7,2,0,0,0,0.0,3,0,,,,,,,6.0,6.0,,,,,23.0,,15.0,9.0,,,,,,,,,,,,,9.0,6.0,,,,,,,Football Players Stats 2025-2026
2025-26,serie_a_league,Jay Idzes,id IDN,DF,Sassuolo,25.0,2000.0,35,35,3061,34.0,0,0,0,0,0.0,2,0,,,,,,,5.0,0.0,,,,,1.0,,15.0,38.0,,,,,,,,,,,,,33.0,14.0,,,,,,,Football Players Stats 2025-2026
2025-26,serie_a_league,Ivan Ilić,rs SRB,MF,Torino,24.0,2001.0,8,5,416,4.6,0,0,0,0,0.0,2,0,,,,,,,0.0,0.0,,,,,2.0,,5.0,5.0,,,,,,,,,,,,,9.0,4.0,,,,,,,Football Players Stats 2025-2026
2025-26,serie_a_league,Samuel Iling-Junior,eng ENG,MF,Pisa,21.0,2003.0,5,1,110,1.2,0,0,0,0,0.0,0,0,,,,,,,0.0,0.0,,,,,5.0,,2.0,0.0,,,,,,,,,,,,,1.0,0.0,,,,,,,Football Players Stats 2025-2026
2025-26,serie_a_league,Emirhan İlkhan,tr TUR,MF,Torino,21.0,2004.0,19,13,1001,11.1,1,2,0,0,0.0,2,1,,,,,,,13.0,3.0,,,,,7.0,,19.0,13.0,,,,,,,,,,,,,11.0,18.0,,,,,,,Football Players Stats 2025-2026
2025-26,serie_a_league,Ciro Immobile,it ITA,FW,Bologna,35.0,1990.0,6,2,193,2.1,0,0,0,0,0.0,1,0,,,,,,,2.0,0.0,,,,,3.0,,0.0,0.0,,,,,,,,,,,,,8.0,3.0,,,,,,,Football Players Stats 2025-2026
2025-26,serie_a_league,Isaac,br BRA,FW,Hellas Verona,21.0,2004.0,3,0,40,0.4,0,0,0,0,0.0,0,0,,,,,,,0.0,0.0,,,,,1.0,,0.0,0.0,,,,,,,,,,,,,1.0,2.0,,,,,,,Football Players Stats 2025-2026
2025-26,serie_a_league,Gustav Isaksen,dk DEN,FW,Lazio,24.0,2001.0,30,18,1593,17.7,5,1,0,0,0.0,0,0,,,,,,,48.0,19.0,,,,,32.0,,8.0,7.0,,,,,,,,,,,,,18.0,57.0,,,,,,,Football Players Stats 2025-2026
2025-26,serie_a_league,Ardian Ismajli,al ALB,DF,Torino,28.0,1996.0,25,21,1906,21.2,0,1,0,0,0.0,5,0,,,,,,,6.0,4.0,,,,,8.0,,14.0,36.0,,,,,,,,,,,,,21.0,18.0,,,,,,,Football Players Stats 2025-2026
2025-26,serie_a_league,Franco Israel,uy URU,GK,Torino,25.0,2000.0,9,9,810,9.0,0,0,0,0,0.0,1,0,,,,,,,0.0,0.0,,,,,0.0,,0.0,0.0,,,,,,,,,,,,,0.0,3.0,,,3.0,18.0,24.0,0.0,Football Players Stats 2025-2026
2025-26,serie_a_league,Ardon Jashari,ch SUI,MF,Milan,23.0,2002.0,14,7,701,7.8,0,1,0,0,0.0,0,0,,,,,,,7.0,2.0,,,,,11.0,,11.0,5.0,,,,,,,,,,,,,11.0,8.0,,,,,,,Football Players Stats 2025-2026
2025-26,serie_a_league,Gaby Jean,fr FRA,DF,Lecce,25.0,2000.0,7,1,197,2.2,0,0,0,0,0.0,1,0,,,,,,,0.0,0.0,,,,,0.0,,3.0,1.0,,,,,,,,,,,,,1.0,2.0,,,,,,,Football Players Stats 2025-2026
2025-26,serie_a_league,Oliver Jensen,dk DEN,MF,Parma,23.0,2002.0,34,19,1840,20.4,1,1,0,0,0.0,2,0,,,,,,,15.0,3.0,,,,,14.0,,8.0,17.0,,,,,,,,,,,,,13.0,20.0,,,,,,,Football Players Stats 2025-2026
2025-26,serie_a_league,Juan Jesus,br BRA,DF,Napoli,34.0,1991.0,24,19,1675,18.6,0,0,0,0,0.0,10,1,,,,,,,3.0,0.0,,,,,1.0,,22.0,26.0,,,,,,,,,,,,,39.0,2.0,,,,,,,Football Players Stats 2025-2026
2025-26,serie_a_league,Álex Jiménez,es ESP,DF,Milan,20.0,2005.0,1,0,45,0.5,0,0,0,0,0.0,1,0,,,,,,,0.0,0.0,,,,,1.0,,0.0,0.0,,,,,,,,,,,,,0.0,1.0,,,,,,,Football Players Stats 2025-2026
2025-26,serie_a_league,Þórir Jóhann Helgason,is ISL,MF,Lecce,24.0,2000.0,8,1,147,1.6,0,0,0,0,0.0,0,0,,,,,,,3.0,2.0,,,,,6.0,,0.0,3.0,,,,,,,,,,,,,0.0,0.0,,,,,,,Football Players Stats 2025-2026
2025-26,serie_a_league,Dennis Johnsen,no NOR,"MF,FW",Cremonese,27.0,1998.0,11,5,390,4.3,1,1,0,0,0.0,0,0,,,,,,,5.0,2.0,,,,,12.0,,2.0,0.0,,,,,,,,,,,,,2.0,4.0,,,,,,,Football Players Stats 2025-2026
2025-26,serie_a_league,Mohamed Kaba,gn GUI,MF,Lecce,23.0,2001.0,15,5,633,7.0,0,0,0,0,0.0,1,0,,,,,,,9.0,4.0,,,,,8.0,,7.0,4.0,,,,,,,,,,,,,12.0,21.0,,,,,,,Football Players Stats 2025-2026
2025-26,serie_a_league,Christian Kabasele,be BEL,DF,Udinese,34.0,1991.0,30,28,2247,25.0,3,0,0,0,0.0,5,1,,,,,,,9.0,6.0,,,,,0.0,,13.0,33.0,,,,,,,,,,,,,33.0,25.0,,,,,,,Football Players Stats 2025-2026
2025-26,serie_a_league,Pierre Kalulu,fr FRA,"DF,MF",Juventus,25.0,2000.0,37,37,3281,36.5,2,4,0,0,0.0,4,1,,,,,,,13.0,4.0,,,,,94.0,,35.0,24.0,,,,,,,,,,,,,34.0,16.0,,,,,,,Football Players Stats 2025-2026
2025-26,serie_a_league,Hassane Kamara,ci CIV,"MF,DF",Udinese,31.0,1994.0,26,22,1861,20.7,0,2,0,0,0.0,5,0,,,,,,,16.0,5.0,,,,,81.0,,20.0,25.0,,,,,,,,,,,,,16.0,11.0,,,,,,,Football Players Stats 2025-2026
2025-26,serie_a_league,Jesper Karlström,se SWE,MF,Udinese,30.0,1995.0,36,36,3146,35.0,1,0,0,0,0.0,6,0,,,,,,,20.0,3.0,,,,,15.0,,34.0,37.0,,,,,,,,,,,,,42.0,30.0,,,,,,,Football Players Stats 2025-2026
2025-26,serie_a_league,Grigoris Kastanos,cy CYP,MF,Hellas Verona,27.0,1998.0,6,0,44,0.5,0,0,0,0,0.0,0,0,,,,,,,1.0,0.0,,,,,2.0,,3.0,3.0,,,,,,,,,,,,,3.0,1.0,,,,,,,Football Players Stats 2025-2026
2025-26,serie_a_league,Moise Kean,it ITA,FW,Fiorentina,25.0,2000.0,26,23,2036,22.6,8,1,2,2,0.0,4,0,,,,,,,98.0,27.0,,,,,7.0,,4.0,7.0,,,,,,,,,,,,,29.0,44.0,,,,,,,Football Players Stats 2025-2026
2025-26,serie_a_league,Mandela Keita,be BEL,MF,Parma,23.0,2002.0,37,36,2979,33.1,1,1,0,0,1.0,1,0,,,,,,,16.0,5.0,,,,,2.0,,48.0,43.0,,,,,,,,,,,,,30.0,57.0,,,,,,,Football Players Stats 2025-2026
2025-26,serie_a_league,Lloyd Kelly,eng ENG,DF,Juventus,26.0,1998.0,35,33,2996,33.3,1,1,0,0,0.0,4,0,,,,,,,17.0,3.0,,,,,12.0,,33.0,14.0,,,,,,,,,,,,,43.0,20.0,,,,,,,Football Players Stats 2025-2026
2025-26,serie_a_league,Marc-Oliver Kempf,de GER,DF,Como,30.0,1995.0,34,27,2326,25.8,4,1,0,0,0.0,3,0,,,,,,,21.0,6.0,,,,,0.0,,12.0,13.0,,,,,,,,,,,,,26.0,19.0,,,,,,,Football Players Stats 2025-2026
2025-26,serie_a_league,Kialonda,ao ANG,DF,Lecce,27.0,1997.0,23,21,1830,20.3,0,0,0,0,0.0,6,1,,,,,,,9.0,1.0,,,,,1.0,,9.0,19.0,,,,,,,,,,,,,13.0,22.0,,,,,,,Football Players Stats 2025-2026
2025-26,serie_a_league,Semih Kılıçsoy,tr TUR,FW,Cagliari,19.0,2005.0,22,11,975,10.8,4,0,0,0,0.0,1,0,,,,,,,17.0,8.0,,,,,1.0,,4.0,1.0,,,,,,,,,,,,,14.0,15.0,,,,,,,Football Players Stats 2025-2026
2025-26,serie_a_league,Sead Kolašinac,ba BIH,DF,Atalanta,32.0,1993.0,19,15,1212,13.5,0,0,0,0,0.0,3,0,,,,,,,3.0,0.0,,,,,3.0,,18.0,11.0,,,,,,,,,,,,,22.0,10.0,,,,,,,Football Players Stats 2025-2026
2025-26,serie_a_league,Ismaël Koné,ca CAN,MF,Sassuolo,23.0,2002.0,35,33,2737,30.4,6,0,0,0,0.0,5,1,,,,,,,23.0,10.0,,,,,5.0,,18.0,12.0,,,,,,,,,,,,,25.0,54.0,,,,,,,Football Players Stats 2025-2026
2025-26,serie_a_league,Manu Koné,fr FRA,MF,Roma,24.0,2001.0,29,28,2456,27.3,2,3,0,0,0.0,2,0,,,,,,,21.0,5.0,,,,,1.0,,27.0,20.0,,,,,,,,,,,,,47.0,53.0,,,,,,,Football Players Stats 2025-2026
2025-26,serie_a_league,Teun Koopmeiners,nl NED,"MF,DF",Juventus,27.0,1998.0,33,18,1827,20.3,0,0,0,0,0.0,5,0,,,,,,,28.0,7.0,,,,,47.0,,13.0,18.0,,,,,,,,,,,,,33.0,11.0,,,,,,,Football Players Stats 2025-2026
2025-26,serie_a_league,Odilon Kossounou,ci CIV,DF,Atalanta,24.0,2001.0,19,10,988,11.0,1,0,0,0,0.0,1,0,,,,,,,5.0,1.0,,,,,2.0,,14.0,10.0,,,,,,,,,,,,,16.0,3.0,,,,,,,Football Players Stats 2025-2026
2025-26,serie_a_league,Filip Kostić,rs SRB,MF,Juventus,32.0,1992.0,18,4,479,5.3,3,1,0,0,0.0,1,0,,,,,,,9.0,4.0,,,,,49.0,,10.0,4.0,,,,,,,,,,,,,8.0,5.0,,,,,,,Football Players Stats 2025-2026
2025-26,serie_a_league,Eddy Kouadio,ci CIV,DF,Fiorentina,19.0,2006.0,3,0,72,0.8,0,0,0,0,0.0,0,0,,,,,,,0.0,0.0,,,,,1.0,,3.0,0.0,,,,,,,,,,,,,1.0,1.0,,,,,,,Football Players Stats 2025-2026
2025-26,serie_a_league,Christian Kouamé,ci CIV,"FW,MF",Fiorentina,27.0,1997.0,2,0,27,0.3,0,0,0,0,0.0,0,0,,,,,,,0.0,0.0,,,,,2.0,,1.0,1.0,,,,,,,,,,,,,0.0,0.0,,,,,,,Football Players Stats 2025-2026
2025-26,serie_a_league,Christ-Owen Kouassi,fr FRA,DF,Lecce,22.0,2003.0,4,3,228,2.5,0,0,0,0,0.0,0,0,,,,,,,0.0,0.0,,,,,2.0,,6.0,1.0,,,,,,,,,,,,,1.0,3.0,,,,,,,Football Players Stats 2025-2026
2025-26,serie_a_league,Thomas Kristensen,dk DEN,DF,Udinese,23.0,2002.0,28,28,2472,27.5,3,0,0,0,0.0,4,0,,,,,,,11.0,6.0,,,,,4.0,,15.0,27.0,,,,,,,,,,,,,24.0,9.0,,,,,,,Football Players Stats 2025-2026
2025-26,serie_a_league,Nikola Krstović,me MNE,FW,Atalanta,25.0,2000.0,33,18,1791,19.9,10,5,0,0,0.0,4,0,,,,,,,99.0,34.0,,,,,5.0,,12.0,3.0,,,,,,,,,,,,,45.0,27.0,,,,,,,Football Players Stats 2025-2026
2025-26,serie_a_league,Nicolas-Gerrit Kühn,de GER,MF,Como,25.0,2000.0,23,6,665,7.4,1,1,0,0,0.0,0,0,,,,,,,8.0,3.0,,,,,14.0,,6.0,5.0,,,,,,,,,,,,,6.0,2.0,,,,,,,Football Players Stats 2025-2026
2025-26,serie_a_league,Sandro Kulenović,hr CRO,FW,Torino,25.0,1999.0,13,3,300,3.3,0,1,0,0,0.0,2,0,,,,,,,5.0,2.0,,,,,1.0,,2.0,1.0,,,,,,,,,,,,,11.0,4.0,,,,,,,Football Players Stats 2025-2026
2025-26,serie_a_league,Gael Lafont,fr FRA,FW,Genoa,19.0,2006.0,1,0,8,0.1,0,0,0,0,0.0,0,0,,,,,,,0.0,0.0,,,,,0.0,,0.0,0.0,,,,,,,,,,,,,0.0,0.0,,,,,,,Football Players Stats 2025-2026
2025-26,serie_a_league,Tariq Lamptey,gh GHA,MF,Fiorentina,24.0,2000.0,2,1,25,0.3,0,0,0,0,0.0,0,0,,,,,,,0.0,0.0,,,,,1.0,,2.0,0.0,,,,,,,,,,,,,0.0,0.0,,,,,,,Football Players Stats 2025-2026
2025-26,serie_a_league,Noa Lang,nl NED,"FW,MF",Napoli,26.0,1999.0,18,7,666,7.4,1,2,0,0,0.0,2,0,,,,,,,9.0,4.0,,,,,44.0,,8.0,2.0,,,,,,,,,,,,,5.0,11.0,,,,,,,Football Players Stats 2025-2026
2025-26,serie_a_league,Armand Lauriente,fr FRA,FW,Sassuolo,26.0,1998.0,38,33,2592,28.8,7,9,0,0,0.0,4,0,,,,,,,71.0,26.0,,,,,109.0,,15.0,7.0,,,,,,,,,,,,,42.0,47.0,,,,,,,Football Players Stats 2025-2026
2025-26,serie_a_league,Matteo Lavelli,it ITA,FW,Inter,18.0,2006.0,1,0,8,0.1,0,0,0,0,0.0,0,0,,,,,,,0.0,0.0,,,,,1.0,,0.0,0.0,,,,,,,,,,,,,0.0,0.0,,,,,,,Football Players Stats 2025-2026
2025-26,serie_a_league,Valentino Lazaro,at AUT,MF,Torino,29.0,1996.0,31,26,2252,25.0,0,2,0,0,0.0,4,0,,,,,,,8.0,2.0,,,,,135.0,,25.0,22.0,,,,,,,,,,,,,37.0,9.0,,,,,,,Football Players Stats 2025-2026
2025-26,serie_a_league,Manuel Lazzari,it ITA,DF,Lazio,31.0,1993.0,23,9,938,10.4,0,0,0,0,0.0,2,0,,,,,,,4.0,2.0,,,,,16.0,,9.0,6.0,,,,,,,,,,,,,10.0,19.0,,,,,,,Football Players Stats 2025-2026
2025-26,serie_a_league,Andréa Le Borgne,fr FRA,MF,Como,19.0,2006.0,1,0,1,0.0,0,0,0,0,0.0,0,0,,,,,,,0.0,0.0,,,,,0.0,,0.0,0.0,,,,,,,,,,,,,0.0,0.0,,,,,,,Football Players Stats 2025-2026
2025-26,serie_a_league,Nicola Leali,it ITA,GK,Genoa,32.0,1993.0,22,21,1847,20.5,0,0,0,0,0.0,2,1,,,,,,,0.0,0.0,,,,,0.0,,0.0,1.0,,,,,,,,,,,,,2.0,2.0,,,4.0,28.0,58.0,0.0,Football Players Stats 2025-2026
2025-26,serie_a_league,Rafael Leão,pt POR,FW,Milan,26.0,1999.0,29,23,1851,20.6,9,3,2,2,0.0,5,0,,,,,,,63.0,24.0,,,,,25.0,,3.0,5.0,,,,,,,,,,,,,19.0,34.0,,,,,,,Football Players Stats 2025-2026
2025-26,serie_a_league,Mehdi Léris,dz ALG,MF,Pisa,27.0,1998.0,34,21,1900,21.1,2,3,0,0,0.0,2,0,,,,,,,25.0,7.0,,,,,99.0,,37.0,23.0,,,,,,,,,,,,,27.0,22.0,,,,,,,Football Players Stats 2025-2026
2025-26,serie_a_league,Luca Lezzerini,it ITA,GK,Fiorentina,30.0,1995.0,1,0,4,0.0,0,0,0,0,0.0,0,0,,,,,,,0.0,0.0,,,,,0.0,,0.0,0.0,,,,,,,,,,,,,0.0,0.0,,,0.0,0.0,0.0,0.0,Football Players Stats 2025-2026
2025-26,serie_a_league,Luca Lipani,it ITA,MF,Sassuolo,20.0,2005.0,24,10,1034,11.5,0,1,0,0,0.0,3,0,,,,,,,12.0,3.0,,,,,5.0,,17.0,15.0,,,,,,,,,,,,,28.0,8.0,,,,,,,Football Players Stats 2025-2026
2025-26,serie_a_league,Pol Lirola,es ESP,MF,Hellas Verona,27.0,1997.0,6,3,305,3.4,0,0,0,0,0.0,1,0,,,,,,,0.0,0.0,,,,,16.0,,3.0,2.0,,,,,,,,,,,,,3.0,0.0,,,,,,,Football Players Stats 2025-2026
2025-26,serie_a_league,Joseph Liteta,zm ZAM,MF,Cagliari,19.0,2006.0,4,4,264,2.9,0,0,0,0,0.0,0,0,,,,,,,0.0,0.0,,,,,0.0,,2.0,8.0,,,,,,,,,,,,,4.0,0.0,,,,,,,Football Players Stats 2025-2026
2025-26,serie_a_league,Stanislav Lobotka,sk SVK,MF,Napoli,30.0,1994.0,32,29,2431,27.0,1,1,0,0,0.0,3,0,,,,,,,8.0,4.0,,,,,5.0,,16.0,16.0,,,,,,,,,,,,,13.0,45.0,,,,,,,Football Players Stats 2025-2026
2025-26,serie_a_league,Manuel Locatelli,it ITA,MF,Juventus,27.0,1998.0,36,36,2994,33.3,1,2,0,1,0.0,9,0,,,,,,,46.0,12.0,,,,,19.0,,66.0,38.0,,,,,,,,,,,,,55.0,44.0,,,,,,,Football Players Stats 2025-2026
2025-26,serie_a_league,Ruben Loftus-Cheek,eng ENG,"MF,FW",Milan,29.0,1996.0,28,12,1133,12.6,3,1,0,0,0.0,2,0,,,,,,,29.0,6.0,,,,,10.0,,8.0,5.0,,,,,,,,,,,,,23.0,19.0,,,,,,,Football Players Stats 2025-2026
2025-26,serie_a_league,Ademola Lookman,ng NGA,"FW,MF",Atalanta,27.0,1997.0,12,9,795,8.8,2,0,0,0,0.0,0,0,,,,,,,27.0,8.0,,,,,21.0,,3.0,3.0,,,,,,,,,,,,,10.0,8.0,,,,,,,Football Players Stats 2025-2026
2025-26,serie_a_league,Dachi Lordkipanidze,ge GEO,MF,Cremonese,20.0,2005.0,1,0,29,0.3,0,0,0,0,0.0,0,0,,,,,,,0.0,0.0,,,,,0.0,,0.0,0.0,,,,,,,,,,,,,0.0,0.0,,,,,,,Football Players Stats 2025-2026
2025-26,serie_a_league,Lorran,br BRA,FW,Pisa,19.0,2006.0,9,0,122,1.4,1,0,0,0,0.0,0,0,,,,,,,3.0,1.0,,,,,5.0,,3.0,3.0,,,,,,,,,,,,,0.0,3.0,,,,,,,Football Players Stats 2025-2026
2025-26,serie_a_league,Simone Lottici Tessadri,it ITA,MF,Cremonese,19.0,2006.0,1,0,6,0.1,0,0,0,0,0.0,0,0,,,,,,,1.0,0.0,,,,,0.0,,0.0,0.0,,,,,,,,,,,,,0.0,0.0,,,,,,,Football Players Stats 2025-2026
2025-26,serie_a_league,Sandi Lovrić,si SVN,MF,Udinese,27.0,1998.0,6,1,161,1.8,0,1,0,0,0.0,1,0,,,,,,,3.0,1.0,,,,,16.0,,4.0,4.0,,,,,,,,,,,,,4.0,1.0,,,,,,,Football Players Stats 2025-2026
2025-26,serie_a_league,Sandi Lovrić,si SVN,MF,Hellas Verona,27.0,1998.0,7,3,309,3.4,0,0,0,0,0.0,1,0,,,,,,,2.0,1.0,,,,,24.0,,6.0,5.0,,,,,,,,,,,,,5.0,3.0,,,,,,,Football Players Stats 2025-2026
2025-26,serie_a_league,Felipe Loyola,cl CHI,MF,Pisa,24.0,2000.0,11,6,538,6.0,1,0,0,0,0.0,0,1,,,,,,,9.0,1.0,,,,,4.0,,7.0,6.0,,,,,,,,,,,,,8.0,2.0,,,,,,,Football Players Stats 2025-2026
2025-26,serie_a_league,Lorenzo Lucca,it ITA,FW,Napoli,24.0,2000.0,16,4,408,4.5,1,0,0,0,0.0,1,0,,,,,,,15.0,5.0,,,,,0.0,,0.0,0.0,,,,,,,,,,,,,17.0,12.0,,,,,,,Football Players Stats 2025-2026
2025-26,serie_a_league,Jhon Lucumí,co COL,DF,Bologna,27.0,1998.0,29,26,2287,25.4,1,0,0,0,0.0,5,0,,,,,,,8.0,2.0,,,,,1.0,,22.0,30.0,,,,,,,,,,,,,23.0,19.0,,,,,,,Football Players Stats 2025-2026
2025-26,serie_a_league,Romelu Lukaku,be BEL,FW,Napoli,32.0,1993.0,5,0,44,0.5,1,0,0,0,0.0,1,0,,,,,,,2.0,1.0,,,,,0.0,,0.0,0.0,,,,,,,,,,,,,2.0,0.0,,,,,,,Football Players Stats 2025-2026
2025-26,serie_a_league,Sebastiano Luperto,it ITA,DF,Cremonese,28.0,1996.0,15,15,1307,14.5,0,1,0,0,0.0,1,0,,,,,,,5.0,2.0,,,,,10.0,,9.0,12.0,,,,,,,,,,,,,9.0,12.0,,,,,,,Football Players Stats 2025-2026
2025-26,serie_a_league,Sebastiano Luperto,it ITA,DF,Cagliari,28.0,1996.0,19,19,1706,19.0,1,0,0,0,0.0,3,0,,,,,,,7.0,3.0,,,,,1.0,,12.0,19.0,,,,,,,,,,,,,23.0,17.0,,,,,,,Football Players Stats 2025-2026
2025-26,serie_a_league,Mateus Lusuardi,br BRA,DF,Pisa,21.0,2004.0,3,3,198,2.2,0,0,0,0,0.0,1,0,,,,,,,4.0,0.0,,,,,1.0,,2.0,0.0,,,,,,,,,,,,,4.0,0.0,,,,,,,Football Players Stats 2025-2026
2025-26,serie_a_league,Zito Luvumbo,ao ANG,"MF,FW",Cagliari,23.0,2002.0,12,2,329,3.7,0,0,0,0,0.0,0,0,,,,,,,12.0,6.0,,,,,7.0,,1.0,1.0,,,,,,,,,,,,,4.0,18.0,,,,,,,Football Players Stats 2025-2026
2025-26,serie_a_league,Babis Lykogiannis,gr GRE,DF,Bologna,31.0,1993.0,10,7,627,7.0,0,1,0,0,0.0,3,0,,,,,,,7.0,2.0,,,,,45.0,,10.0,6.0,,,,,,,,,,,,,8.0,1.0,,,,,,,Football Players Stats 2025-2026
2025-26,serie_a_league,Mathias Løvik,no NOR,MF,Parma,21.0,2003.0,9,5,471,5.2,0,0,0,0,0.0,0,0,,,,,,,3.0,0.0,,,,,15.0,,8.0,7.0,,,,,,,,,,,,,3.0,2.0,,,,,,,Football Players Stats 2025-2026
2025-26,serie_a_league,Tommaso Macchioni,it ITA,DF,Sassuolo,19.0,2006.0,1,1,90,1.0,0,0,0,0,0.0,1,0,,,,,,,1.0,0.0,,,,,0.0,,0.0,2.0,,,,,,,,,,,,,1.0,0.0,,,,,,,Football Players Stats 2025-2026
2025-26,serie_a_league,Mike Maignan,fr FRA,GK,Milan,30.0,1995.0,37,37,3295,36.6,0,0,0,0,0.0,4,0,,,,,,,0.0,0.0,,,,,0.0,,0.0,1.0,,,,,,,,,,,,,0.0,6.0,,,14.0,35.0,106.0,2.0,Football Players Stats 2025-2026
2025-26,serie_a_league,Daniel Maldini,it ITA,FW,Lazio,23.0,2001.0,12,9,687,7.6,2,1,0,0,0.0,0,0,,,,,,,15.0,5.0,,,,,1.0,,9.0,4.0,,,,,,,,,,,,,14.0,20.0,,,,,,,Football Players Stats 2025-2026
2025-26,serie_a_league,Daniel Maldini,it ITA,MF,Atalanta,23.0,2001.0,9,3,264,2.9,0,0,0,0,0.0,1,0,,,,,,,8.0,2.0,,,,,10.0,,2.0,0.0,,,,,,,,,,,,,4.0,7.0,,,,,,,Football Players Stats 2025-2026
2025-26,serie_a_league,Youssef Maleh,ma MAR,MF,Cremonese,26.0,1998.0,14,14,1100,12.2,1,0,0,0,0.0,2,1,,,,,,,15.0,3.0,,,,,41.0,,11.0,9.0,,,,,,,,,,,,,27.0,10.0,,,,,,,Football Players Stats 2025-2026
2025-26,serie_a_league,Youssef Maleh,ma MAR,MF,Lecce,26.0,1998.0,9,5,460,5.1,0,0,0,0,0.0,2,0,,,,,,,7.0,1.0,,,,,12.0,,4.0,7.0,,,,,,,,,,,,,9.0,8.0,,,,,,,Football Players Stats 2025-2026
2025-26,serie_a_league,Donyell Malen,nl NED,FW,Roma,26.0,1999.0,18,18,1467,16.3,14,2,3,4,0.0,1,0,,,,,,,70.0,31.0,,,,,6.0,,3.0,3.0,,,,,,,,,,,,,12.0,17.0,,,,,,,Football Players Stats 2025-2026
2025-26,serie_a_league,Ruslan Malinovskyi,ua UKR,MF,Genoa,32.0,1993.0,34,28,2235,24.8,6,3,3,3,0.0,10,0,,,,,,,55.0,15.0,,,,,68.0,,19.0,16.0,,,,,,,,,,,,,36.0,26.0,,,,,,,Football Players Stats 2025-2026
2025-26,serie_a_league,Gianluca Mancini,it ITA,DF,Roma,29.0,1996.0,36,36,3059,34.0,4,2,0,0,0.0,9,0,,,,,,,20.0,8.0,,,,,29.0,,28.0,47.0,,,,,,,,,,,,,71.0,42.0,,,,,,,Football Players Stats 2025-2026
2025-26,serie_a_league,Rolando Mandragora,it ITA,MF,Fiorentina,28.0,1997.0,34,30,2421,26.9,7,3,1,1,0.0,7,0,,,,,,,64.0,18.0,,,,,69.0,,24.0,15.0,,,,,,,,,,,,,37.0,56.0,,,,,,,Football Players Stats 2025-2026
2025-26,serie_a_league,Alessandro Marcandalli,it ITA,DF,Genoa,22.0,2002.0,32,29,2597,28.9,0,2,0,0,0.0,4,0,,,,,,,5.0,2.0,,,,,10.0,,24.0,18.0,,,,,,,,,,,,,23.0,11.0,,,,,,,Football Players Stats 2025-2026
2025-26,serie_a_league,Pablo Marí,es ESP,DF,Fiorentina,31.0,1993.0,11,9,808,9.0,0,0,0,0,0.0,3,0,,,,,,,2.0,0.0,,,,,0.0,,8.0,19.0,,,,,,,,,,,,,17.0,8.0,,,,,,,Football Players Stats 2025-2026
2025-26,serie_a_league,Luca Marianucci,it ITA,DF,Torino,21.0,2004.0,10,6,575,6.4,0,0,0,0,0.0,2,0,,,,,,,1.0,0.0,,,,,7.0,,5.0,8.0,,,,,,,,,,,,,9.0,3.0,,,,,,,Football Players Stats 2025-2026
2025-26,serie_a_league,Luca Marianucci,it ITA,DF,Napoli,21.0,2004.0,2,1,119,1.3,0,1,0,0,0.0,0,0,,,,,,,1.0,0.0,,,,,2.0,,2.0,1.0,,,,,,,,,,,,,2.0,0.0,,,,,,,Football Players Stats 2025-2026
2025-26,serie_a_league,Marius Marin,ro ROU,MF,Pisa,26.0,1998.0,23,18,1281,14.2,0,0,0,0,0.0,7,0,,,,,,,3.0,0.0,,,,,18.0,,26.0,14.0,,,,,,,,,,,,,36.0,20.0,,,,,,,Football Players Stats 2025-2026
2025-26,serie_a_league,João Mário Lopes,pt POR,"DF,MF",Bologna,25.0,2000.0,10,10,735,8.2,1,0,0,0,0.0,1,0,,,,,,,4.0,2.0,,,,,15.0,,4.0,10.0,,,,,,,,,,,,,5.0,21.0,,,,,,,Football Players Stats 2025-2026
2025-26,serie_a_league,João Mário Lopes,pt POR,MF,Juventus,25.0,2000.0,10,2,258,2.9,0,0,0,0,0.0,1,0,,,,,,,3.0,0.0,,,,,5.0,,3.0,3.0,,,,,,,,,,,,,5.0,10.0,,,,,,,Football Players Stats 2025-2026
2025-26,serie_a_league,Guillermo Maripán,cl CHI,DF,Torino,31.0,1994.0,27,24,2145,23.8,2,0,0,0,0.0,4,0,,,,,,,18.0,8.0,,,,,3.0,,28.0,27.0,,,,,,,,,,,,,27.0,7.0,,,,,,,Football Players Stats 2025-2026
2025-26,serie_a_league,Aarón Martín,es ESP,"MF,DF",Genoa,28.0,1997.0,33,26,2156,24.0,1,5,0,1,0.0,2,0,,,,,,,11.0,4.0,,,,,194.0,,28.0,10.0,,,,,,,,,,,,,31.0,27.0,,,,,,,Football Players Stats 2025-2026
2025-26,serie_a_league,Josep Martinez,es ESP,GK,Inter,27.0,1998.0,5,5,450,5.0,0,0,0,0,0.0,0,0,,,,,,,0.0,0.0,,,,,0.0,,0.0,0.0,,,,,,,,,,,,,0.0,0.0,,,3.0,4.0,10.0,0.0,Football Players Stats 2025-2026
2025-26,serie_a_league,Lautaro Martínez,ar ARG,FW,Inter,27.0,1997.0,30,27,2159,24.0,17,6,0,0,0.0,4,0,,,,,,,92.0,39.0,,,,,17.0,,13.0,6.0,,,,,,,,,,,,,47.0,47.0,,,,,,,Football Players Stats 2025-2026
2025-26,serie_a_league,Adam Marušić,me MNE,DF,Lazio,32.0,1992.0,33,32,2778,30.9,1,2,0,0,0.0,1,1,,,,,,,16.0,7.0,,,,,35.0,,16.0,33.0,,,,,,,,,,,,,22.0,18.0,,,,,,,Football Players Stats 2025-2026
2025-26,serie_a_league,Adam Masina,ma MAR,DF,Torino,31.0,1994.0,5,2,235,2.6,0,1,0,0,0.0,0,0,,,,,,,0.0,0.0,,,,,0.0,,4.0,5.0,,,,,,,,,,,,,6.0,2.0,,,,,,,Football Players Stats 2025-2026
2025-26,serie_a_league,Patrizio Masini,it ITA,MF,Genoa,24.0,2001.0,28,13,1413,15.7,0,1,0,0,0.0,5,0,,,,,,,18.0,5.0,,,,,14.0,,39.0,26.0,,,,,,,,,,,,,39.0,45.0,,,,,,,Football Players Stats 2025-2026
2025-26,serie_a_league,Nemanja Matić,rs SRB,MF,Sassuolo,36.0,1988.0,34,31,2660,29.6,1,1,0,0,0.0,7,1,,,,,,,11.0,4.0,,,,,11.0,,28.0,27.0,,,,,,,,,,,,,24.0,39.0,,,,,,,Football Players Stats 2025-2026
2025-26,serie_a_league,Luca Mazzitelli,it ITA,MF,Cagliari,29.0,1995.0,18,9,767,8.5,2,2,0,0,0.0,3,0,,,,,,,15.0,5.0,,,,,9.0,,11.0,10.0,,,,,,,,,,,,,22.0,13.0,,,,,,,Football Players Stats 2025-2026
2025-26,serie_a_league,Pasquale Mazzocchi,it ITA,MF,Napoli,30.0,1995.0,16,2,310,3.4,0,1,0,0,0.0,0,1,,,,,,,2.0,1.0,,,,,15.0,,1.0,4.0,,,,,,,,,,,,,1.0,0.0,,,,,,,Football Players Stats 2025-2026
2025-26,serie_a_league,Weston McKennie,us USA,MF,Juventus,26.0,1998.0,36,32,2835,31.5,5,5,0,0,0.0,5,0,,,,,,,43.0,16.0,,,,,36.0,,24.0,26.0,,,,,,,,,,,,,44.0,11.0,,,,,,,Football Players Stats 2025-2026
2025-26,serie_a_league,Scott McTominay,sct SCO,MF,Napoli,28.0,1996.0,33,31,2791,31.0,10,3,0,1,0.0,1,0,,,,,,,101.0,34.0,,,,,10.0,,13.0,23.0,,,,,,,,,,,,,24.0,73.0,,,,,,,Football Players Stats 2025-2026
2025-26,serie_a_league,Henrik Meister,dk DEN,FW,Pisa,21.0,2003.0,28,15,1515,16.8,2,0,0,0,0.0,2,0,,,,,,,20.0,8.0,,,,,1.0,,3.0,1.0,,,,,,,,,,,,,26.0,17.0,,,,,,,Football Players Stats 2025-2026
2025-26,serie_a_league,Paul Mendy,sn SEN,FW,Cagliari,18.0,2007.0,9,3,335,3.7,2,0,0,0,0.0,1,0,,,,,,,15.0,3.0,,,,,2.0,,0.0,1.0,,,,,,,,,,,,,12.0,4.0,,,,,,,Football Players Stats 2025-2026
2025-26,serie_a_league,Alex Meret,it ITA,GK,Napoli,28.0,1997.0,11,11,979,10.9,0,1,0,0,0.0,1,0,,,,,,,0.0,0.0,,,,,0.0,,0.0,1.0,,,,,,,,,,,,,1.0,1.0,,,4.0,12.0,21.0,0.0,Football Players Stats 2025-2026
2025-26,serie_a_league,Junior Messias,br BRA,MF,Genoa,34.0,1991.0,20,5,685,7.6,3,1,1,1,0.0,1,0,,,,,,,19.0,7.0,,,,,16.0,,10.0,5.0,,,,,,,,,,,,,10.0,22.0,,,,,,,Football Players Stats 2025-2026
2025-26,serie_a_league,Daniel Mikołajewski,pl POL,FW,Parma,19.0,2006.0,3,1,70,0.8,0,0,0,0,0.0,0,0,,,,,,,1.0,0.0,,,,,1.0,,0.0,0.0,,,,,,,,,,,,,2.0,2.0,,,,,,,Football Players Stats 2025-2026
2025-26,serie_a_league,Arkadiusz Milik,pl POL,FW,Juventus,31.0,1994.0,2,0,36,0.4,0,0,0,0,0.0,0,0,,,,,,,2.0,2.0,,,,,0.0,,0.0,0.0,,,,,,,,,,,,,1.0,0.0,,,,,,,Football Players Stats 2025-2026
2025-26,serie_a_league,Vanja Milinković-Savić,rs SRB,GK,Napoli,28.0,1997.0,27,27,2430,27.0,0,1,0,0,0.0,0,0,,,,,,,0.0,0.0,,,,,0.0,,0.0,0.0,,,,,,,,,,,,,1.0,6.0,,,11.0,24.0,52.0,3.0,Football Players Stats 2025-2026
2025-26,serie_a_league,Lennon Miller,sct SCO,MF,Udinese,18.0,2006.0,24,9,996,11.1,0,2,0,0,0.0,4,0,,,,,,,9.0,1.0,,,,,32.0,,12.0,9.0,,,,,,,,,,,,,14.0,17.0,,,,,,,Football Players Stats 2025-2026
2025-26,serie_a_league,Yerry Mina,co COL,DF,Cagliari,30.0,1994.0,26,26,2150,23.9,2,0,0,0,0.0,5,1,,,,,,,10.0,3.0,,,,,1.0,,18.0,26.0,,,,,,,,,,,,,26.0,37.0,,,,,,,Football Players Stats 2025-2026
2025-26,serie_a_league,Juan Miranda,es ESP,DF,Bologna,25.0,2000.0,32,29,2573,28.6,1,3,0,0,0.0,6,0,,,,,,,13.0,5.0,,,,,171.0,,31.0,33.0,,,,,,,,,,,,,25.0,35.0,,,,,,,Football Players Stats 2025-2026
2025-26,serie_a_league,Fabio Miretti,it ITA,MF,Juventus,21.0,2003.0,23,5,617,6.9,1,2,0,0,0.0,1,0,,,,,,,18.0,5.0,,,,,17.0,,9.0,4.0,,,,,,,,,,,,,15.0,7.0,,,,,,,Football Players Stats 2025-2026
2025-26,serie_a_league,Henrikh Mkhitaryan,am ARM,MF,Inter,36.0,1989.0,30,16,1560,17.3,4,1,0,0,0.0,5,0,,,,,,,43.0,14.0,,,,,42.0,,27.0,15.0,,,,,,,,,,,,,28.0,17.0,,,,,,,Football Players Stats 2025-2026
2025-26,serie_a_league,Branimir Mlacic,hr CRO,DF,Udinese,18.0,2007.0,7,2,166,1.8,0,0,0,0,0.0,2,0,,,,,,,1.0,0.0,,,,,1.0,,3.0,2.0,,,,,,,,,,,,,4.0,0.0,,,,,,,Football Players Stats 2025-2026
2025-26,serie_a_league,Rui Modesto,ao ANG,MF,Udinese,25.0,1999.0,3,0,119,1.3,0,1,0,0,0.0,0,0,,,,,,,1.0,1.0,,,,,5.0,,4.0,1.0,,,,,,,,,,,,,0.0,0.0,,,,,,,Football Players Stats 2025-2026
2025-26,serie_a_league,Luka Modrić,hr CRO,MF,Milan,39.0,1985.0,34,32,2811,31.2,2,3,0,0,0.0,4,0,,,,,,,20.0,8.0,,,,,111.0,,27.0,35.0,,,,,,,,,,,,,23.0,33.0,,,,,,,Football Players Stats 2025-2026
2025-26,serie_a_league,Lorenzo Montipò,it ITA,GK,Hellas Verona,29.0,1996.0,35,35,3150,35.0,0,1,0,0,0.0,0,0,,,,,,,0.0,0.0,,,,,0.0,,0.0,0.0,,,,,,,,,,,,,0.0,8.0,,,5.0,54.0,87.0,3.0,Football Players Stats 2025-2026
2025-26,serie_a_league,Álvaro Morata,es ESP,FW,Como,32.0,1992.0,26,9,930,10.3,0,1,0,1,0.0,4,1,,,,,,,23.0,8.0,,,,,9.0,,11.0,1.0,,,,,,,,,,,,,16.0,33.0,,,,,,,Football Players Stats 2025-2026
2025-26,serie_a_league,Alberto Moreno,es ESP,DF,Como,33.0,1992.0,19,13,1233,13.7,2,1,0,0,0.0,4,0,,,,,,,11.0,4.0,,,,,34.0,,12.0,7.0,,,,,,,,,,,,,17.0,12.0,,,,,,,Football Players Stats 2025-2026
2025-26,serie_a_league,Tete Morente,es ESP,"FW,MF",Lecce,28.0,1996.0,16,9,859,9.5,0,0,0,0,0.0,2,0,,,,,,,14.0,2.0,,,,,29.0,,9.0,3.0,,,,,,,,,,,,,13.0,12.0,,,,,,,Football Players Stats 2025-2026
2025-26,serie_a_league,Stefano Moreo,it ITA,"FW,MF",Pisa,32.0,1993.0,37,29,2307,25.6,7,1,2,2,0.0,2,0,,,,,,,52.0,20.0,,,,,28.0,,11.0,21.0,,,,,,,,,,,,,22.0,20.0,,,,,,,Football Players Stats 2025-2026
2025-26,serie_a_league,Luca Moro,it ITA,FW,Sassuolo,24.0,2001.0,14,1,211,2.3,0,0,0,0,0.0,1,0,,,,,,,6.0,1.0,,,,,0.0,,4.0,2.0,,,,,,,,,,,,,7.0,9.0,,,,,,,Football Players Stats 2025-2026
2025-26,serie_a_league,Nikola Moro,hr CRO,MF,Bologna,27.0,1998.0,30,19,1799,20.0,2,0,0,0,0.0,1,0,,,,,,,21.0,2.0,,,,,49.0,,8.0,19.0,,,,,,,,,,,,,18.0,17.0,,,,,,,Football Players Stats 2025-2026
2025-26,serie_a_league,Mattia Mosconi,it ITA,FW,Inter,18.0,2007.0,2,0,27,0.3,0,0,0,0,0.0,0,0,,,,,,,2.0,0.0,,,,,0.0,,0.0,0.0,,,,,,,,,,,,,1.0,2.0,,,,,,,Football Players Stats 2025-2026
2025-26,serie_a_league,Daniel Mosquera,co COL,FW,Hellas Verona,25.0,1999.0,22,5,597,6.6,0,2,0,0,0.0,1,0,,,,,,,16.0,5.0,,,,,2.0,,2.0,2.0,,,,,,,,,,,,,22.0,6.0,,,,,,,Football Players Stats 2025-2026
2025-26,serie_a_league,Edoardo Motta,it ITA,GK,Lazio,20.0,2005.0,9,9,810,9.0,0,0,0,0,0.0,1,0,,,,,,,0.0,0.0,,,,,0.0,,0.0,0.0,,,,,,,,,,,,,1.0,1.0,,,3.0,10.0,22.0,1.0,Football Players Stats 2025-2026
2025-26,serie_a_league,Tarik Muharemovic,ba BIH,DF,Sassuolo,22.0,2003.0,32,32,2835,31.5,2,2,0,0,2.0,7,0,,,,,,,20.0,7.0,,,,,2.0,,24.0,45.0,,,,,,,,,,,,,24.0,20.0,,,,,,,Football Players Stats 2025-2026
2025-26,serie_a_league,Arijanet Muric,xk KVX,GK,Sassuolo,26.0,1998.0,32,32,2880,32.0,0,0,0,0,0.0,4,0,,,,,,,0.0,0.0,,,,,0.0,,0.0,0.0,,,,,,,,,,,,,1.0,3.0,,,6.0,43.0,118.0,1.0,Football Players Stats 2025-2026
2025-26,serie_a_league,Yunus Musah,us USA,MF,Atalanta,22.0,2002.0,19,4,574,6.4,1,0,0,0,0.0,1,0,,,,,,,7.0,2.0,,,,,10.0,,5.0,5.0,,,,,,,,,,,,,7.0,16.0,,,,,,,Football Players Stats 2025-2026
2025-26,serie_a_league,Yunus Musah,us USA,MF,Milan,22.0,2002.0,1,1,90,1.0,0,0,0,0,0.0,0,0,,,,,,,0.0,0.0,,,,,1.0,,1.0,0.0,,,,,,,,,,,,,2.0,2.0,,,,,,,Football Players Stats 2025-2026
2025-26,serie_a_league,Cheveyo Muy,nl NED,FW,Milan,18.0,2006.0,2,0,5,0.1,0,0,0,0,0.0,0,0,,,,,,,1.0,0.0,,,,,0.0,,0.0,0.0,,,,,,,,,,,,,0.0,0.0,,,,,,,Football Players Stats 2025-2026
2025-26,serie_a_league,Obite N'Dicka,ci CIV,DF,Roma,25.0,1999.0,31,31,2680,29.8,3,0,0,0,0.0,5,0,,,,,,,23.0,6.0,,,,,2.0,,16.0,45.0,,,,,,,,,,,,,32.0,35.0,,,,,,,Football Players Stats 2025-2026
2025-26,serie_a_league,Konan N'dri,ci CIV,MF,Lecce,24.0,2000.0,27,1,544,6.0,2,0,0,0,0.0,3,0,,,,,,,19.0,5.0,,,,,23.0,,4.0,2.0,,,,,,,,,,,,,9.0,18.0,,,,,,,Football Players Stats 2025-2026
2025-26,serie_a_league,Corrie Ndaba,ie IRL,DF,Lecce,25.0,1999.0,14,6,543,6.0,0,0,0,0,0.0,0,0,,,,,,,2.0,0.0,,,,,4.0,,4.0,3.0,,,,,,,,,,,,,2.0,0.0,,,,,,,Football Players Stats 2025-2026
2025-26,serie_a_league,Michel Ndary Adopo,fr FRA,MF,Cagliari,25.0,2000.0,38,33,3050,33.9,1,2,0,0,0.0,4,0,,,,,,,28.0,11.0,,,,,26.0,,32.0,31.0,,,,,,,,,,,,,35.0,25.0,,,,,,,Football Players Stats 2025-2026
2025-26,serie_a_league,Abdoulaye Ndiaye,sn SEN,DF,Parma,23.0,2002.0,11,9,780,8.7,0,0,0,0,0.0,5,1,,,,,,,6.0,0.0,,,,,0.0,,10.0,11.0,,,,,,,,,,,,,13.0,12.0,,,,,,,Football Players Stats 2025-2026
2025-26,serie_a_league,Cher Ndour,it ITA,MF,Fiorentina,21.0,2004.0,33,20,1876,20.8,3,0,0,0,0.0,2,0,,,,,,,24.0,8.0,,,,,20.0,,17.0,15.0,,,,,,,,,,,,,26.0,23.0,,,,,,,Football Players Stats 2025-2026
2025-26,serie_a_league,Victor Nelsson,dk DEN,DF,Hellas Verona,26.0,1998.0,38,37,3315,36.8,0,0,0,0,1.0,4,0,,,,,,,8.0,1.0,,,,,5.0,,45.0,75.0,,,,,,,,,,,,,44.0,20.0,,,,,,,Football Players Stats 2025-2026
2025-26,serie_a_league,David Neres,br BRA,"FW,MF",Napoli,28.0,1997.0,16,10,922,10.2,3,3,0,0,0.0,3,0,,,,,,,17.0,4.0,,,,,53.0,,5.0,1.0,,,,,,,,,,,,,19.0,7.0,,,,,,,Football Players Stats 2025-2026
2025-26,serie_a_league,Oumar Ngom,mr MTN,MF,Lecce,21.0,2004.0,15,10,842,9.4,0,0,0,0,0.0,1,0,,,,,,,5.0,2.0,,,,,3.0,,15.0,12.0,,,,,,,,,,,,,15.0,6.0,,,,,,,Football Players Stats 2025-2026
2025-26,serie_a_league,Cyril Ngonge,be BEL,FW,Torino,25.0,2000.0,20,11,994,11.0,1,1,0,0,0.0,2,0,,,,,,,24.0,12.0,,,,,19.0,,4.0,2.0,,,,,,,,,,,,,20.0,18.0,,,,,,,Football Players Stats 2025-2026
2025-26,serie_a_league,Mikayil Ngor Faye,sn SEN,"MF,DF",Cremonese,21.0,2004.0,8,2,254,2.8,0,0,0,0,0.0,1,0,,,,,,,2.0,0.0,,,,,6.0,,6.0,5.0,,,,,,,,,,,,,2.0,4.0,,,,,,,Football Players Stats 2025-2026
2025-26,serie_a_league,Cheikh Niasse,sn SEN,MF,Hellas Verona,25.0,2000.0,19,11,970,10.8,0,1,0,0,0.0,1,0,,,,,,,6.0,1.0,,,,,14.0,,14.0,15.0,,,,,,,,,,,,,20.0,15.0,,,,,,,Football Players Stats 2025-2026
2025-26,serie_a_league,Hans Nicolussi Caviglia,it ITA,MF,Fiorentina,25.0,2000.0,11,7,585,6.5,0,1,0,0,0.0,4,0,,,,,,,4.0,1.0,,,,,30.0,,7.0,3.0,,,,,,,,,,,,,15.0,15.0,,,,,,,Football Players Stats 2025-2026
2025-26,serie_a_league,Hans Nicolussi Caviglia,it ITA,MF,Parma,25.0,2000.0,15,10,869,9.7,0,3,0,0,0.0,0,0,,,,,,,16.0,2.0,,,,,23.0,,8.0,3.0,,,,,,,,,,,,,8.0,9.0,,,,,,,Football Players Stats 2025-2026
2025-26,serie_a_league,Oliver Nielsen,dk DEN,DF,Lazio,22.0,2003.0,26,13,1536,17.1,0,0,0,0,0.0,3,0,,,,,,,6.0,2.0,,,,,2.0,,6.0,16.0,,,,,,,,,,,,,14.0,9.0,,,,,,,Football Players Stats 2025-2026
2025-26,serie_a_league,Alieu Njie,se SWE,"MF,FW",Torino,20.0,2005.0,15,2,299,3.3,1,1,0,0,0.0,2,0,,,,,,,6.0,3.0,,,,,4.0,,2.0,0.0,,,,,,,,,,,,,8.0,8.0,,,,,,,Football Players Stats 2025-2026
2025-26,serie_a_league,Niels Nkounkou,fr FRA,"MF,DF",Torino,24.0,2000.0,11,3,355,3.9,0,1,0,0,0.0,3,0,,,,,,,4.0,1.0,,,,,20.0,,11.0,8.0,,,,,,,,,,,,,4.0,3.0,,,,,,,Football Players Stats 2025-2026
2025-26,serie_a_league,Christopher Nkunku,fr FRA,FW,Milan,27.0,1997.0,32,15,1356,15.1,7,3,5,5,0.0,0,0,,,,,,,29.0,16.0,,,,,17.0,,2.0,2.0,,,,,,,,,,,,,9.0,22.0,,,,,,,Football Players Stats 2025-2026
2025-26,serie_a_league,Brooke Norton-Cuffy,eng ENG,"MF,DF",Genoa,21.0,2004.0,27,25,2212,24.6,2,1,0,0,0.0,5,1,,,,,,,15.0,6.0,,,,,80.0,,31.0,11.0,,,,,,,,,,,,,23.0,16.0,,,,,,,Football Players Stats 2025-2026
2025-26,serie_a_league,Tijjani Noslin,nl NED,FW,Lazio,26.0,1999.0,29,9,1148,12.8,4,2,0,0,0.0,6,1,,,,,,,35.0,13.0,,,,,10.0,,6.0,3.0,,,,,,,,,,,,,19.0,23.0,,,,,,,Football Players Stats 2025-2026
2025-26,serie_a_league,Unai Núñez,es ESP,DF,Hellas Verona,28.0,1997.0,17,15,1265,14.1,0,0,0,0,1.0,6,0,,,,,,,7.0,1.0,,,,,11.0,,18.0,23.0,,,,,,,,,,,,,27.0,10.0,,,,,,,Football Players Stats 2025-2026
2025-26,serie_a_league,Joi Nuredini,al ALB,FW,Genoa,17.0,2007.0,1,0,2,0.0,0,0,0,0,0.0,0,0,,,,,,,0.0,0.0,,,,,0.0,,0.0,0.0,,,,,,,,,,,,,0.0,0.0,,,,,,,Football Players Stats 2025-2026
2025-26,serie_a_league,M'Bala Nzola,ao ANG,FW,Pisa,28.0,1996.0,16,11,1052,11.7,3,0,2,3,0.0,1,1,,,,,,,28.0,7.0,,,,,7.0,,2.0,1.0,,,,,,,,,,,,,18.0,17.0,,,,,,,Football Players Stats 2025-2026
2025-26,serie_a_league,M'Bala Nzola,ao ANG,FW,Sassuolo,28.0,1996.0,14,4,473,5.3,1,1,0,0,0.0,1,0,,,,,,,11.0,4.0,,,,,0.0,,2.0,1.0,,,,,,,,,,,,,11.0,9.0,,,,,,,Football Players Stats 2025-2026
2025-26,serie_a_league,Adam Obert,sk SVK,"DF,MF",Cagliari,22.0,2002.0,35,33,2771,30.8,0,3,0,0,0.0,10,1,,,,,,,10.0,3.0,,,,,69.0,,32.0,44.0,,,,,,,,,,,,,40.0,13.0,,,,,,,Football Players Stats 2025-2026
2025-26,serie_a_league,Rafel Obrador,es ESP,MF,Torino,21.0,2004.0,16,14,1116,12.4,1,3,0,0,0.0,1,0,,,,,,,7.0,2.0,,,,,58.0,,8.0,12.0,,,,,,,,,,,,,7.0,5.0,,,,,,,Football Players Stats 2025-2026
2025-26,serie_a_league,Cas Odenthal,nl NED,DF,Sassuolo,24.0,2000.0,1,0,1,0.0,0,0,0,0,0.0,0,0,,,,,,,0.0,0.0,,,,,0.0,,0.0,0.0,,,,,,,,,,,,,0.0,0.0,,,,,,,Football Players Stats 2025-2026
2025-26,serie_a_league,Jens Odgaard,dk DEN,MF,Bologna,26.0,1999.0,26,16,1378,15.3,5,1,0,0,0.0,1,0,,,,,,,35.0,13.0,,,,,15.0,,12.0,4.0,,,,,,,,,,,,,28.0,28.0,,,,,,,Football Players Stats 2025-2026
2025-26,serie_a_league,David Odogu,de GER,DF,Milan,19.0,2006.0,2,0,6,0.1,0,0,0,0,0.0,0,0,,,,,,,0.0,0.0,,,,,0.0,,0.0,0.0,,,,,,,,,,,,,0.0,0.0,,,,,,,Football Players Stats 2025-2026
2025-26,serie_a_league,David Okereke,ng NGA,"FW,MF",Cremonese,27.0,1997.0,10,3,403,4.5,2,0,0,0,0.0,0,1,,,,,,,8.0,5.0,,,,,5.0,,0.0,1.0,,,,,,,,,,,,,1.0,4.0,,,,,,,Football Players Stats 2025-2026
2025-26,serie_a_league,Maduka Okoye,ng NGA,GK,Udinese,25.0,1999.0,30,30,2616,29.1,0,0,0,0,0.0,1,1,,,,,,,0.0,0.0,,,,,0.0,,0.0,0.0,,,,,,,,,,,,,2.0,4.0,,,10.0,37.0,80.0,1.0,Football Players Stats 2025-2026
2025-26,serie_a_league,Mathías Olivera,uy URU,"DF,MF",Napoli,27.0,1997.0,25,15,1370,15.2,0,0,0,0,0.0,3,0,,,,,,,8.0,3.0,,,,,6.0,,22.0,16.0,,,,,,,,,,,,,17.0,10.0,,,,,,,Football Players Stats 2025-2026
2025-26,serie_a_league,Jean Onana,cm CMR,MF,Genoa,25.0,2000.0,3,0,45,0.5,0,0,0,0,0.0,0,0,,,,,,,1.0,0.0,,,,,1.0,,3.0,1.0,,,,,,,,,,,,,4.0,0.0,,,,,,,Football Players Stats 2025-2026
2025-26,serie_a_league,Jacob Ondrejka,se SWE,"FW,MF",Parma,22.0,2002.0,16,9,773,8.6,0,0,0,0,0.0,2,0,,,,,,,21.0,7.0,,,,,12.0,,2.0,2.0,,,,,,,,,,,,,8.0,14.0,,,,,,,Football Players Stats 2025-2026
2025-26,serie_a_league,Loïs Openda,be BEL,"FW,MF",Juventus,25.0,2000.0,24,6,666,7.4,1,0,0,0,0.0,0,0,,,,,,,26.0,6.0,,,,,7.0,,4.0,1.0,,,,,,,,,,,,,8.0,21.0,,,,,,,Football Players Stats 2025-2026
2025-26,serie_a_league,Gift Orban,ng NGA,FW,Hellas Verona,23.0,2002.0,28,23,2027,22.5,7,2,2,2,0.0,4,1,,,,,,,85.0,28.0,,,,,14.0,,3.0,3.0,,,,,,,,,,,,,22.0,20.0,,,,,,,Football Players Stats 2025-2026
2025-26,serie_a_league,Christian Ordoñez,ar ARG,MF,Parma,21.0,2004.0,28,12,1091,12.1,1,0,0,0,0.0,5,1,,,,,,,10.0,2.0,,,,,12.0,,13.0,9.0,,,,,,,,,,,,,16.0,11.0,,,,,,,Football Players Stats 2025-2026
2025-26,serie_a_league,Gaetano Oristanio,it ITA,"FW,MF",Parma,22.0,2002.0,20,8,859,9.5,1,0,0,0,0.0,1,0,,,,,,,24.0,4.0,,,,,16.0,,6.0,2.0,,,,,,,,,,,,,13.0,20.0,,,,,,,Football Players Stats 2025-2026
2025-26,serie_a_league,Riccardo Orsolini,it ITA,"MF,FW",Bologna,28.0,1997.0,35,26,2111,23.5,10,1,4,6,0.0,2,0,,,,,,,82.0,31.0,,,,,41.0,,15.0,7.0,,,,,,,,,,,,,21.0,44.0,,,,,,,Football Players Stats 2025-2026
2025-26,serie_a_league,Sebastian Otoa,dk DEN,DF,Genoa,21.0,2004.0,13,9,829,9.2,0,0,0,0,1.0,1,0,,,,,,,3.0,2.0,,,,,1.0,,10.0,9.0,,,,,,,,,,,,,5.0,13.0,,,,,,,Football Players Stats 2025-2026
2025-26,serie_a_league,Latif Ouedraogo,bf BFA,DF,Genoa,17.0,2007.0,2,0,51,0.6,0,0,0,0,0.0,0,0,,,,,,,0.0,0.0,,,,,3.0,,1.0,1.0,,,,,,,,,,,,,2.0,2.0,,,,,,,Football Players Stats 2025-2026
2025-26,serie_a_league,Daniel Oyegoke,eng ENG,"MF,DF",Hellas Verona,22.0,2003.0,15,8,594,6.6,0,0,0,0,0.0,2,0,,,,,,,3.0,1.0,,,,,32.0,,9.0,7.0,,,,,,,,,,,,,13.0,5.0,,,,,,,Football Players Stats 2025-2026
2025-26,serie_a_league,Daniele Padelli,it ITA,GK,Udinese,39.0,1985.0,2,2,180,2.0,0,0,0,0,0.0,0,0,,,,,,,0.0,0.0,,,,,0.0,,0.0,0.0,,,,,,,,,,,,,0.0,0.0,,,0.0,2.0,3.0,0.0,Football Players Stats 2025-2026
2025-26,serie_a_league,Alberto Paleari,it ITA,GK,Torino,32.0,1992.0,29,29,2610,29.0,0,0,0,0,0.0,1,0,,,,,,,0.0,0.0,,,,,0.0,,0.0,1.0,,,,,,,,,,,,,0.0,7.0,,,9.0,45.0,82.0,0.0,Football Players Stats 2025-2026
2025-26,serie_a_league,Marco Palestra,it ITA,"MF,DF",Cagliari,20.0,2005.0,37,34,3081,34.2,1,4,0,0,0.0,3,0,,,,,,,29.0,7.0,,,,,106.0,,35.0,19.0,,,,,,,,,,,,,41.0,108.0,,,,,,,Football Players Stats 2025-2026
2025-26,serie_a_league,Matteo Palma,de GER,DF,Udinese,17.0,2008.0,5,1,120,1.3,0,0,0,0,0.0,0,0,,,,,,,0.0,0.0,,,,,1.0,,0.0,3.0,,,,,,,,,,,,,3.0,0.0,,,,,,,Football Players Stats 2025-2026
2025-26,serie_a_league,Fabiano Parisi,it ITA,"MF,FW",Fiorentina,24.0,2000.0,23,18,1520,16.9,1,1,0,0,1.0,6,0,,,,,,,24.0,7.0,,,,,39.0,,14.0,17.0,,,,,,,,,,,,,14.0,66.0,,,,,,,Football Players Stats 2025-2026
2025-26,serie_a_league,Mario Pašalić,hr CRO,MF,Atalanta,30.0,1995.0,33,21,1936,21.5,3,4,0,0,0.0,3,0,,,,,,,24.0,6.0,,,,,11.0,,18.0,13.0,,,,,,,,,,,,,22.0,6.0,,,,,,,Football Players Stats 2025-2026
2025-26,serie_a_league,Patric,es ESP,"MF,DF",Lazio,32.0,1993.0,14,6,667,7.4,0,0,0,0,0.0,2,0,,,,,,,5.0,0.0,,,,,0.0,,0.0,3.0,,,,,,,,,,,,,4.0,2.0,,,,,,,Football Players Stats 2025-2026
2025-26,serie_a_league,Benjamin Pavard,fr FRA,DF,Inter,29.0,1996.0,1,1,90,1.0,0,0,0,0,0.0,0,0,,,,,,,1.0,1.0,,,,,0.0,,1.0,2.0,,,,,,,,,,,,,1.0,0.0,,,,,,,Football Players Stats 2025-2026
2025-26,serie_a_league,Strahinja Pavlović,rs SRB,DF,Milan,24.0,2001.0,34,33,2869,31.9,5,1,0,0,0.0,4,0,,,,,,,26.0,6.0,,,,,15.0,,26.0,20.0,,,,,,,,,,,,,30.0,27.0,,,,,,,Football Players Stats 2025-2026
2025-26,serie_a_league,Leonardo Pavoletti,it ITA,FW,Cagliari,36.0,1988.0,13,1,227,2.5,1,1,0,0,0.0,1,0,,,,,,,6.0,1.0,,,,,0.0,,2.0,1.0,,,,,,,,,,,,,10.0,0.0,,,,,,,Football Players Stats 2025-2026
2025-26,serie_a_league,Martín Payero,ar ARG,MF,Cremonese,26.0,1998.0,25,16,1457,16.2,1,0,0,0,0.0,8,0,,,,,,,23.0,8.0,,,,,34.0,,9.0,10.0,,,,,,,,,,,,,37.0,34.0,,,,,,,Football Players Stats 2025-2026
2025-26,serie_a_league,Nicolás Paz,ar ARG,MF,Como,20.0,2004.0,35,33,2878,32.0,12,6,0,2,0.0,5,0,,,,,,,121.0,48.0,,,,,63.0,,56.0,27.0,,,,,,,,,,,,,54.0,41.0,,,,,,,Football Players Stats 2025-2026
2025-26,serie_a_league,Marcus Pedersen,no NOR,"MF,DF",Torino,25.0,2000.0,29,23,2134,23.7,1,2,0,0,0.0,3,0,,,,,,,15.0,3.0,,,,,110.0,,14.0,10.0,,,,,,,,,,,,,31.0,6.0,,,,,,,Football Players Stats 2025-2026
2025-26,serie_a_league,Pedro,es ESP,"FW,MF",Lazio,38.0,1987.0,29,9,982,10.9,5,2,2,2,0.0,4,0,,,,,,,22.0,11.0,,,,,31.0,,6.0,4.0,,,,,,,,,,,,,10.0,26.0,,,,,,,Football Players Stats 2025-2026
2025-26,serie_a_league,Zé Pedro Figueiredo,pt POR,DF,Cagliari,28.0,1997.0,23,20,1699,18.9,0,1,0,0,0.0,6,0,,,,,,,7.0,0.0,,,,,5.0,,18.0,20.0,,,,,,,,,,,,,29.0,15.0,,,,,,,Football Players Stats 2025-2026
2025-26,serie_a_league,Lorenzo Pellegrini,it ITA,MF,Roma,29.0,1996.0,24,20,1463,16.3,4,2,2,2,0.0,2,0,,,,,,,32.0,12.0,,,,,89.0,,5.0,15.0,,,,,,,,,,,,,20.0,39.0,,,,,,,Football Players Stats 2025-2026
2025-26,serie_a_league,Luca Pellegrini,it ITA,DF,Lazio,26.0,1999.0,24,17,1469,16.3,1,0,0,0,0.0,8,0,,,,,,,7.0,5.0,,,,,51.0,,15.0,17.0,,,,,,,,,,,,,26.0,12.0,,,,,,,Football Players Stats 2025-2026
2025-26,serie_a_league,Mateo Pellegrino,ar ARG,FW,Parma,24.0,2001.0,37,34,2984,33.2,9,1,1,1,0.0,5,0,,,,,,,73.0,22.0,,,,,12.0,,10.0,4.0,,,,,,,,,,,,,87.0,71.0,,,,,,,Football Players Stats 2025-2026
2025-26,serie_a_league,Faris Pemi Moumbagna,cm CMR,FW,Cremonese,25.0,2000.0,5,0,93,1.0,0,0,0,0,0.0,0,0,,,,,,,2.0,0.0,,,,,1.0,,0.0,0.0,,,,,,,,,,,,,1.0,0.0,,,,,,,Football Players Stats 2025-2026
2025-26,serie_a_league,Matías Pérez,cl CHI,DF,Lecce,20.0,2005.0,1,1,31,0.3,0,0,0,0,0.0,0,0,,,,,,,0.0,0.0,,,,,1.0,,0.0,0.0,,,,,,,,,,,,,0.0,0.0,,,,,,,Football Players Stats 2025-2026
2025-26,serie_a_league,Simone Perilli,it ITA,GK,Hellas Verona,30.0,1995.0,3,3,270,3.0,0,0,0,0,0.0,0,0,,,,,,,0.0,0.0,,,,,0.0,,0.0,0.0,,,,,,,,,,,,,0.0,0.0,,,1.0,7.0,8.0,0.0,Football Players Stats 2025-2026
2025-26,serie_a_league,Mattia Perin,it ITA,GK,Juventus,32.0,1992.0,9,9,765,8.5,0,0,0,0,0.0,0,0,,,,,,,0.0,0.0,,,,,0.0,,0.0,0.0,,,,,,,,,,,,,0.0,2.0,,,3.0,9.0,13.0,0.0,Football Players Stats 2025-2026
2025-26,serie_a_league,Máximo Perrone,ar ARG,MF,Como,22.0,2003.0,36,33,2742,30.5,3,4,0,0,0.0,8,0,,,,,,,18.0,9.0,,,,,11.0,,38.0,21.0,,,,,,,,,,,,,43.0,23.0,,,,,,,Football Players Stats 2025-2026
2025-26,serie_a_league,Massimo Pessina,it ITA,GK,Bologna,17.0,2007.0,4,3,353,3.9,0,0,0,0,0.0,0,0,,,,,,,0.0,0.0,,,,,0.0,,0.0,0.0,,,,,,,,,,,,,0.0,1.0,,,3.0,2.0,7.0,0.0,Football Players Stats 2025-2026
2025-26,serie_a_league,Giuseppe Pezzella,it ITA,"MF,DF",Cremonese,27.0,1997.0,31,30,2585,28.7,0,1,0,0,0.0,8,1,,,,,,,6.0,0.0,,,,,128.0,,32.0,11.0,,,,,,,,,,,,,49.0,32.0,,,,,,,Football Players Stats 2025-2026
2025-26,serie_a_league,Gabriele Piccinini,it ITA,MF,Pisa,24.0,2001.0,25,5,875,9.7,0,0,0,0,0.0,3,0,,,,,,,19.0,7.0,,,,,19.0,,16.0,2.0,,,,,,,,,,,,,11.0,12.0,,,,,,,Football Players Stats 2025-2026
2025-26,serie_a_league,Roberto Piccoli,it ITA,FW,Fiorentina,24.0,2001.0,32,16,1672,18.6,4,1,0,0,0.0,1,0,,,,,,,47.0,15.0,,,,,4.0,,1.0,4.0,,,,,,,,,,,,,34.0,40.0,,,,,,,Football Players Stats 2025-2026
2025-26,serie_a_league,Nicholas Pierini,it ITA,"FW,MF",Sassuolo,26.0,1998.0,11,0,142,1.6,0,0,0,0,0.0,1,0,,,,,,,5.0,2.0,,,,,9.0,,4.0,2.0,,,,,,,,,,,,,1.0,3.0,,,,,,,Football Players Stats 2025-2026
2025-26,serie_a_league,Santiago Pierotti,ar ARG,"MF,FW",Lecce,24.0,2001.0,37,31,2597,28.9,1,2,0,0,0.0,4,0,,,,,,,33.0,8.0,,,,,21.0,,51.0,21.0,,,,,,,,,,,,,67.0,23.0,,,,,,,Football Players Stats 2025-2026
2025-26,serie_a_league,Balthazar Pierret,fr FRA,MF,Lecce,25.0,2000.0,3,0,27,0.3,0,0,0,0,0.0,0,0,,,,,,,0.0,0.0,,,,,0.0,,1.0,0.0,,,,,,,,,,,,,0.0,2.0,,,,,,,Football Players Stats 2025-2026
2025-26,serie_a_league,Andrea Pinamonti,it ITA,FW,Sassuolo,26.0,1999.0,36,32,2552,28.4,9,3,0,1,0.0,2,1,,,,,,,73.0,30.0,,,,,9.0,,5.0,2.0,,,,,,,,,,,,,14.0,33.0,,,,,,,Football Players Stats 2025-2026
2025-26,serie_a_league,Jakub Piotrowski,pl POL,MF,Udinese,27.0,1997.0,33,20,1696,18.8,1,1,0,0,0.0,2,0,,,,,,,36.0,9.0,,,,,25.0,,25.0,15.0,,,,,,,,,,,,,29.0,29.0,,,,,,,Football Players Stats 2025-2026
2025-26,serie_a_league,Niccolò Pisilli,it ITA,MF,Roma,20.0,2004.0,25,13,1295,14.4,2,4,0,0,0.0,3,0,,,,,,,19.0,5.0,,,,,15.0,,13.0,24.0,,,,,,,,,,,,,20.0,4.0,,,,,,,Football Players Stats 2025-2026
2025-26,serie_a_league,Tommaso Pobega,it ITA,MF,Bologna,26.0,1999.0,26,17,1434,15.9,3,1,0,0,0.0,2,1,,,,,,,25.0,10.0,,,,,2.0,,19.0,19.0,,,,,,,,,,,,,34.0,12.0,,,,,,,Football Players Stats 2025-2026
2025-26,serie_a_league,Matteo Politano,it ITA,"MF,FW",Napoli,31.0,1993.0,34,26,2200,24.4,2,5,0,0,0.0,4,0,,,,,,,49.0,13.0,,,,,173.0,,10.0,5.0,,,,,,,,,,,,,19.0,28.0,,,,,,,Football Players Stats 2025-2026
2025-26,serie_a_league,Marin Pongračić,hr CRO,DF,Fiorentina,27.0,1997.0,35,33,2918,32.4,0,0,0,0,0.0,12,0,,,,,,,8.0,1.0,,,,,4.0,,17.0,36.0,,,,,,,,,,,,,69.0,21.0,,,,,,,Football Players Stats 2025-2026
2025-26,serie_a_league,Stefan Posch,at AUT,DF,Como,28.0,1997.0,14,3,393,4.4,1,0,0,0,0.0,1,0,,,,,,,8.0,3.0,,,,,10.0,,3.0,4.0,,,,,,,,,,,,,9.0,6.0,,,,,,,Football Players Stats 2025-2026
2025-26,serie_a_league,Matteo Prati,it ITA,MF,Torino,21.0,2003.0,13,7,614,6.8,0,1,0,0,0.0,2,0,,,,,,,12.0,0.0,,,,,2.0,,3.0,5.0,,,,,,,,,,,,,12.0,7.0,,,,,,,Football Players Stats 2025-2026
2025-26,serie_a_league,Matteo Prati,it ITA,MF,Cagliari,21.0,2003.0,20,15,1268,14.1,1,0,0,0,0.0,4,0,,,,,,,19.0,1.0,,,,,13.0,,12.0,15.0,,,,,,,,,,,,,17.0,3.0,,,,,,,Football Players Stats 2025-2026
2025-26,serie_a_league,Ivan Provedel,it ITA,GK,Lazio,31.0,1994.0,27,27,2430,27.0,0,0,0,0,0.0,1,0,,,,,,,0.0,0.0,,,,,0.0,,0.0,0.0,,,,,,,,,,,,,0.0,2.0,,,12.0,27.0,87.0,1.0,Football Players Stats 2025-2026
2025-26,serie_a_league,Adrian Przyborek,pl POL,MF,Lazio,18.0,2007.0,1,0,9,0.1,0,0,0,0,0.0,0,0,,,,,,,1.0,0.0,,,,,0.0,,0.0,0.0,,,,,,,,,,,,,0.0,0.0,,,,,,,Football Players Stats 2025-2026
2025-26,serie_a_league,Christian Pulisic,us USA,FW,Milan,26.0,1998.0,30,18,1609,17.9,8,4,0,1,0.0,0,0,,,,,,,54.0,25.0,,,,,37.0,,8.0,3.0,,,,,,,,,,,,,11.0,23.0,,,,,,,Football Players Stats 2025-2026
2025-26,serie_a_league,Adrien Rabiot,fr FRA,MF,Milan,30.0,1995.0,29,28,2550,28.3,6,4,0,0,0.0,6,1,,,,,,,46.0,12.0,,,,,58.0,,31.0,20.0,,,,,,,,,,,,,35.0,55.0,,,,,,,Football Players Stats 2025-2026
2025-26,serie_a_league,Ylber Ramadani,al ALB,MF,Lecce,29.0,1996.0,37,37,3203,35.6,1,0,0,0,0.0,10,0,,,,,,,34.0,5.0,,,,,16.0,,50.0,44.0,,,,,,,,,,,,,43.0,59.0,,,,,,,Football Players Stats 2025-2026
2025-26,serie_a_league,Jacobo Ramón,es ESP,DF,Como,20.0,2005.0,32,30,2742,30.5,2,0,0,0,0.0,11,1,,,,,,,39.0,9.0,,,,,11.0,,32.0,38.0,,,,,,,,,,,,,33.0,12.0,,,,,,,Football Players Stats 2025-2026
2025-26,serie_a_league,Luca Ranieri,it ITA,DF,Fiorentina,26.0,1999.0,34,29,2458,27.3,1,0,0,0,0.0,8,1,,,,,,,18.0,3.0,,,,,27.0,,24.0,24.0,,,,,,,,,,,,,22.0,27.0,,,,,,,Football Players Stats 2025-2026
2025-26,serie_a_league,Giacomo Raspadori,it ITA,"MF,FW",Atalanta,25.0,2000.0,13,7,796,8.8,3,1,0,0,0.0,0,0,,,,,,,28.0,11.0,,,,,44.0,,3.0,1.0,,,,,,,,,,,,,7.0,6.0,,,,,,,Football Players Stats 2025-2026
2025-26,serie_a_league,Othniel Raterink,nl NED,DF,Cagliari,19.0,2006.0,1,0,7,0.1,0,0,0,0,0.0,0,0,,,,,,,0.0,0.0,,,,,0.0,,0.0,0.0,,,,,,,,,,,,,0.0,0.0,,,,,,,Football Players Stats 2025-2026
2025-26,serie_a_league,Petar Ratkov,rs SRB,FW,Lazio,21.0,2003.0,8,2,233,2.6,0,0,0,0,0.0,0,0,,,,,,,6.0,1.0,,,,,0.0,,2.0,1.0,,,,,,,,,,,,,0.0,3.0,,,,,,,Football Players Stats 2025-2026
2025-26,serie_a_league,Federico Ravaglia,it ITA,GK,Bologna,25.0,1999.0,17,16,1470,16.3,0,0,0,0,0.0,4,0,,,,,,,0.0,0.0,,,,,0.0,,1.0,0.0,,,,,,,,,,,,,2.0,3.0,,,2.0,29.0,52.0,0.0,Football Players Stats 2025-2026
2025-26,serie_a_league,Devyne Rensch,nl NED,MF,Roma,22.0,2003.0,24,12,1184,13.2,1,4,0,0,0.0,1,0,,,,,,,6.0,2.0,,,,,22.0,,15.0,16.0,,,,,,,,,,,,,6.0,18.0,,,,,,,Football Players Stats 2025-2026
2025-26,serie_a_league,Samuele Ricci,it ITA,MF,Milan,23.0,2001.0,31,11,1312,14.6,1,4,0,0,0.0,3,0,,,,,,,18.0,6.0,,,,,28.0,,9.0,9.0,,,,,,,,,,,,,17.0,33.0,,,,,,,Football Players Stats 2025-2026
2025-26,serie_a_league,Amir Richardson,ma MAR,MF,Fiorentina,23.0,2002.0,2,0,42,0.5,0,0,0,0,0.0,0,0,,,,,,,1.0,0.0,,,,,1.0,,1.0,0.0,,,,,,,,,,,,,1.0,3.0,,,,,,,Football Players Stats 2025-2026
2025-26,serie_a_league,Filippo Rinaldi,it ITA,GK,Parma,22.0,2002.0,1,1,90,1.0,0,0,0,0,0.0,1,0,,,,,,,0.0,0.0,,,,,0.0,,0.0,0.0,,,,,,,,,,,,,0.0,0.0,,,1.0,0.0,4.0,0.0,Football Players Stats 2025-2026
2025-26,serie_a_league,Sergi Roberto,es ESP,MF,Como,33.0,1992.0,20,5,544,6.0,0,0,0,0,0.0,3,0,,,,,,,7.0,2.0,,,,,2.0,,7.0,5.0,,,,,,,,,,,,,9.0,9.0,,,,,,,Football Players Stats 2025-2026
2025-26,serie_a_league,Jesus Rodríguez,es ESP,MF,Como,19.0,2005.0,31,18,1731,19.2,2,9,0,0,0.0,3,1,,,,,,,45.0,12.0,,,,,57.0,,17.0,4.0,,,,,,,,,,,,,24.0,32.0,,,,,,,Football Players Stats 2025-2026
2025-26,serie_a_league,Juan Rodríguez,uy URU,DF,Cagliari,20.0,2005.0,17,16,1310,14.6,1,0,0,0,0.0,3,0,,,,,,,3.0,2.0,,,,,5.0,,27.0,17.0,,,,,,,,,,,,,15.0,8.0,,,,,,,Football Players Stats 2025-2026
2025-26,serie_a_league,Filippo Romagna,it ITA,DF,Sassuolo,28.0,1997.0,5,4,313,3.5,0,0,0,0,0.0,0,0,,,,,,,2.0,0.0,,,,,1.0,,1.0,5.0,,,,,,,,,,,,,0.0,1.0,,,,,,,Football Players Stats 2025-2026
2025-26,serie_a_league,Alessio Romagnoli,it ITA,DF,Lazio,30.0,1995.0,32,31,2666,29.6,0,0,0,0,0.0,6,1,,,,,,,9.0,4.0,,,,,2.0,,14.0,32.0,,,,,,,,,,,,,18.0,15.0,,,,,,,Football Players Stats 2025-2026
2025-26,serie_a_league,Alessandro Romano,ch SUI,MF,Roma,19.0,2006.0,2,0,8,0.1,0,0,0,0,0.0,0,0,,,,,,,0.0,0.0,,,,,0.0,,0.0,0.0,,,,,,,,,,,,,2.0,0.0,,,,,,,Football Players Stats 2025-2026
2025-26,serie_a_league,Marten de Roon,nl NED,MF,Atalanta,34.0,1991.0,34,32,2691,29.9,1,2,0,0,0.0,8,1,,,,,,,16.0,4.0,,,,,13.0,,44.0,26.0,,,,,,,,,,,,,37.0,11.0,,,,,,,Football Players Stats 2025-2026
2025-26,serie_a_league,Nicolò Rovella,it ITA,MF,Lazio,23.0,2001.0,11,6,512,5.7,0,1,0,0,0.0,2,1,,,,,,,1.0,0.0,,,,,11.0,,10.0,9.0,,,,,,,,,,,,,7.0,12.0,,,,,,,Football Players Stats 2025-2026
2025-26,serie_a_league,Jonathan Rowe,eng ENG,"MF,FW",Bologna,22.0,2003.0,28,17,1605,17.8,3,2,0,0,0.0,2,0,,,,,,,48.0,17.0,,,,,53.0,,14.0,9.0,,,,,,,,,,,,,23.0,50.0,,,,,,,Football Players Stats 2025-2026
2025-26,serie_a_league,Amir Rrahmani,xk KVX,DF,Napoli,31.0,1994.0,21,21,1795,19.9,2,1,0,0,0.0,2,0,,,,,,,15.0,4.0,,,,,1.0,,12.0,22.0,,,,,,,,,,,,,20.0,16.0,,,,,,,Football Players Stats 2025-2026
2025-26,serie_a_league,Daniele Rugani,it ITA,DF,Fiorentina,31.0,1994.0,6,4,327,3.6,0,0,0,0,0.0,2,0,,,,,,,1.0,0.0,,,,,0.0,,4.0,5.0,,,,,,,,,,,,,7.0,0.0,,,,,,,Football Players Stats 2025-2026
2025-26,serie_a_league,Daniele Rugani,it ITA,DF,Juventus,31.0,1994.0,6,3,250,2.8,0,0,0,0,0.0,0,0,,,,,,,0.0,0.0,,,,,0.0,,3.0,5.0,,,,,,,,,,,,,2.0,0.0,,,,,,,Football Players Stats 2025-2026
2025-26,serie_a_league,Stefano Sabelli,it ITA,"MF,DF",Genoa,32.0,1993.0,16,12,913,10.1,0,0,0,0,1.0,0,0,,,,,,,8.0,0.0,,,,,27.0,,14.0,3.0,,,,,,,,,,,,,6.0,19.0,,,,,,,Football Players Stats 2025-2026
2025-26,serie_a_league,Abdelhamid Sabiri,ma MAR,MF,Fiorentina,28.0,1996.0,1,0,27,0.3,0,0,0,0,0.0,0,0,,,,,,,1.0,0.0,,,,,4.0,,2.0,0.0,,,,,,,,,,,,,1.0,1.0,,,,,,,Football Players Stats 2025-2026
2025-26,serie_a_league,Alexis Saelemaekers,be BEL,MF,Milan,26.0,1999.0,35,33,2788,31.0,3,3,0,0,0.0,5,0,,,,,,,43.0,11.0,,,,,82.0,,38.0,30.0,,,,,,,,,,,,,26.0,64.0,,,,,,,Football Players Stats 2025-2026
2025-26,serie_a_league,Álex Sala,es ESP,MF,Lecce,24.0,2001.0,9,2,167,1.9,0,1,0,0,0.0,0,0,,,,,,,4.0,2.0,,,,,11.0,,2.0,3.0,,,,,,,,,,,,,6.0,5.0,,,,,,,Football Players Stats 2025-2026
2025-26,serie_a_league,Lazar Samardzic,rs SRB,MF,Atalanta,23.0,2002.0,26,11,1030,11.4,2,1,0,0,0.0,1,0,,,,,,,25.0,9.0,,,,,68.0,,8.0,10.0,,,,,,,,,,,,,17.0,10.0,,,,,,,Football Players Stats 2025-2026
2025-26,serie_a_league,Antonio Sanabria,py PAR,FW,Cremonese,29.0,1996.0,25,10,945,10.5,1,1,0,0,0.0,2,0,,,,,,,12.0,4.0,,,,,2.0,,2.0,1.0,,,,,,,,,,,,,15.0,15.0,,,,,,,Football Players Stats 2025-2026
2025-26,serie_a_league,Yellu Santiago,es ESP,MF,Hellas Verona,21.0,2004.0,2,0,6,0.1,0,0,0,0,0.0,0,0,,,,,,,2.0,1.0,,,,,0.0,,0.0,0.0,,,,,,,,,,,,,0.0,1.0,,,,,,,Football Players Stats 2025-2026
2025-26,serie_a_league,Alisson Santos,br BRA,"MF,FW",Napoli,22.0,2002.0,14,9,834,9.3,4,0,0,0,0.0,1,0,,,,,,,29.0,16.0,,,,,42.0,,8.0,2.0,,,,,,,,,,,,,4.0,8.0,,,,,,,Football Players Stats 2025-2026
2025-26,serie_a_league,Jeremy Sarmiento,ec ECU,MF,Cremonese,23.0,2002.0,7,0,142,1.6,0,0,0,0,0.0,0,0,,,,,,,2.0,2.0,,,,,2.0,,2.0,2.0,,,,,,,,,,,,,0.0,1.0,,,,,,,Football Players Stats 2025-2026
2025-26,serie_a_league,Amin Sarr,se SWE,"FW,MF",Hellas Verona,24.0,2001.0,34,9,1102,12.2,0,1,0,0,0.0,2,1,,,,,,,19.0,6.0,,,,,12.0,,9.0,4.0,,,,,,,,,,,,,25.0,22.0,,,,,,,Football Players Stats 2025-2026
2025-26,serie_a_league,Razvan Sava,ro ROU,GK,Udinese,23.0,2002.0,7,6,620,6.9,0,0,0,0,0.0,1,0,,,,,,,0.0,0.0,,,,,0.0,,0.0,0.0,,,,,,,,,,,,,0.0,0.0,,,1.0,14.0,14.0,0.0,Football Players Stats 2025-2026
2025-26,serie_a_league,Giorgio Scalvini,it ITA,DF,Atalanta,21.0,2003.0,24,23,1808,20.1,3,1,0,0,0.0,2,0,,,,,,,20.0,6.0,,,,,5.0,,23.0,38.0,,,,,,,,,,,,,31.0,10.0,,,,,,,Football Players Stats 2025-2026
2025-26,serie_a_league,Gianluca Scamacca,it ITA,FW,Atalanta,26.0,1999.0,24,16,1315,14.6,10,1,2,2,0.0,2,0,,,,,,,57.0,22.0,,,,,0.0,,5.0,3.0,,,,,,,,,,,,,26.0,19.0,,,,,,,Football Players Stats 2025-2026
2025-26,serie_a_league,Simone Scuffet,it ITA,GK,Pisa,29.0,1996.0,7,7,630,7.0,0,0,0,0,0.0,0,0,,,,,,,0.0,0.0,,,,,0.0,,0.0,0.0,,,,,,,,,,,,,0.0,4.0,,,1.0,15.0,14.0,0.0,Football Players Stats 2025-2026
2025-26,serie_a_league,Adrian Šemper,hr CRO,GK,Pisa,27.0,1998.0,25,25,2250,25.0,0,0,0,0,0.0,0,0,,,,,,,0.0,0.0,,,,,0.0,,0.0,0.0,,,,,,,,,,,,,0.0,6.0,,,4.0,42.0,82.0,0.0,Football Players Stats 2025-2026
2025-26,serie_a_league,Suat Serdar,de GER,MF,Hellas Verona,28.0,1997.0,20,12,1108,12.3,2,0,0,0,0.0,3,0,,,,,,,19.0,7.0,,,,,7.0,,20.0,10.0,,,,,,,,,,,,,19.0,12.0,,,,,,,Football Players Stats 2025-2026
2025-26,serie_a_league,Stephan El Shaarawy,it ITA,"MF,FW",Roma,32.0,1992.0,20,5,666,7.4,1,2,0,0,0.0,4,0,,,,,,,18.0,7.0,,,,,16.0,,7.0,6.0,,,,,,,,,,,,,10.0,7.0,,,,,,,Football Players Stats 2025-2026
2025-26,serie_a_league,Jamil Siebert,de GER,DF,Lecce,23.0,2002.0,21,18,1701,18.9,1,0,0,0,0.0,3,0,,,,,,,6.0,2.0,,,,,5.0,,15.0,15.0,,,,,,,,,,,,,22.0,7.0,,,,,,,Football Players Stats 2025-2026
2025-26,serie_a_league,Marco Silvestri,it ITA,GK,Cremonese,34.0,1991.0,4,4,360,4.0,0,0,0,0,0.0,0,0,,,,,,,0.0,0.0,,,,,0.0,,0.0,0.0,,,,,,,,,,,,,0.0,0.0,,,0.0,7.0,15.0,0.0,Football Players Stats 2025-2026
2025-26,serie_a_league,Giovanni Simeone,ar ARG,FW,Torino,30.0,1995.0,32,27,2230,24.8,11,0,0,0,0.0,1,0,,,,,,,78.0,28.0,,,,,9.0,,9.0,5.0,,,,,,,,,,,,,31.0,41.0,,,,,,,Football Players Stats 2025-2026
2025-26,serie_a_league,Leo Skiri Østigård,no NOR,DF,Genoa,25.0,1999.0,30,30,2622,29.1,5,1,0,0,0.0,7,0,,,,,,,22.0,12.0,,,,,1.0,,27.0,30.0,,,,,,,,,,,,,38.0,15.0,,,,,,,Football Players Stats 2025-2026
2025-26,serie_a_league,Laurs Skjellerup,dk DEN,FW,Sassuolo,22.0,2002.0,1,0,10,0.1,0,0,0,0,0.0,0,0,,,,,,,1.0,0.0,,,,,0.0,,0.0,0.0,,,,,,,,,,,,,0.0,0.0,,,,,,,Football Players Stats 2025-2026
2025-26,serie_a_league,Łukasz Skorupski,pl POL,GK,Bologna,34.0,1991.0,19,19,1592,17.7,0,0,0,0,0.0,1,1,,,,,,,0.0,0.0,,,,,0.0,,0.0,0.0,,,,,,,,,,,,,1.0,8.0,,,8.0,18.0,33.0,0.0,Football Players Stats 2025-2026
2025-26,serie_a_league,Tobias Slotsager,dk DEN,DF,Hellas Verona,19.0,2006.0,8,4,446,5.0,0,0,0,0,0.0,0,0,,,,,,,3.0,1.0,,,,,2.0,,7.0,3.0,,,,,,,,,,,,,3.0,5.0,,,,,,,Football Players Stats 2025-2026
2025-26,serie_a_league,Ivan Smolčić,hr CRO,DF,Como,24.0,2000.0,28,19,1662,18.5,0,1,0,0,0.0,8,0,,,,,,,12.0,4.0,,,,,29.0,,24.0,23.0,,,,,,,,,,,,,26.0,17.0,,,,,,,Football Players Stats 2025-2026
2025-26,serie_a_league,Simon Sohm,ch SUI,MF,Bologna,24.0,2001.0,12,9,717,8.0,0,0,0,0,0.0,1,0,,,,,,,4.0,1.0,,,,,2.0,,5.0,3.0,,,,,,,,,,,,,9.0,3.0,,,,,,,Football Players Stats 2025-2026
2025-26,serie_a_league,Simon Sohm,ch SUI,MF,Fiorentina,24.0,2001.0,16,9,708,7.9,0,1,0,0,0.0,2,0,,,,,,,5.0,0.0,,,,,5.0,,7.0,6.0,,,,,,,,,,,,,15.0,11.0,,,,,,,Football Players Stats 2025-2026
2025-26,serie_a_league,Oumar Solet,fr FRA,DF,Udinese,25.0,2000.0,35,34,2959,32.9,3,1,1,1,1.0,1,0,,,,,,,33.0,6.0,,,,,20.0,,57.0,47.0,,,,,,,,,,,,,30.0,29.0,,,,,,,Football Players Stats 2025-2026
2025-26,serie_a_league,Manor Solomon,il ISR,"FW,MF",Fiorentina,26.0,1999.0,16,9,890,9.9,2,1,0,0,0.0,1,0,,,,,,,11.0,4.0,,,,,47.0,,11.0,0.0,,,,,,,,,,,,,2.0,16.0,,,,,,,Football Players Stats 2025-2026
2025-26,serie_a_league,Daniele Sommariva,it ITA,GK,Genoa,28.0,1997.0,2,1,176,2.0,0,0,0,0,0.0,0,0,,,,,,,0.0,0.0,,,,,0.0,,0.0,0.0,,,,,,,,,,,,,0.0,1.0,,,0.0,4.0,8.0,0.0,Football Players Stats 2025-2026
2025-26,serie_a_league,Yann Sommer,ch SUI,GK,Inter,36.0,1988.0,33,33,2960,32.9,0,0,0,0,0.0,0,0,,,,,,,0.0,0.0,,,,,0.0,,0.0,0.0,,,,,,,,,,,,,0.0,2.0,,,15.0,30.0,64.0,0.0,Football Players Stats 2025-2026
2025-26,serie_a_league,Riccardo Sottil,it ITA,"FW,MF",Lecce,26.0,1999.0,21,13,1066,11.8,1,2,0,0,0.0,1,0,,,,,,,20.0,3.0,,,,,100.0,,2.0,2.0,,,,,,,,,,,,,10.0,27.0,,,,,,,Football Players Stats 2025-2026
2025-26,serie_a_league,Matìas Soulé,ar ARG,"MF,FW",Roma,22.0,2003.0,33,28,2139,23.8,6,5,0,0,0.0,1,0,,,,,,,52.0,18.0,,,,,70.0,,15.0,9.0,,,,,,,,,,,,,7.0,41.0,,,,,,,Football Players Stats 2025-2026
2025-26,serie_a_league,Leonardo Spinazzola,it ITA,"MF,DF",Napoli,32.0,1993.0,32,22,1901,21.1,3,3,0,0,0.0,2,0,,,,,,,21.0,7.0,,,,,73.0,,10.0,4.0,,,,,,,,,,,,,9.0,10.0,,,,,,,Football Players Stats 2025-2026
2025-26,serie_a_league,Marco Sportiello,it ITA,GK,Atalanta,33.0,1992.0,1,1,90,1.0,0,0,0,0,0.0,0,0,,,,,,,0.0,0.0,,,,,0.0,,0.0,0.0,,,,,,,,,,,,,0.0,0.0,,,0.0,1.0,3.0,0.0,Football Players Stats 2025-2026
2025-26,serie_a_league,Nicolae Stanciu,ro ROU,MF,Genoa,32.0,1993.0,4,2,180,2.0,0,0,0,1,0.0,0,0,,,,,,,5.0,0.0,,,,,9.0,,3.0,3.0,,,,,,,,,,,,,1.0,2.0,,,,,,,Football Players Stats 2025-2026
2025-26,serie_a_league,Calvin Stengs,nl NED,"FW,MF",Pisa,26.0,1998.0,4,0,46,0.5,0,0,0,0,0.0,0,0,,,,,,,2.0,1.0,,,,,3.0,,0.0,0.0,,,,,,,,,,,,,0.0,2.0,,,,,,,Football Players Stats 2025-2026
2025-26,serie_a_league,Filip Stojilković,ch SUI,"FW,MF",Pisa,25.0,2000.0,13,8,658,7.3,0,0,0,0,0.0,0,0,,,,,,,10.0,4.0,,,,,3.0,,1.0,0.0,,,,,,,,,,,,,8.0,0.0,,,,,,,Football Players Stats 2025-2026
2025-26,serie_a_league,Gabriel Strefezza,br BRA,FW,Parma,28.0,1997.0,14,13,1007,11.2,2,2,0,0,0.0,3,0,,,,,,,24.0,7.0,,,,,41.0,,12.0,5.0,,,,,,,,,,,,,21.0,28.0,,,,,,,Football Players Stats 2025-2026
2025-26,serie_a_league,Nikola Štulić,rs SRB,FW,Lecce,23.0,2001.0,34,20,1709,19.0,4,0,1,1,0.0,1,0,,,,,,,33.0,9.0,,,,,1.0,,7.0,2.0,,,,,,,,,,,,,37.0,26.0,,,,,,,Football Players Stats 2025-2026
2025-26,serie_a_league,Petar Sucic,hr CRO,MF,Inter,21.0,2003.0,34,21,1765,19.6,2,2,0,0,0.0,5,0,,,,,,,22.0,6.0,,,,,43.0,,25.0,9.0,,,,,,,,,,,,,30.0,25.0,,,,,,,Football Players Stats 2025-2026
2025-26,serie_a_league,Ibrahim Sulemana,gh GHA,MF,Bologna,22.0,2003.0,3,0,45,0.5,0,0,0,0,0.0,1,0,,,,,,,0.0,0.0,,,,,0.0,,0.0,0.0,,,,,,,,,,,,,1.0,0.0,,,,,,,Football Players Stats 2025-2026
2025-26,serie_a_league,Ibrahim Sulemana,gh GHA,MF,Cagliari,22.0,2003.0,16,7,860,9.6,1,0,0,0,0.0,2,0,,,,,,,11.0,2.0,,,,,2.0,,13.0,6.0,,,,,,,,,,,,,12.0,10.0,,,,,,,Football Players Stats 2025-2026
2025-26,serie_a_league,Kamaldeen Sulemana,gh GHA,MF,Atalanta,23.0,2002.0,25,9,1011,11.2,2,1,0,0,0.0,4,0,,,,,,,25.0,10.0,,,,,22.0,,5.0,2.0,,,,,,,,,,,,,14.0,14.0,,,,,,,Football Players Stats 2025-2026
2025-26,serie_a_league,Tomáš Suslov,sk SVK,FW,Hellas Verona,23.0,2002.0,11,5,446,5.0,0,0,0,0,0.0,1,1,,,,,,,12.0,4.0,,,,,21.0,,6.0,1.0,,,,,,,,,,,,,9.0,12.0,,,,,,,Football Players Stats 2025-2026
2025-26,serie_a_league,Zion Suzuki,jp JPN,GK,Parma,22.0,2002.0,20,20,1800,20.0,0,0,0,0,0.0,1,0,,,,,,,0.0,0.0,,,,,0.0,,0.0,0.0,,,,,,,,,,,,,0.0,4.0,,,5.0,28.0,65.0,1.0,Football Players Stats 2025-2026
2025-26,serie_a_league,Mile Svilar,rs SRB,GK,Roma,25.0,1999.0,38,38,3420,38.0,0,0,0,0,0.0,0,0,,,,,,,0.0,0.0,,,,,0.0,,1.0,1.0,,,,,,,,,,,,,0.0,8.0,,,18.0,31.0,107.0,0.0,Football Players Stats 2025-2026
2025-26,serie_a_league,Adrien Tameze,cm CMR,DF,Torino,31.0,1994.0,24,12,1120,12.4,0,0,0,0,0.0,3,0,,,,,,,5.0,0.0,,,,,14.0,,12.0,19.0,,,,,,,,,,,,,16.0,7.0,,,,,,,Football Players Stats 2025-2026
2025-26,serie_a_league,Nuno Tavares,pt POR,DF,Lazio,25.0,2000.0,23,17,1473,16.4,0,0,0,0,0.0,5,0,,,,,,,16.0,1.0,,,,,99.0,,21.0,18.0,,,,,,,,,,,,,20.0,22.0,,,,,,,Football Players Stats 2025-2026
2025-26,serie_a_league,Kenneth Taylor,nl NED,MF,Lazio,23.0,2002.0,17,17,1394,15.5,3,2,0,0,0.0,5,0,,,,,,,16.0,6.0,,,,,9.0,,11.0,9.0,,,,,,,,,,,,,17.0,13.0,,,,,,,Football Players Stats 2025-2026
2025-26,serie_a_league,Filippo Terracciano,it ITA,DF,Cremonese,22.0,2003.0,36,33,3011,33.5,2,0,0,0,2.0,6,0,,,,,,,14.0,4.0,,,,,27.0,,23.0,56.0,,,,,,,,,,,,,18.0,26.0,,,,,,,Football Players Stats 2025-2026
2025-26,serie_a_league,Pietro Terracciano,it ITA,GK,Milan,35.0,1990.0,2,1,125,1.4,0,0,0,0,0.0,0,0,,,,,,,0.0,0.0,,,,,0.0,,0.0,0.0,,,,,,,,,,,,,0.0,0.0,,,2.0,0.0,4.0,0.0,Football Players Stats 2025-2026
2025-26,serie_a_league,Morten Thorsby,no NOR,MF,Genoa,29.0,1996.0,13,8,731,8.1,2,1,0,0,0.0,2,0,,,,,,,10.0,4.0,,,,,5.0,,1.0,3.0,,,,,,,,,,,,,15.0,5.0,,,,,,,Football Players Stats 2025-2026
2025-26,serie_a_league,Morten Thorsby,no NOR,MF,Cremonese,29.0,1996.0,11,8,643,7.1,1,0,0,0,0.0,2,0,,,,,,,11.0,4.0,,,,,0.0,,6.0,3.0,,,,,,,,,,,,,10.0,6.0,,,,,,,Football Players Stats 2025-2026
2025-26,serie_a_league,Kristian Thorstvedt,no NOR,MF,Sassuolo,26.0,1999.0,32,27,2460,27.3,4,4,0,0,0.0,9,0,,,,,,,43.0,13.0,,,,,13.0,,20.0,31.0,,,,,,,,,,,,,34.0,57.0,,,,,,,Football Players Stats 2025-2026
2025-26,serie_a_league,Khéphren Thuram,fr FRA,MF,Juventus,24.0,2001.0,35,30,2442,27.1,3,3,0,0,0.0,2,0,,,,,,,50.0,15.0,,,,,16.0,,32.0,12.0,,,,,,,,,,,,,38.0,12.0,,,,,,,Football Players Stats 2025-2026
2025-26,serie_a_league,Marcus Thuram,fr FRA,FW,Inter,27.0,1997.0,29,24,1900,21.1,13,6,0,0,0.0,2,0,,,,,,,74.0,29.0,,,,,21.0,,13.0,1.0,,,,,,,,,,,,,43.0,41.0,,,,,,,Football Players Stats 2025-2026
2025-26,serie_a_league,Fikayo Tomori,eng ENG,DF,Milan,27.0,1997.0,33,31,2554,28.4,0,2,0,0,0.0,8,1,,,,,,,9.0,2.0,,,,,17.0,,40.0,28.0,,,,,,,,,,,,,36.0,7.0,,,,,,,Football Players Stats 2025-2026
2025-26,serie_a_league,Luka Topalović,si SVN,MF,Inter,19.0,2006.0,1,0,10,0.1,0,1,0,0,0.0,0,0,,,,,,,0.0,0.0,,,,,0.0,,0.0,0.0,,,,,,,,,,,,,0.0,0.0,,,,,,,Football Players Stats 2025-2026
2025-26,serie_a_league,Idrissa Touré,de GER,MF,Pisa,27.0,1998.0,32,26,2279,25.3,1,0,0,0,0.0,4,1,,,,,,,29.0,8.0,,,,,67.0,,28.0,25.0,,,,,,,,,,,,,23.0,19.0,,,,,,,Football Players Stats 2025-2026
2025-26,serie_a_league,Mattéo Tramoni,fr FRA,"MF,FW",Pisa,25.0,2000.0,27,21,1600,17.8,2,2,1,1,0.0,3,0,,,,,,,28.0,9.0,,,,,68.0,,21.0,15.0,,,,,,,,,,,,,16.0,15.0,,,,,,,Football Players Stats 2025-2026
2025-26,serie_a_league,Yael Trepy,,FW,Cagliari,,,8,0,91,1.0,1,0,0,0,0.0,0,0,,,,,,,7.0,2.0,,,,,7.0,,1.0,0.0,,,,,,,,,,,,,1.0,2.0,,,,,,,Football Players Stats 2025-2026
2025-26,serie_a_league,Mariano Troilo,ar ARG,DF,Parma,22.0,2003.0,21,18,1625,18.1,1,0,0,0,0.0,8,2,,,,,,,9.0,2.0,,,,,1.0,,18.0,16.0,,,,,,,,,,,,,27.0,20.0,,,,,,,Football Players Stats 2025-2026
2025-26,serie_a_league,Kostas Tsimikas,gr GRE,MF,Roma,29.0,1996.0,18,6,644,7.2,0,0,0,0,0.0,1,0,,,,,,,7.0,0.0,,,,,43.0,,5.0,8.0,,,,,,,,,,,,,9.0,8.0,,,,,,,Football Players Stats 2025-2026
2025-26,serie_a_league,Stefano Turati,it ITA,GK,Sassuolo,23.0,2001.0,6,6,532,5.9,0,0,0,0,0.0,0,0,,,,,,,0.0,0.0,,,,,0.0,,0.0,1.0,,,,,,,,,,,,,0.0,1.0,,,2.0,7.0,15.0,0.0,Football Players Stats 2025-2026
2025-26,serie_a_league,Lautaro Valenti,ar ARG,DF,Parma,26.0,1999.0,27,25,2252,25.0,0,0,0,0,0.0,7,0,,,,,,,17.0,4.0,,,,,20.0,,30.0,26.0,,,,,,,,,,,,,25.0,17.0,,,,,,,Football Players Stats 2025-2026
2025-26,serie_a_league,Nicolás Valentini,ar ARG,DF,Hellas Verona,24.0,2001.0,21,15,1409,15.7,0,0,0,0,0.0,8,1,,,,,,,16.0,7.0,,,,,15.0,,18.0,16.0,,,,,,,,,,,,,30.0,7.0,,,,,,,Football Players Stats 2025-2026
2025-26,serie_a_league,Emanuele Valeri,it ITA,"MF,DF",Parma,26.0,1998.0,34,29,2643,29.4,0,2,0,0,0.0,2,0,,,,,,,23.0,5.0,,,,,234.0,,32.0,20.0,,,,,,,,,,,,,23.0,26.0,,,,,,,Football Players Stats 2025-2026
2025-26,serie_a_league,Álex Valle,es ESP,DF,Como,21.0,2004.0,28,23,2026,22.5,1,4,0,0,0.0,3,0,,,,,,,11.0,2.0,,,,,45.0,,31.0,24.0,,,,,,,,,,,,,34.0,19.0,,,,,,,Football Players Stats 2025-2026
2025-26,serie_a_league,Ignace Van Der Brempt,be BEL,DF,Como,23.0,2002.0,20,11,931,10.3,0,1,0,0,0.0,2,0,,,,,,,3.0,0.0,,,,,11.0,,14.0,8.0,,,,,,,,,,,,,19.0,15.0,,,,,,,Football Players Stats 2025-2026
2025-26,serie_a_league,Jari Vandeputte,be BEL,MF,Cremonese,29.0,1996.0,32,23,1944,21.6,1,5,0,0,0.0,3,0,,,,,,,20.0,8.0,,,,,162.0,,21.0,18.0,,,,,,,,,,,,,34.0,25.0,,,,,,,Football Players Stats 2025-2026
2025-26,serie_a_league,Jamie Vardy,eng ENG,FW,Cremonese,38.0,1987.0,29,24,2105,23.4,7,2,0,0,0.0,5,0,,,,,,,30.0,14.0,,,,,14.0,,10.0,3.0,,,,,,,,,,,,,19.0,21.0,,,,,,,Football Players Stats 2025-2026
2025-26,serie_a_league,Johan Vásquez,mx MEX,DF,Genoa,26.0,1998.0,36,36,3215,35.7,1,0,0,0,0.0,2,0,,,,,,,24.0,6.0,,,,,24.0,,38.0,46.0,,,,,,,,,,,,,23.0,46.0,,,,,,,Football Players Stats 2025-2026
2025-26,serie_a_league,Dominic Vavassori,it ITA,FW,Atalanta,19.0,2005.0,1,0,10,0.1,0,0,0,0,0.0,0,0,,,,,,,0.0,0.0,,,,,0.0,,0.0,0.0,,,,,,,,,,,,,1.0,1.0,,,,,,,Football Players Stats 2025-2026
2025-26,serie_a_league,Robinio Vaz,fr FRA,FW,Roma,18.0,2007.0,12,0,216,2.4,1,0,0,0,0.0,0,0,,,,,,,5.0,2.0,,,,,3.0,,0.0,2.0,,,,,,,,,,,,,2.0,12.0,,,,,,,Football Players Stats 2025-2026
2025-26,serie_a_league,Franco Vázquez,ar ARG,"FW,MF",Cremonese,36.0,1989.0,15,4,524,5.8,1,1,0,0,0.0,1,0,,,,,,,12.0,4.0,,,,,19.0,,12.0,4.0,,,,,,,,,,,,,9.0,16.0,,,,,,,Football Players Stats 2025-2026
2025-26,serie_a_league,Matías Vecino,uy URU,MF,Lazio,33.0,1991.0,13,5,603,6.7,0,1,0,0,0.0,1,0,,,,,,,7.0,1.0,,,,,0.0,,9.0,7.0,,,,,,,,,,,,,8.0,3.0,,,,,,,Football Players Stats 2025-2026
2025-26,serie_a_league,Danilo Veiga,pt POR,DF,Lecce,22.0,2002.0,36,33,3020,33.6,0,1,0,0,0.0,9,0,,,,,,,6.0,2.0,,,,,89.0,,53.0,32.0,,,,,,,,,,,,,46.0,47.0,,,,,,,Football Players Stats 2025-2026
2025-26,serie_a_league,Lorenzo Venturino,it ITA,FW,Genoa,19.0,2006.0,2,0,40,0.4,0,0,0,0,0.0,0,0,,,,,,,1.0,1.0,,,,,8.0,,0.0,0.0,,,,,,,,,,,,,1.0,0.0,,,,,,,Football Players Stats 2025-2026
2025-26,serie_a_league,Lorenzo Venturino,it ITA,MF,Roma,19.0,2006.0,10,1,207,2.3,0,0,0,0,0.0,0,0,,,,,,,4.0,0.0,,,,,28.0,,0.0,0.0,,,,,,,,,,,,,0.0,3.0,,,,,,,Football Players Stats 2025-2026
2025-26,serie_a_league,Antonio Vergara,it ITA,MF,Napoli,22.0,2003.0,12,8,612,6.8,1,2,0,0,0.0,2,0,,,,,,,10.0,3.0,,,,,11.0,,9.0,4.0,,,,,,,,,,,,,17.0,20.0,,,,,,,Football Players Stats 2025-2026
2025-26,serie_a_league,Ioan Vermeșan,ro ROU,FW,Hellas Verona,18.0,2006.0,6,0,80,0.9,0,0,0,0,0.0,0,0,,,,,,,4.0,1.0,,,,,0.0,,0.0,0.0,,,,,,,,,,,,,0.0,1.0,,,,,,,Football Players Stats 2025-2026
2025-26,serie_a_league,Mattia Viti,it ITA,"MF,DF",Fiorentina,23.0,2002.0,10,2,265,2.9,0,0,0,0,0.0,3,1,,,,,,,0.0,0.0,,,,,0.0,,4.0,3.0,,,,,,,,,,,,,9.0,4.0,,,,,,,Football Players Stats 2025-2026
2025-26,serie_a_league,Martin Vitík,cz CZE,DF,Bologna,22.0,2003.0,19,14,1325,14.7,0,0,0,0,0.0,3,0,,,,,,,8.0,2.0,,,,,2.0,,22.0,8.0,,,,,,,,,,,,,23.0,4.0,,,,,,,Football Players Stats 2025-2026
2025-26,serie_a_league,Vitinha,pt POR,"FW,MF",Genoa,25.0,2000.0,35,28,2226,24.7,5,1,0,0,0.0,5,0,,,,,,,65.0,20.0,,,,,67.0,,32.0,14.0,,,,,,,,,,,,,33.0,68.0,,,,,,,Football Players Stats 2025-2026
2025-26,serie_a_league,Dušan Vlahović,rs SRB,FW,Juventus,25.0,2000.0,19,11,968,10.8,7,1,1,1,0.0,0,0,,,,,,,49.0,18.0,,,,,3.0,,3.0,2.0,,,,,,,,,,,,,9.0,18.0,,,,,,,Football Players Stats 2025-2026
2025-26,serie_a_league,Nikola Vlašić,hr CRO,"MF,FW",Torino,27.0,1997.0,37,36,3043,33.8,8,3,5,5,0.0,7,0,,,,,,,49.0,17.0,,,,,48.0,,39.0,22.0,,,,,,,,,,,,,44.0,45.0,,,,,,,Football Players Stats 2025-2026
2025-26,serie_a_league,Mërgim Vojvoda,xk KVX,"MF,DF",Como,30.0,1995.0,30,19,1591,17.7,2,2,0,0,0.0,2,0,,,,,,,18.0,7.0,,,,,66.0,,4.0,14.0,,,,,,,,,,,,,15.0,12.0,,,,,,,Football Players Stats 2025-2026
2025-26,serie_a_league,Cristian Volpato,it ITA,FW,Sassuolo,21.0,2003.0,24,11,1064,11.8,2,4,0,0,0.0,4,0,,,,,,,21.0,7.0,,,,,49.0,,11.0,6.0,,,,,,,,,,,,,19.0,11.0,,,,,,,Football Players Stats 2025-2026
2025-26,serie_a_league,Aster Vranckx,be BEL,MF,Sassuolo,22.0,2002.0,16,9,690,7.7,0,0,0,0,0.0,2,0,,,,,,,3.0,1.0,,,,,5.0,,9.0,0.0,,,,,,,,,,,,,16.0,17.0,,,,,,,Football Players Stats 2025-2026
2025-26,serie_a_league,Stefan de Vrij,nl NED,DF,Inter,33.0,1992.0,11,8,670,7.4,0,0,0,0,0.0,1,0,,,,,,,6.0,2.0,,,,,0.0,,12.0,7.0,,,,,,,,,,,,,5.0,5.0,,,,,,,Football Players Stats 2025-2026
2025-26,serie_a_league,İsak Vural,tr TUR,MF,Pisa,19.0,2006.0,15,9,752,8.4,0,0,0,0,0.0,4,0,,,,,,,6.0,1.0,,,,,5.0,,7.0,2.0,,,,,,,,,,,,,16.0,33.0,,,,,,,Football Players Stats 2025-2026
2025-26,serie_a_league,Sebastian Walukiewicz,pl POL,DF,Sassuolo,25.0,2000.0,34,33,2852,31.7,0,1,0,0,0.0,7,0,,,,,,,7.0,0.0,,,,,45.0,,34.0,23.0,,,,,,,,,,,,,35.0,13.0,,,,,,,Football Players Stats 2025-2026
2025-26,serie_a_league,Wesley,br BRA,MF,Roma,21.0,2003.0,30,28,2448,27.2,5,0,0,0,0.0,7,2,,,,,,,25.0,13.0,,,,,95.0,,40.0,23.0,,,,,,,,,,,,,36.0,57.0,,,,,,,Football Players Stats 2025-2026
2025-26,serie_a_league,Kenan Yıldız,tr TUR,"MF,FW",Juventus,20.0,2005.0,36,33,2825,31.4,10,6,1,2,0.0,2,0,,,,,,,97.0,40.0,,,,,122.0,,14.0,7.0,,,,,,,,,,,,,23.0,56.0,,,,,,,Football Players Stats 2025-2026
2025-26,serie_a_league,Mattia Zaccagni,it ITA,FW,Lazio,30.0,1995.0,26,26,2104,23.4,3,0,0,1,0.0,6,1,,,,,,,34.0,14.0,,,,,55.0,,21.0,20.0,,,,,,,,,,,,,30.0,82.0,,,,,,,Football Players Stats 2025-2026
2025-26,serie_a_league,Gioele Zacchi,it ITA,GK,Sassuolo,22.0,2003.0,1,0,8,0.1,0,0,0,0,0.0,0,0,,,,,,,0.0,0.0,,,,,0.0,,0.0,0.0,,,,,,,,,,,,,0.0,0.0,,,0.0,0.0,0.0,0.0,Football Players Stats 2025-2026
2025-26,serie_a_league,Nicola Zalewski,pl POL,MF,Atalanta,23.0,2002.0,33,24,1897,21.1,2,4,0,0,0.0,3,0,,,,,,,38.0,7.0,,,,,124.0,,20.0,16.0,,,,,,,,,,,,,21.0,51.0,,,,,,,Football Players Stats 2025-2026
2025-26,serie_a_league,Andre-Frank Zambo Anguissa,cm CMR,MF,Napoli,29.0,1995.0,18,14,1258,14.0,4,1,0,0,0.0,1,0,,,,,,,23.0,9.0,,,,,15.0,,14.0,13.0,,,,,,,,,,,,,18.0,18.0,,,,,,,Football Players Stats 2025-2026
2025-26,serie_a_league,Nicolò Zaniolo,it ITA,"FW,MF",Udinese,26.0,1999.0,32,28,2257,25.1,5,6,0,0,0.0,8,0,,,,,,,72.0,22.0,,,,,120.0,,21.0,4.0,,,,,,,,,,,,,61.0,61.0,,,,,,,Football Players Stats 2025-2026
2025-26,serie_a_league,Alessandro Zanoli,it ITA,MF,Udinese,24.0,2000.0,19,16,1280,14.2,1,2,0,0,0.0,1,0,,,,,,,3.0,1.0,,,,,40.0,,18.0,7.0,,,,,,,,,,,,,16.0,5.0,,,,,,,Football Players Stats 2025-2026
2025-26,serie_a_league,Duván Zapata,co COL,FW,Torino,34.0,1991.0,28,11,1103,12.3,3,1,0,1,0.0,0,0,,,,,,,34.0,15.0,,,,,8.0,,2.0,1.0,,,,,,,,,,,,,15.0,24.0,,,,,,,Football Players Stats 2025-2026
2025-26,serie_a_league,Gabriele Zappa,it ITA,"DF,MF",Cagliari,25.0,1999.0,31,18,1597,17.7,0,3,0,0,0.0,2,0,,,,,,,11.0,2.0,,,,,37.0,,17.0,18.0,,,,,,,,,,,,,13.0,5.0,,,,,,,Football Players Stats 2025-2026
2025-26,serie_a_league,Davide Zappacosta,it ITA,MF,Atalanta,33.0,1992.0,35,30,2569,28.5,3,3,0,0,0.0,3,0,,,,,,,37.0,9.0,,,,,107.0,,14.0,18.0,,,,,,,,,,,,,18.0,8.0,,,,,,,Football Players Stats 2025-2026
2025-26,serie_a_league,Bryan Zaragoza,es ESP,MF,Roma,23.0,2001.0,4,2,135,1.5,0,1,0,0,0.0,1,0,,,,,,,1.0,1.0,,,,,9.0,,1.0,0.0,,,,,,,,,,,,,5.0,5.0,,,,,,,Football Players Stats 2025-2026
2025-26,serie_a_league,Oier Zarraga,es ESP,MF,Udinese,26.0,1999.0,24,2,475,5.3,0,0,0,0,0.0,2,0,,,,,,,4.0,1.0,,,,,12.0,,6.0,7.0,,,,,,,,,,,,,8.0,5.0,,,,,,,Football Players Stats 2025-2026
2025-26,serie_a_league,Nils Zätterström,se SWE,DF,Genoa,20.0,2005.0,3,2,181,2.0,0,0,0,0,0.0,0,0,,,,,,,0.0,0.0,,,,,0.0,,0.0,2.0,,,,,,,,,,,,,3.0,0.0,,,,,,,Football Players Stats 2025-2026
2025-26,serie_a_league,Jordan Zemura,zw ZIM,"MF,DF",Udinese,25.0,1999.0,17,13,1127,12.5,0,1,0,0,0.0,3,0,,,,,,,5.0,1.0,,,,,35.0,,17.0,6.0,,,,,,,,,,,,,26.0,11.0,,,,,,,Football Players Stats 2025-2026
2025-26,serie_a_league,Alessio Zerbin,it ITA,MF,Cremonese,26.0,1999.0,32,17,1646,18.3,0,3,0,0,0.0,1,0,,,,,,,21.0,7.0,,,,,58.0,,20.0,3.0,,,,,,,,,,,,,37.0,20.0,,,,,,,Football Players Stats 2025-2026
2025-26,serie_a_league,Edon Zhegrova,xk KVX,MF,Juventus,26.0,1999.0,19,0,382,4.2,0,0,0,0,0.0,1,0,,,,,,,19.0,9.0,,,,,48.0,,3.0,0.0,,,,,,,,,,,,,4.0,6.0,,,,,,,Football Players Stats 2025-2026
2025-26,serie_a_league,Piotr Zieliński,pl POL,MF,Inter,31.0,1994.0,34,22,2045,22.7,6,3,1,1,1.0,3,0,,,,,,,29.0,10.0,,,,,23.0,,19.0,7.0,,,,,,,,,,,,,18.0,18.0,,,,,,,Football Players Stats 2025-2026
2025-26,serie_a_league,Jan Ziółkowski,pl POL,DF,Roma,20.0,2005.0,18,5,517,5.7,0,0,0,0,0.0,3,0,,,,,,,2.0,0.0,,,,,0.0,,14.0,7.0,,,,,,,,,,,,,12.0,8.0,,,,,,,Football Players Stats 2025-2026
2025-26,serie_a_league,Nadir Zortea,it ITA,DF,Bologna,26.0,1999.0,32,16,1819,20.2,0,2,0,0,0.0,2,0,,,,,,,11.0,1.0,,,,,67.0,,17.0,20.0,,,,,,,,,,,,,28.0,17.0,,,,,,,Football Players Stats 2025-2026
2025-26,serie_a_league,Milan Đurić,ba BIH,FW,Cremonese,35.0,1990.0,11,3,386,4.3,0,1,0,0,0.0,1,1,,,,,,,10.0,5.0,,,,,2.0,,0.0,0.0,,,,,,,,,,,,,4.0,8.0,,,,,,,Football Players Stats 2025-2026
2025-26,serie_a_league,Milan Đurić,ba BIH,FW,Parma,35.0,1990.0,12,0,74,0.8,0,0,0,0,0.0,0,0,,,,,,,5.0,0.0,,,,,0.0,,0.0,0.0,,,,,,,,,,,,,2.0,1.0,,,,,,,Football Players Stats 2025-2026
